分组	标准名	编号	批准日期	文号	发布单位	官方链接	全文PDF	红头PDF	附件	备注
消防与人防	地质灾害危险性评估技术标准	DGJ08-2007-2016	2026-08-10	沪建标定〔2026〕343号	上海市住房和城乡建设管理委员会	https://www.shanghai.gov.cn/zhengce/detail?businessId=b9bd3426b3d24417b01d85c1fef2be11&siteId=0011	https://zjw.sh.gov.cn/shsd/userfiles/2007地质灾害危险性评估技术规程20160620144631.pdf	https://www.shanghai.gov.cn/gwk/resource/file?pathname=2/0011/b6/b6a72c673b364238ba3d3b2223d255ed/b80791aa8c389e36eb5f8dc5f0058ce6.pdf&filename=%E4%B8%8A%E6%B5%B7%E5%B8%82%E4%BD%8F%E6%88%BF%E5%92%8C%E5%9F%8E%E4%B9%A1%E5%BB%BA%E8%AE%BE%E7%AE%A1%E7%90%86%E5%A7%94%E5%91%98%E4%BC%9A%E5%85%B3%E4%BA%8E%E6%89%B9%E5%87%86%E3%80%8A%E5%9C%B0%E8%B4%A8%E7%81%BE%E5%AE%B3%E5%8D%B1%E9%99%A9%E6%80%A7%E8%AF%84%E4%BC%B0%E6%8A%80%E6%9C%AF%E6%A0%87%E5%87%86%E3%80%8B%E4%B8%BA%E4%B8%8A%E6%B5%B7%E5%B8%82%E5%B7%A5%E7%A8%8B%E5%BB%BA%E8%AE%BE%E8%A7%84%E8%8C%83%E7%9A%84%E9%80%9A%E7%9F%A5.pdf		现行标准栏目已收录/实施 2016-06-01
结构与抗震	桥梁结构监测系统技术标准	DG/TJ08-2194-2016	2026-08-06	沪建标定〔2026〕283 号	上海市住房和城乡建设管理委员会	https://zjw.sh.gov.cn/jsgl/20260806/7667667e741343a4b43684d9be964dac.html	https://zjw.sh.gov.cn/cmsres/67/674460c42d01429ca8c06b30cd1331f7/2b61c8f526e6c2510d9c5fecb2095e76.pdf		https://zjw.sh.gov.cn/cmsres/7f/7f8ca455380c4133818d05c229db8e25/b80791aa8c389e36eb5f8dc5f0058ce6.pdf	现行标准栏目已收录/实施 2016-12-01
结构与抗震	道路隧道结构健康监测技术标准		2026-08-06	沪建标定〔2026〕280 号	上海市住房和城乡建设管理委员会	https://zjw.sh.gov.cn/jsgl/20260806/d214cc9661e5415d8e3b34d7f62ab616.html			https://zjw.sh.gov.cn/cmsres/b7/b74c448f7e1e4104b70476a1f9a48fba/b80791aa8c389e36eb5f8dc5f0058ce6.pdf	新批准，现行标准栏目未收录
设备与智能化	建筑信息模型技术应用标准(港口航道工程)		2026-08-06	沪建标定〔2026〕244 号	上海市住房和城乡建设管理委员会	https://zjw.sh.gov.cn/jsgl/20260806/3b3694d5399641e694d85d433716ec56.html			https://zjw.sh.gov.cn/cmsres/dc/dc1ea17e4e174d629b43e3c1c0e82e53/b80791aa8c389e36eb5f8dc5f0058ce6.pdf	新批准，现行标准栏目未收录
轨道交通与地下工程	城市轨道交通地下车站与周边连通工程设计标准		2026-08-06	沪建标定〔2026〕282 号	上海市住房和城乡建设管理委员会	https://zjw.sh.gov.cn/jsgl/20260806/bfd5c3eb9cd043e1937edc481fe66692.html			https://zjw.sh.gov.cn/cmsres/21/21367945bec7405390c260a94ccd1de8/b80791aa8c389e36eb5f8dc5f0058ce6.pdf	新批准，现行标准栏目未收录
轨道交通与地下工程	城市轨道交通无障碍设施建设技术标准		2026-08-06	沪建标定〔2026〕281 号	上海市住房和城乡建设管理委员会	https://zjw.sh.gov.cn/jsgl/20260806/1c78ad2705f94112bbae5a5baffce442.html			https://zjw.sh.gov.cn/cmsres/e4/e449a2a061d64fa1bac9f1dd15303bfb/b80791aa8c389e36eb5f8dc5f0058ce6.pdf	新批准，现行标准栏目未收录
设备与智能化	城镇排水泵站设计标准	DGJ08-22-2018	2026-08-05	沪建标定〔2026〕330号	上海市住房和城乡建设管理委员会	https://www.shanghai.gov.cn/zhengce/detail?businessId=bb6f254d99284cf99de00071c33826c7&siteId=0011	https://zjw.sh.gov.cn/cmsres/67/6720573f7e764cd5b1171a810d9eff9a/99536544e0f15e5fbb8c6920c4988f21.pdf	https://www.shanghai.gov.cn/gwk/resource/file?pathname=2/0011/cb/cb6acea04cd443b19f74818cf3aa02a1/b80791aa8c389e36eb5f8dc5f0058ce6.pdf&filename=%E4%B8%8A%E6%B5%B7%E5%B8%82%E4%BD%8F%E6%88%BF%E5%92%8C%E5%9F%8E%E4%B9%A1%E5%BB%BA%E8%AE%BE%E7%AE%A1%E7%90%86%E5%A7%94%E5%91%98%E4%BC%9A%E5%85%B3%E4%BA%8E%E6%89%B9%E5%87%86%E3%80%8A%E5%9F%8E%E9%95%87%E6%8E%92%E6%B0%B4%E6%B3%B5%E7%AB%99%E8%AE%BE%E8%AE%A1%E6%A0%87%E5%87%86%E3%80%8B%E4%B8%BA%E4%B8%8A%E6%B5%B7%E5%B8%82%E5%B7%A5%E7%A8%8B%E5%BB%BA%E8%AE%BE%E8%A7%84%E8%8C%83%E7%9A%84%E9%80%9A%E7%9F%A5.pdf		现行标准栏目已收录/实施 2019-8-1
装配式与外围护	装配式外挂墙板应用技术标准		2026-07-01	沪建标定〔2026〕294号	上海市住房和城乡建设管理委员会	https://www.shanghai.gov.cn/zhengce/detail?businessId=8d4bff46a30d4de280e319f8332cc898&siteId=0011		https://www.shanghai.gov.cn/gwk/resource/file?pathname=2/0011/f1/f1c5ff57b34645b69d99b319f0ce1c9e/b80791aa8c389e36eb5f8dc5f0058ce6.pdf&filename=%E4%B8%8A%E6%B5%B7%E5%B8%82%E4%BD%8F%E6%88%BF%E5%92%8C%E5%9F%8E%E4%B9%A1%E5%BB%BA%E8%AE%BE%E7%AE%A1%E7%90%86%E5%A7%94%E5%91%98%E4%BC%9A%E5%85%B3%E4%BA%8E%E6%89%B9%E5%87%86%E3%80%8A%E8%A3%85%E9%85%8D%E5%BC%8F%E5%A4%96%E6%8C%82%E5%A2%99%E6%9D%BF%E5%BA%94%E7%94%A8%E6%8A%80%E6%9C%AF%E6%A0%87%E5%87%86%E3%80%8B%E4%B8%BA%E4%B8%8A%E6%B5%B7%E5%B8%82%E5%B7%A5%E7%A8%8B%E5%BB%BA%E8%AE%BE%E8%A7%84%E8%8C%83%E7%9A%84%E9%80%9A%E7%9F%A5.pdf		新批准，现行标准栏目未收录
轨道交通与地下工程	城市轨道交通工程车辆选型技术标准	DGJ08-106-2015	2026-06-08	沪建标定〔2026〕128 号	上海市住房和城乡建设管理委员会	https://zjw.sh.gov.cn/jsgl/20260608/3e0a32a9878a446b88ad0b10c5af2637.html	https://zjw.sh.gov.cn/shsd/userfiles/106城市轨道交通工程车辆选型技术规范20151228161323.pdf		https://zjw.sh.gov.cn/cmsres/4c/4cab7fe8d38b47d687c7578d19b9e230/b80791aa8c389e36eb5f8dc5f0058ce6.pdf	现行标准栏目已收录/实施 2015-12-01
改造与历史建筑	房屋修缮工程施工质量验收标准		2026-04-14	沪建标定〔2026〕148号	上海市住房和城乡建设管理委员会	https://www.shanghai.gov.cn/zhengce/detail?businessId=4b8d3f626249441b9d040e08a0ca729d&siteId=0011		https://www.shanghai.gov.cn/gwk/resource/file?pathname=2/0011/1b/1bce437126bd460fb56356929441d0ba/b80791aa8c389e36eb5f8dc5f0058ce6.pdf&filename=%E4%B8%8A%E6%B5%B7%E5%B8%82%E4%BD%8F%E6%88%BF%E5%92%8C%E5%9F%8E%E4%B9%A1%E5%BB%BA%E8%AE%BE%E7%AE%A1%E7%90%86%E5%A7%94%E5%91%98%E4%BC%9A%E5%85%B3%E4%BA%8E%E6%89%B9%E5%87%86%E3%80%8A%E6%88%BF%E5%B1%8B%E4%BF%AE%E7%BC%AE%E5%B7%A5%E7%A8%8B%E6%96%BD%E5%B7%A5%E8%B4%A8%E9%87%8F%E9%AA%8C%E6%94%B6%E6%A0%87%E5%87%86%E3%80%8B%E4%B8%BA%E4%B8%8A%E6%B5%B7%E5%B8%82%E5%B7%A5%E7%A8%8B%E5%BB%BA%E8%AE%BE%E8%A7%84%E8%8C%83%E7%9A%84%E9%80%9A%E7%9F%A5.pdf		新批准，现行标准栏目未收录
结构与抗震	城市轨道交通结构监护测量标准	DG/TJ08-2170-2015	2026-04-13	沪建标定〔2026〕139号	上海市住房和城乡建设管理委员会	https://www.shanghai.gov.cn/zhengce/detail?businessId=219abd40fd70448bbb4fe12132235d07&siteId=0011	https://zjw.sh.gov.cn/shsd/userfiles/城市轨道交通结构监护测量规范20160217095330.pdf	https://www.shanghai.gov.cn/gwk/resource/file?pathname=2/0011/20/200e0436d8b44ef6b46d6fe5d364d924/b80791aa8c389e36eb5f8dc5f0058ce6.pdf&filename=%E4%B8%8A%E6%B5%B7%E5%B8%82%E4%BD%8F%E6%88%BF%E5%92%8C%E5%9F%8E%E4%B9%A1%E5%BB%BA%E8%AE%BE%E7%AE%A1%E7%90%86%E5%A7%94%E5%91%98%E4%BC%9A%E5%85%B3%E4%BA%8E%E6%89%B9%E5%87%86%E3%80%8A%E5%9F%8E%E5%B8%82%E8%BD%A8%E9%81%93%E4%BA%A4%E9%80%9A%E7%BB%93%E6%9E%84%E7%9B%91%E6%8A%A4%E6%B5%8B%E9%87%8F%E6%A0%87%E5%87%86%E3%80%8B%E4%B8%BA%E4%B8%8A%E6%B5%B7%E5%B8%82%E5%B7%A5%E7%A8%8B%E5%BB%BA%E8%AE%BE%E8%A7%84%E8%8C%83%E7%9A%84%E9%80%9A%E7%9F%A5.pdf		现行标准栏目已收录/实施 2015-11-01
绿色建筑与节能	民用建筑可再生能源综合利用核算标准	DG/TJ08-2329-2020	2026-04-13	沪建标定〔2026〕138号	上海市住房和城乡建设管理委员会	https://www.shanghai.gov.cn/zhengce/detail?businessId=ce853583a4a2456b9a8f12b261b282d5&siteId=0011	https://zjw.sh.gov.cn/cmsres/02/025d43da7b76476d8f166e1cc7af49be/418d6536fcef9ed31242b3e70262b325.pdf	https://www.shanghai.gov.cn/gwk/resource/file?pathname=2/0011/da/da559b1e9cf64badb087e145a6aa31f5/b80791aa8c389e36eb5f8dc5f0058ce6.pdf&filename=%E4%B8%8A%E6%B5%B7%E5%B8%82%E4%BD%8F%E6%88%BF%E5%92%8C%E5%9F%8E%E4%B9%A1%E5%BB%BA%E8%AE%BE%E7%AE%A1%E7%90%86%E5%A7%94%E5%91%98%E4%BC%9A%E5%85%B3%E4%BA%8E%E6%89%B9%E5%87%86%E3%80%8A%E6%B0%91%E7%94%A8%E5%BB%BA%E7%AD%91%E5%8F%AF%E5%86%8D%E7%94%9F%E8%83%BD%E6%BA%90%E7%BB%BC%E5%90%88%E5%88%A9%E7%94%A8%E6%A0%B8%E7%AE%97%E6%A0%87%E5%87%86%E3%80%8B%E4%B8%BA%E4%B8%8A%E6%B5%B7%E5%B8%82%E5%B7%A5%E7%A8%8B%E5%BB%BA%E8%AE%BE%E8%A7%84%E8%8C%83%E7%9A%84%E9%80%9A%E7%9F%A5.pdf		现行标准栏目已收录/实施 2021-03-01
设备与智能化	城镇排水管道设计标准		2026-04-13	沪建标定〔2026〕140号	上海市住房和城乡建设管理委员会	https://www.shanghai.gov.cn/zhengce/detail?businessId=51337c9d8b0148f1ae994edafdf084ab&siteId=0011		https://www.shanghai.gov.cn/gwk/resource/file?pathname=2/0011/92/92e97c9c76ab404ba9e64bee2486d636/b80791aa8c389e36eb5f8dc5f0058ce6.pdf&filename=%E4%B8%8A%E6%B5%B7%E5%B8%82%E4%BD%8F%E6%88%BF%E5%92%8C%E5%9F%8E%E4%B9%A1%E5%BB%BA%E8%AE%BE%E7%AE%A1%E7%90%86%E5%A7%94%E5%91%98%E4%BC%9A%E5%85%B3%E4%BA%8E%E6%89%B9%E5%87%86%E3%80%8A%E5%9F%8E%E9%95%87%E6%8E%92%E6%B0%B4%E7%AE%A1%E9%81%93%E8%AE%BE%E8%AE%A1%E6%A0%87%E5%87%86%E3%80%8B%E4%B8%BA%E4%B8%8A%E6%B5%B7%E5%B8%82%E5%B7%A5%E7%A8%8B%E5%BB%BA%E8%AE%BE%E8%A7%84%E8%8C%83%E7%9A%84%E9%80%9A%E7%9F%A5.pdf		新批准，现行标准栏目未收录
勘察与测绘	工程物探技术标准	DG/TJ08-2271-2018	2026-04-02	沪建标定〔2026〕124号	上海市住房和城乡建设管理委员会	https://www.shanghai.gov.cn/zhengce/detail?businessId=e8aa16c92814422bb798a21c4495b5d1&siteId=0011	https://zjw.sh.gov.cn/cmsres/f9/f9583025d17a4370b75c8be3fbdf5f3d/c3be844a9eb49a065906efd7e79d698c.pdf	https://www.shanghai.gov.cn/gwk/resource/file?pathname=2/0011/8f/8f3779b2096645518dca6c9563939fed/b80791aa8c389e36eb5f8dc5f0058ce6.pdf&filename=%E4%B8%8A%E6%B5%B7%E5%B8%82%E4%BD%8F%E6%88%BF%E5%92%8C%E5%9F%8E%E4%B9%A1%E5%BB%BA%E8%AE%BE%E7%AE%A1%E7%90%86%E5%A7%94%E5%91%98%E4%BC%9A%E5%85%B3%E4%BA%8E%E6%89%B9%E5%87%86%E3%80%8A%E5%B7%A5%E7%A8%8B%E7%89%A9%E6%8E%A2%E6%8A%80%E6%9C%AF%E6%A0%87%E5%87%86%E3%80%8B%E4%B8%BA%E4%B8%8A%E6%B5%B7%E5%B8%82%E5%B7%A5%E7%A8%8B%E5%BB%BA%E8%AE%BE%E8%A7%84%E8%8C%83%E7%9A%84%E9%80%9A%E7%9F%A5.pdf		现行标准栏目已收录/实施 2018-12-01
轨道交通与地下工程	地下空间一体化设计标准		2026-04-02	沪建标定〔2026〕127号	上海市住房和城乡建设管理委员会	https://www.shanghai.gov.cn/zhengce/detail?businessId=862d772bfc46428db93c8202b54ea601&siteId=0011		https://www.shanghai.gov.cn/gwk/resource/file?pathname=2/0011/39/396ec3adf52548afbcbed8de7a40e770/b80791aa8c389e36eb5f8dc5f0058ce6.pdf&filename=%E4%B8%8A%E6%B5%B7%E5%B8%82%E4%BD%8F%E6%88%BF%E5%92%8C%E5%9F%8E%E4%B9%A1%E5%BB%BA%E8%AE%BE%E7%AE%A1%E7%90%86%E5%A7%94%E5%91%98%E4%BC%9A%E5%85%B3%E4%BA%8E%E6%89%B9%E5%87%86%E3%80%8A%E5%9C%B0%E4%B8%8B%E7%A9%BA%E9%97%B4%E4%B8%80%E4%BD%93%E5%8C%96%E8%AE%BE%E8%AE%A1%E6%A0%87%E5%87%86%E3%80%8B%E4%B8%BA%E4%B8%8A%E6%B5%B7%E5%B8%82%E5%B7%A5%E7%A8%8B%E5%BB%BA%E8%AE%BE%E8%A7%84%E8%8C%83%E7%9A%84%E9%80%9A%E7%9F%A5.pdf		新批准，现行标准栏目未收录
轨道交通与地下工程	城市综合管廊维护技术标准	DG/TJ08-2168-2015	2026-04-02	沪建标定〔2026〕126号	上海市住房和城乡建设管理委员会	https://www.shanghai.gov.cn/zhengce/detail?businessId=b8a37e4ab5ca4a20912cb2b068f98acd&siteId=0011	https://zjw.sh.gov.cn/shsd/userfiles/14城市综合管廊维护技术规程20151028141202.pdf	https://www.shanghai.gov.cn/gwk/resource/file?pathname=2/0011/e2/e278606e71e441b78e5c7b89c764c24e/b80791aa8c389e36eb5f8dc5f0058ce6.pdf&filename=%E4%B8%8A%E6%B5%B7%E5%B8%82%E4%BD%8F%E6%88%BF%E5%92%8C%E5%9F%8E%E4%B9%A1%E5%BB%BA%E8%AE%BE%E7%AE%A1%E7%90%86%E5%A7%94%E5%91%98%E4%BC%9A%E5%85%B3%E4%BA%8E%E6%89%B9%E5%87%86%E3%80%8A%E5%9F%8E%E5%B8%82%E7%BB%BC%E5%90%88%E7%AE%A1%E5%BB%8A%E7%BB%B4%E6%8A%A4%E6%8A%80%E6%9C%AF%E6%A0%87%E5%87%86%E3%80%8B%E4%B8%BA%E4%B8%8A%E6%B5%B7%E5%B8%82%E5%B7%A5%E7%A8%8B%E5%BB%BA%E8%AE%BE%E8%A7%84%E8%8C%83%E7%9A%84%E9%80%9A%E7%9F%A5.pdf		现行标准栏目已收录/实施 2015-10-01
轨道交通与地下工程	地下连续墙施工标准	DG/TJ08-2073-2016	2026-04-02	沪建标定〔2026〕125号	上海市住房和城乡建设管理委员会	https://www.shanghai.gov.cn/zhengce/detail?businessId=84c8013b19f64b68ad0de6c4bd82da85&siteId=0011	https://zjw.sh.gov.cn/cmsres/8f/8f8db447e0874e6b81875a5d5a6a15ef/33b08f06f827ca6b92f7ed79571d0573.pdf	https://www.shanghai.gov.cn/gwk/resource/file?pathname=2/0011/d1/d12cf6c7f4184455a581fd66e7227445/b80791aa8c389e36eb5f8dc5f0058ce6.pdf&filename=%E4%B8%8A%E6%B5%B7%E5%B8%82%E4%BD%8F%E6%88%BF%E5%92%8C%E5%9F%8E%E4%B9%A1%E5%BB%BA%E8%AE%BE%E7%AE%A1%E7%90%86%E5%A7%94%E5%91%98%E4%BC%9A%E5%85%B3%E4%BA%8E%E6%89%B9%E5%87%86%E3%80%8A%E5%9C%B0%E4%B8%8B%E8%BF%9E%E7%BB%AD%E5%A2%99%E6%96%BD%E5%B7%A5%E6%A0%87%E5%87%86%E3%80%8B%E4%B8%BA%E4%B8%8A%E6%B5%B7%E5%B8%82%E5%B7%A5%E7%A8%8B%E5%BB%BA%E8%AE%BE%E8%A7%84%E8%8C%83%E7%9A%84%E9%80%9A%E7%9F%A5.pdf		现行标准栏目已收录/实施 2017-04-01
装配式与外围护	上海市钢结构模块化建筑技术导则		2026-03-20	沪建建材〔2026〕99 号	上海市住房和城乡建设管理委员会	https://zjw.sh.gov.cn/jsgl/20260320/a49ed43be8d04fdf84b47c09167ddbd0.html			https://zjw.sh.gov.cn/cmsres/0d/0d64a539ed114c45933bd889b13e2931/37d033ac302f59a84d8aaa83606a1abe.docx	新批准，现行标准栏目未收录
装配式与外围护	上海市混凝土模块化建筑技术导则		2026-03-20	沪建建材〔2026〕99 号	上海市住房和城乡建设管理委员会	https://zjw.sh.gov.cn/jsgl/20260320/a49ed43be8d04fdf84b47c09167ddbd0.html			https://zjw.sh.gov.cn/cmsres/0d/0d64a539ed114c45933bd889b13e2931/37d033ac302f59a84d8aaa83606a1abe.docx	新批准，现行标准栏目未收录
装配式与外围护	上海市钢结构模块化建筑技术导则		2026-03-17	沪建建材〔2026〕99号	上海市住房和城乡建设管理委员会	https://www.shanghai.gov.cn/zhengce/detail?businessId=d8e6dcd374d74cefaac83c3b669980d9&siteId=0011		https://www.shanghai.gov.cn/gwk/resource/file?pathname=2/0011/12/12df951be4ed4d0d922dd378bd141a5d/b80791aa8c389e36eb5f8dc5f0058ce6.pdf&filename=%E4%B8%8A%E6%B5%B7%E5%B8%82%E4%BD%8F%E6%88%BF%E5%92%8C%E5%9F%8E%E4%B9%A1%E5%BB%BA%E8%AE%BE%E7%AE%A1%E7%90%86%E5%A7%94%E5%91%98%E4%BC%9A%E5%85%B3%E4%BA%8E%E5%8F%91%E5%B8%83%E3%80%8A%E4%B8%8A%E6%B5%B7%E5%B8%82%E9%92%A2%E7%BB%93%E6%9E%84%E6%A8%A1%E5%9D%97%E5%8C%96%E5%BB%BA%E7%AD%91%E6%8A%80%E6%9C%AF%E5%AF%BC%E5%88%99%E3%80%8B%EF%BC%88%E8%AF%95%E8%A1%8C%EF%BC%89%E3%80%81%E3%80%8A%E4%B8%8A%E6%B5%B7%E5%B8%82%E6%B7%B7%E5%87%9D%E5%9C%9F%E6%A8%A1%E5%9D%97%E5%8C%96%E5%BB%BA%E7%AD%91%E6%8A%80%E6%9C%AF%E5%AF%BC%E5%88%99%E3%80%8B%EF%BC%88%E8%AF%95%E8%A1%8C%EF%BC%89%E7%9A%84%E9%80%9A%E7%9F%A5.pdf	https://www.shanghai.gov.cn/cmsres/policy_resources/d8e6dcd374d74cefaac83c3b669980d9/3ab371c46e154d3ba03f2ae14b6df2a5/上海市《钢结构模块化建筑技术导则》（试行）.docx	新批准，现行标准栏目未收录
装配式与外围护	上海市混凝土模块化建筑技术导则		2026-03-17	沪建建材〔2026〕99号	上海市住房和城乡建设管理委员会	https://www.shanghai.gov.cn/zhengce/detail?businessId=d8e6dcd374d74cefaac83c3b669980d9&siteId=0011		https://www.shanghai.gov.cn/gwk/resource/file?pathname=2/0011/12/12df951be4ed4d0d922dd378bd141a5d/b80791aa8c389e36eb5f8dc5f0058ce6.pdf&filename=%E4%B8%8A%E6%B5%B7%E5%B8%82%E4%BD%8F%E6%88%BF%E5%92%8C%E5%9F%8E%E4%B9%A1%E5%BB%BA%E8%AE%BE%E7%AE%A1%E7%90%86%E5%A7%94%E5%91%98%E4%BC%9A%E5%85%B3%E4%BA%8E%E5%8F%91%E5%B8%83%E3%80%8A%E4%B8%8A%E6%B5%B7%E5%B8%82%E9%92%A2%E7%BB%93%E6%9E%84%E6%A8%A1%E5%9D%97%E5%8C%96%E5%BB%BA%E7%AD%91%E6%8A%80%E6%9C%AF%E5%AF%BC%E5%88%99%E3%80%8B%EF%BC%88%E8%AF%95%E8%A1%8C%EF%BC%89%E3%80%81%E3%80%8A%E4%B8%8A%E6%B5%B7%E5%B8%82%E6%B7%B7%E5%87%9D%E5%9C%9F%E6%A8%A1%E5%9D%97%E5%8C%96%E5%BB%BA%E7%AD%91%E6%8A%80%E6%9C%AF%E5%AF%BC%E5%88%99%E3%80%8B%EF%BC%88%E8%AF%95%E8%A1%8C%EF%BC%89%E7%9A%84%E9%80%9A%E7%9F%A5.pdf	https://www.shanghai.gov.cn/cmsres/policy_resources/d8e6dcd374d74cefaac83c3b669980d9/3ab371c46e154d3ba03f2ae14b6df2a5/上海市《钢结构模块化建筑技术导则》（试行）.docx	新批准，现行标准栏目未收录
勘察与测绘	岩土工程监测数字化技术标准		2026-03-02	沪建标定〔2026〕46 号	上海市住房和城乡建设管理委员会	https://zjw.sh.gov.cn/jsgl/20260302/c20415682f7a4ae884d1204239e35a7a.html			https://zjw.sh.gov.cn/cmsres/23/23f98732f54e4d9cbe19543cbc47f589/b80791aa8c389e36eb5f8dc5f0058ce6.pdf	新批准，现行标准栏目未收录
市政与道路	桥梁改扩建技术标准		2026-03-02	沪建标定〔2026〕47 号	上海市住房和城乡建设管理委员会	https://zjw.sh.gov.cn/jsgl/20260302/7f255f5093e142e397954f87828180ab.html			https://zjw.sh.gov.cn/cmsres/4a/4a99c3a925044e22ae6f30c965f30ca5/b80791aa8c389e36eb5f8dc5f0058ce6.pdf	新批准，现行标准栏目未收录
市政与道路	高速公路改扩建设计标准		2026-03-02	沪建标定〔2026〕33 号	上海市住房和城乡建设管理委员会	https://zjw.sh.gov.cn/jsgl/20260302/d0962bb3554a4958aed07254eec30fa4.html			https://zjw.sh.gov.cn/cmsres/61/616706dc330b4650b5b7be404919a261/b80791aa8c389e36eb5f8dc5f0058ce6.pdf	新批准，现行标准栏目未收录
市政与道路	建设项目交通影响评价技术标准	DG/TJ08-2165-2015	2026-03-02	沪建标定〔2026〕25 号	上海市住房和城乡建设管理委员会	https://zjw.sh.gov.cn/jsgl/20260302/2a32ed799c8c43018d1684afaffcf567.html	https://zjw.sh.gov.cn/shsd/userfiles/4建设项目交通影响评价技术标准20151028140117.pdf		https://zjw.sh.gov.cn/cmsres/f0/f0f22c4dcfeb4e7d8d5cdc946f737d0d/b80791aa8c389e36eb5f8dc5f0058ce6.pdf	现行标准栏目已收录/实施 2015-09-01
市政与道路	上海市综合杆搭载无轨电车设施设置导则（试行）		2026-03-02	沪建设施联〔2025〕527 号	上海市住房和城乡建设管理委员会	https://zjw.sh.gov.cn/jsgl/20260302/0c35997dfdaf4cba91e44b1982620955.html			https://zjw.sh.gov.cn/cmsres/f9/f91a4202af80476f92d5d9c4bd76cfc7/66ed7912afe02423bd58de5ce3012c66.pdf	新批准，现行标准栏目未收录
建筑与住区	建筑装饰装修工程施工标准	DGJ08-2135-2013	2026-03-02	沪建标定〔2025〕637 号	上海市住房和城乡建设管理委员会	https://zjw.sh.gov.cn/jsgl/20260302/d0339b1539ea42bda4f488d94e2b73cc.html	https://zjw.sh.gov.cn/shsd/userfiles/347建筑装饰装修工程施工规程.pdf		https://zjw.sh.gov.cn/cmsres/b2/b240ff00eb11478588a392bcd8367314/b80791aa8c389e36eb5f8dc5f0058ce6.pdf	现行标准栏目已收录/实施 2014-05-01
改造与历史建筑	既有建筑实景三维建模技术标准		2026-03-02	沪建标定〔2026〕27 号	上海市住房和城乡建设管理委员会	https://zjw.sh.gov.cn/jsgl/20260302/ce72b898d7b8478998ca5d6e121da496.html			https://zjw.sh.gov.cn/cmsres/a8/a8eb87b54c7b4971a1ee618b12e089d9/b80791aa8c389e36eb5f8dc5f0058ce6.pdf	新批准，现行标准栏目未收录
消防与人防	人防防护设备安装质量技术标准		2026-03-02	沪建标定〔2026〕6 号	上海市住房和城乡建设管理委员会	https://zjw.sh.gov.cn/jsgl/20260302/76bbfe9bf8dd4214b9182d3dbdd48a50.html			https://zjw.sh.gov.cn/cmsres/a6/a6d556daaa024c21a1c270b8106f612d/b80791aa8c389e36eb5f8dc5f0058ce6.pdf	新批准，现行标准栏目未收录
结构与抗震	基坑工程轴力主动调控式支撑技术标准		2026-03-02	沪建标定〔2026〕26 号	上海市住房和城乡建设管理委员会	https://zjw.sh.gov.cn/jsgl/20260302/c92d7f53a9d747169fbb2b3efe560666.html			https://zjw.sh.gov.cn/cmsres/95/9572355d08b640e3a7eabfb6e313f1a6/b80791aa8c389e36eb5f8dc5f0058ce6.pdf	新批准，现行标准栏目未收录
绿色建筑与节能	上海市建筑光储直柔系统技术导则		2026-03-02	沪建建材〔2026〕5 号	上海市住房和城乡建设管理委员会	https://zjw.sh.gov.cn/jsgl/20260302/c22e3004ee934a35813c9b5c62bd05d2.html			https://zjw.sh.gov.cn/cmsres/6e/6ed262ebc52049709a0bfd723d127b60/b296bb576728fafce711ec7d8cae333c.docx	新批准，现行标准栏目未收录
绿色建筑与节能	绿色建筑检测技术标准	DG/TJ08-2199-2016	2026-03-02	沪建标定〔2026〕528 号	上海市住房和城乡建设管理委员会	https://zjw.sh.gov.cn/jsgl/20260302/c7f9c0d48d7a488194841655305861b3.html	https://zjw.sh.gov.cn/shsd/userfiles/2199绿色建筑检测技术标准20161206142208.pdf		https://zjw.sh.gov.cn/cmsres/d5/d5a091bbfaaa4c09a6680af0549e4b70/b80791aa8c389e36eb5f8dc5f0058ce6.pdf	现行标准栏目已收录/实施 2016-10-01
装配式与外围护	预应力装配式混凝土框架结构技术标准		2026-03-02	沪建标定〔2026〕48 号	上海市住房和城乡建设管理委员会	https://zjw.sh.gov.cn/jsgl/20260302/7561149ba4124b5d9774749ef48472f4.html			https://zjw.sh.gov.cn/cmsres/c5/c5debb925c564668aafc2d7d23fa3b81/b80791aa8c389e36eb5f8dc5f0058ce6.pdf	新批准，现行标准栏目未收录
设备与智能化	燃气分布式供能系统工程技术标准	DG/TJ08-115-2016	2026-03-02	沪建标定〔2025〕628 号	上海市住房和城乡建设管理委员会	https://zjw.sh.gov.cn/jsgl/20260302/8fc0f5dda0a84aba82eca687d7366037.html			https://zjw.sh.gov.cn/cmsres/42/423efbc2f6de44468fd833f26e95c028/b80791aa8c389e36eb5f8dc5f0058ce6.pdf	现行标准栏目已收录/实施 2016-07-01
轨道交通与地下工程	综合管廊工程技术标准	DGJ08-2017-2014	2026-03-02	沪建标定〔2026〕49 号	上海市住房和城乡建设管理委员会	https://zjw.sh.gov.cn/jsgl/20260302/14fa3f8c083d45c59c79c71a83c7c9d9.html	https://zjw.sh.gov.cn/shsd/userfiles/373综合管廊工程技术规范.pdf		https://zjw.sh.gov.cn/cmsres/c0/c01995d1c1ef4926b37a403c0460d5b4/b80791aa8c389e36eb5f8dc5f0058ce6.pdf	现行标准栏目已收录/实施 2015-02-01
轨道交通与地下工程	城市地下综合体设计标准		2026-03-02	沪建标定〔2025〕636 号	上海市住房和城乡建设管理委员会	https://zjw.sh.gov.cn/jsgl/20260302/c3f6d3a60d194810bf9106c58c51e028.html			https://zjw.sh.gov.cn/cmsres/55/558c4d0ffb65440aae6908639a0c065c/e04dd2dfd4171c1d4d6ce631f63bdf9b.pdf	新批准，现行标准栏目未收录
规划与不动产	上海市不动产登记技术规定		2026-02-14	沪规划资源规〔2026〕1号	上海市规划和自然资源局	https://www.shanghai.gov.cn/zhengce/detail?businessId=db31db6e49e0416583d048531bfa5c8e&siteId=0032		https://www.shanghai.gov.cn/gwk/resource/file?pathname=2/0032/89/89d5eace8d7b4da49237d97fa90fbb91/6b271ed426dd1619760a8412288eaca6.pdf&filename=%E5%85%B3%E4%BA%8E%E5%8D%B0%E5%8F%91%E3%80%8A%E4%B8%8A%E6%B5%B7%E5%B8%82%E4%B8%8D%E5%8A%A8%E4%BA%A7%E7%99%BB%E8%AE%B0%E6%8A%80%E6%9C%AF%E8%A7%84%E5%AE%9A%E3%80%8B%E7%9A%84%E9%80%9A%E7%9F%A5.pdf	https://www.shanghai.gov.cn/gwk/resource/file?pathname=2/0032/26/2612779d7807474e863cebb9b8a8360f/86a4b2e6247b58a2ee94c1bda35f9723.pdf&filename=%E9%99%84%E4%BB%B6%EF%BC%9A%E4%B8%8A%E6%B5%B7%E5%B8%82%E4%B8%8D%E5%8A%A8%E4%BA%A7%E7%99%BB%E8%AE%B0%E6%8A%80%E6%9C%AF%E8%A7%84%E5%AE%9A%EF%BC%882026%E7%89%88%EF%BC%89.pdf	新批准，现行标准栏目未收录
绿色建筑与节能	绿色建筑检测技术标准	DG/TJ08-2199-2016	2025-12-23	沪建标定〔2025〕528 号	上海市住房和城乡建设管理委员会	https://zjw.sh.gov.cn/jsgl/20251223/bd90238f327e43f9b94fd603f834f045.html	https://zjw.sh.gov.cn/shsd/userfiles/2199绿色建筑检测技术标准20161206142208.pdf		https://zjw.sh.gov.cn/cmsres/4a/4add44fd168540b58375197a47e4f6a7/b80791aa8c389e36eb5f8dc5f0058ce6.pdf	现行标准栏目已收录/实施 2016-10-01
装配式与外围护	装配式混凝土居住建筑设计标准		2025-12-12	沪建标定〔2025〕613号	上海市住房和城乡建设管理委员会	https://www.shanghai.gov.cn/zhengce/detail?businessId=2bddab68d3ef4d8ea8eb37b9aab40950&siteId=0011		https://www.shanghai.gov.cn/gwk/resource/file?pathname=2/0011/10/109080e1d49046f4afcb26915fa1f101/b80791aa8c389e36eb5f8dc5f0058ce6.pdf&filename=%E4%B8%8A%E6%B5%B7%E5%B8%82%E4%BD%8F%E6%88%BF%E5%92%8C%E5%9F%8E%E4%B9%A1%E5%BB%BA%E8%AE%BE%E7%AE%A1%E7%90%86%E5%A7%94%E5%91%98%E4%BC%9A%E5%85%B3%E4%BA%8E%E6%89%B9%E5%87%86%E3%80%8A%E8%A3%85%E9%85%8D%E5%BC%8F%E6%B7%B7%E5%87%9D%E5%9C%9F%E5%B1%85%E4%BD%8F%E5%BB%BA%E7%AD%91%E8%AE%BE%E8%AE%A1%E6%A0%87%E5%87%86%E3%80%8B%E4%B8%BA%E4%B8%8A%E6%B5%B7%E5%B8%82%E5%B7%A5%E7%A8%8B%E5%BB%BA%E8%AE%BE%E8%A7%84%E8%8C%83%E7%9A%84%E9%80%9A%E7%9F%A5.pdf		新批准，现行标准栏目未收录
设备与智能化	城市轨道交通通信传输系统技术标准		2025-11-14	沪建标定〔2025〕567号	上海市住房和城乡建设管理委员会	https://www.shanghai.gov.cn/zhengce/detail?businessId=379c65d02a4645b39dec93e517e4376c&siteId=0011		https://www.shanghai.gov.cn/gwk/resource/file?pathname=2/0011/62/62847b2b57ce4c31b1f18c5b230794d8/b80791aa8c389e36eb5f8dc5f0058ce6.pdf&filename=%E4%B8%8A%E6%B5%B7%E5%B8%82%E4%BD%8F%E6%88%BF%E5%92%8C%E5%9F%8E%E4%B9%A1%E5%BB%BA%E8%AE%BE%E7%AE%A1%E7%90%86%E5%A7%94%E5%91%98%E4%BC%9A%E5%85%B3%E4%BA%8E%E6%89%B9%E5%87%86%E3%80%8A%E5%9F%8E%E5%B8%82%E8%BD%A8%E9%81%93%E4%BA%A4%E9%80%9A%E9%80%9A%E4%BF%A1%E4%BC%A0%E8%BE%93%E7%B3%BB%E7%BB%9F%E6%8A%80%E6%9C%AF%E6%A0%87%E5%87%86%E3%80%8B%E4%B8%BA%E4%B8%8A%E6%B5%B7%E5%B8%82%E5%B7%A5%E7%A8%8B%E5%BB%BA%E8%AE%BE%E8%A7%84%E8%8C%83%E7%9A%84%E9%80%9A%E7%9F%A5.pdf		新批准，现行标准栏目未收录
市政与道路	城市客运交通枢纽设计标准		2025-11-12	沪建标定〔2025〕515 号	上海市住房和城乡建设管理委员会	https://zjw.sh.gov.cn/jsgl/20251112/73fc5c4cbaac4a6287df90f39e6267f1.html			https://zjw.sh.gov.cn/cmsres/54/54a826a474554f0697aa95495bc3dad0/b80791aa8c389e36eb5f8dc5f0058ce6.pdf	新批准，现行标准栏目未收录
设备与智能化	建筑信息模型技术应用标准（民用建筑工程）		2025-11-12	沪建标定〔2025〕458 号	上海市住房和城乡建设管理委员会	https://zjw.sh.gov.cn/jsgl/20251112/be2e8cb2a76d4f7885d80ac8f102fbe1.html			https://zjw.sh.gov.cn/cmsres/59/59678f3d0f754312a406b8f6fd899660/b80791aa8c389e36eb5f8dc5f0058ce6.pdf	新批准，现行标准栏目未收录
结构与抗震	高层建筑钢结构设计标准		2025-11-10	沪建标定〔2025〕562号	上海市住房和城乡建设管理委员会	https://www.shanghai.gov.cn/zhengce/detail?businessId=9abd25d61f2d4a729aba30d897f34515&siteId=0011		https://www.shanghai.gov.cn/gwk/resource/file?pathname=2/0011/e7/e7c30ce9f2c9471c80433084e605afc9/b80791aa8c389e36eb5f8dc5f0058ce6.pdf&filename=%E4%B8%8A%E6%B5%B7%E5%B8%82%E4%BD%8F%E6%88%BF%E5%92%8C%E5%9F%8E%E4%B9%A1%E5%BB%BA%E8%AE%BE%E7%AE%A1%E7%90%86%E5%A7%94%E5%91%98%E4%BC%9A%E5%85%B3%E4%BA%8E%E6%89%B9%E5%87%86%E3%80%8A%E9%AB%98%E5%B1%82%E5%BB%BA%E7%AD%91%E9%92%A2%E7%BB%93%E6%9E%84%E8%AE%BE%E8%AE%A1%E6%A0%87%E5%87%86%E3%80%8B%E4%B8%BA%E4%B8%8A%E6%B5%B7%E5%B8%82%E5%B7%A5%E7%A8%8B%E5%BB%BA%E8%AE%BE%E8%A7%84%E8%8C%83%E7%9A%84%E9%80%9A%E7%9F%A5.pdf		新批准，现行标准栏目未收录
绿色建筑与节能	既有建筑改造项目节能量核定标准		2025-11-07	沪建标定〔2025〕563号	上海市住房和城乡建设管理委员会	https://www.shanghai.gov.cn/zhengce/detail?businessId=8fd47f0707bd48458f359687d08b1f09&siteId=0011		https://www.shanghai.gov.cn/gwk/resource/file?pathname=2/0011/0e/0ecb63dba3c3487fb94682266882209a/b80791aa8c389e36eb5f8dc5f0058ce6.pdf&filename=%E4%B8%8A%E6%B5%B7%E5%B8%82%E4%BD%8F%E6%88%BF%E5%92%8C%E5%9F%8E%E4%B9%A1%E5%BB%BA%E8%AE%BE%E7%AE%A1%E7%90%86%E5%A7%94%E5%91%98%E4%BC%9A%E5%85%B3%E4%BA%8E%E6%89%B9%E5%87%86%E3%80%8A%E6%97%A2%E6%9C%89%E5%BB%BA%E7%AD%91%E6%94%B9%E9%80%A0%E9%A1%B9%E7%9B%AE%E8%8A%82%E8%83%BD%E9%87%8F%E6%A0%B8%E5%AE%9A%E6%A0%87%E5%87%86%E3%80%8B%E4%B8%BA%E4%B8%8A%E6%B5%B7%E5%B8%82%E5%B7%A5%E7%A8%8B%E5%BB%BA%E8%AE%BE%E8%A7%84%E8%8C%83%E7%9A%84%E9%80%9A%E7%9F%A5.pdf		新批准，现行标准栏目未收录
设备与智能化	民用建筑空气源热泵供热系统应用技术标准		2025-11-07	沪建标定〔2025〕560号	上海市住房和城乡建设管理委员会	https://www.shanghai.gov.cn/zhengce/detail?businessId=0cc8fc1295a94953b1219b9a3fdacbb5&siteId=0011		https://www.shanghai.gov.cn/gwk/resource/file?pathname=2/0011/f3/f3fe9e08e97542e09caf615882871bf1/b80791aa8c389e36eb5f8dc5f0058ce6.pdf&filename=%E4%B8%8A%E6%B5%B7%E5%B8%82%E4%BD%8F%E6%88%BF%E5%92%8C%E5%9F%8E%E4%B9%A1%E5%BB%BA%E8%AE%BE%E7%AE%A1%E7%90%86%E5%A7%94%E5%91%98%E4%BC%9A%E5%85%B3%E4%BA%8E%E6%89%B9%E5%87%86%E3%80%8A%E6%B0%91%E7%94%A8%E5%BB%BA%E7%AD%91%E7%A9%BA%E6%B0%94%E6%BA%90%E7%83%AD%E6%B3%B5%E4%BE%9B%E7%83%AD%E7%B3%BB%E7%BB%9F%E5%BA%94%E7%94%A8%E6%8A%80%E6%9C%AF%E6%A0%87%E5%87%86%E3%80%8B%E4%B8%BA%E4%B8%8A%E6%B5%B7%E5%B8%82%E5%B7%A5%E7%A8%8B%E5%BB%BA%E8%AE%BE%E8%A7%84%E8%8C%83%E7%9A%84%E9%80%9A%E7%9F%A5.pdf		新批准，现行标准栏目未收录
设备与智能化	建筑信息模型技术应用标准（市政道路桥梁工程）		2025-11-07	沪建标定〔2025〕558号	上海市住房和城乡建设管理委员会	https://www.shanghai.gov.cn/zhengce/detail?businessId=73f0343aa5a340a69ed122526edecb53&siteId=0011		https://www.shanghai.gov.cn/gwk/resource/file?pathname=2/0011/12/12aa6562fc704bac91519ba27321be8d/b80791aa8c389e36eb5f8dc5f0058ce6.pdf&filename=%E4%B8%8A%E6%B5%B7%E5%B8%82%E4%BD%8F%E6%88%BF%E5%92%8C%E5%9F%8E%E4%B9%A1%E5%BB%BA%E8%AE%BE%E7%AE%A1%E7%90%86%E5%A7%94%E5%91%98%E4%BC%9A%E5%85%B3%E4%BA%8E%E6%89%B9%E5%87%86%E3%80%8A%E5%BB%BA%E7%AD%91%E4%BF%A1%E6%81%AF%E6%A8%A1%E5%9E%8B%E6%8A%80%E6%9C%AF%E5%BA%94%E7%94%A8%E6%A0%87%E5%87%86%EF%BC%88%E5%B8%82%E6%94%BF%E9%81%93%E8%B7%AF%E6%A1%A5%E6%A2%81%E5%B7%A5%E7%A8%8B%EF%BC%89%E3%80%8B%E4%B8%BA%E4%B8%8A%E6%B5%B7%E5%B8%82%E5%B7%A5%E7%A8%8B%E5%BB%BA%E8%AE%BE%E8%A7%84%E8%8C%83%E7%9A%84%E9%80%9A%E7%9F%A5.pdf		新批准，现行标准栏目未收录
轨道交通与地下工程	道路隧道养护技术标准		2025-11-07	沪建标定〔2025〕559号	上海市住房和城乡建设管理委员会	https://www.shanghai.gov.cn/zhengce/detail?businessId=4f1d0bc280914754b76ac184ee5dfd0a&siteId=0011		https://www.shanghai.gov.cn/gwk/resource/file?pathname=2/0011/1b/1b50ba70a30a4d618cac566001511db1/b80791aa8c389e36eb5f8dc5f0058ce6.pdf&filename=%E4%B8%8A%E6%B5%B7%E5%B8%82%E4%BD%8F%E6%88%BF%E5%92%8C%E5%9F%8E%E4%B9%A1%E5%BB%BA%E8%AE%BE%E7%AE%A1%E7%90%86%E5%A7%94%E5%91%98%E4%BC%9A%E5%85%B3%E4%BA%8E%E6%89%B9%E5%87%86%E3%80%8A%E9%81%93%E8%B7%AF%E9%9A%A7%E9%81%93%E5%85%BB%E6%8A%A4%E6%8A%80%E6%9C%AF%E6%A0%87%E5%87%86%E3%80%8B%E4%B8%BA%E4%B8%8A%E6%B5%B7%E5%B8%82%E5%B7%A5%E7%A8%8B%E5%BB%BA%E8%AE%BE%E8%A7%84%E8%8C%83%E7%9A%84%E9%80%9A%E7%9F%A5.pdf		新批准，现行标准栏目未收录
水务与海绵	上海市海绵城市建设景观设计导则		2025-10-23	沪建综规〔2025〕540号	上海市住房和城乡建设管理委员会	https://www.shanghai.gov.cn/zhengce/detail?businessId=6ef7fb25befc44a68b44f65c74d7e203&siteId=0011		https://www.shanghai.gov.cn/gwk/resource/file?pathname=2/0011/2c/2c637a2030254eedbef5f8113946ea76/81ba5d55b20b64399fe07823d8fea1ef.pdf&filename=%E4%B8%8A%E6%B5%B7%E5%B8%82%E4%BD%8F%E6%88%BF%E5%92%8C%E5%9F%8E%E4%B9%A1%E5%BB%BA%E8%AE%BE%E7%AE%A1%E7%90%86%E5%A7%94%E5%91%98%E4%BC%9A%E5%85%B3%E4%BA%8E%E5%8D%B0%E5%8F%91%E3%80%8A%E4%B8%8A%E6%B5%B7%E5%B8%82%E6%B5%B7%E7%BB%B5%E5%9F%8E%E5%B8%82%E5%BB%BA%E8%AE%BE%E6%99%AF%E8%A7%82%E8%AE%BE%E8%AE%A1%E5%AF%BC%E5%88%99%E3%80%8B%E7%9A%84%E9%80%9A%E7%9F%A5.pdf	https://www.shanghai.gov.cn/gwk/resource/file?pathname=2/0011/67/67bebdbfcb2c4f21a2c4d9ae89adb7cf/dcb1becd71fba3be8a41c53e4d1f7da7.pdf&filename=%E4%B8%8A%E6%B5%B7%E5%B8%82%E6%B5%B7%E7%BB%B5%E5%9F%8E%E5%B8%82%E5%BB%BA%E8%AE%BE%E6%99%AF%E8%A7%82%E8%AE%BE%E8%AE%A1%E5%AF%BC%E5%88%99.pdf	新批准，现行标准栏目未收录
绿色建筑与节能	绿色建筑检测技术标准	DG/TJ08-2199-2016	2025-10-17	沪建标定〔2025〕528号	上海市住房和城乡建设管理委员会	https://www.shanghai.gov.cn/zhengce/detail?businessId=01b84919ca3d41ae8f12ba0a6810da62&siteId=0011	https://zjw.sh.gov.cn/shsd/userfiles/2199绿色建筑检测技术标准20161206142208.pdf	https://www.shanghai.gov.cn/gwk/resource/file?pathname=2/0011/de/de2dfa68e5b046788e7789fdc6297c4e/b80791aa8c389e36eb5f8dc5f0058ce6.pdf&filename=%E4%B8%8A%E6%B5%B7%E5%B8%82%E4%BD%8F%E6%88%BF%E5%92%8C%E5%9F%8E%E4%B9%A1%E5%BB%BA%E8%AE%BE%E7%AE%A1%E7%90%86%E5%A7%94%E5%91%98%E4%BC%9A%E5%85%B3%E4%BA%8E%E6%89%B9%E5%87%86%E3%80%8A%E7%BB%BF%E8%89%B2%E5%BB%BA%E7%AD%91%E6%A3%80%E6%B5%8B%E6%8A%80%E6%9C%AF%E6%A0%87%E5%87%86%E3%80%8B%E4%B8%BA%E4%B8%8A%E6%B5%B7%E5%B8%82%E5%B7%A5%E7%A8%8B%E5%BB%BA%E8%AE%BE%E8%A7%84%E8%8C%83%E7%9A%84%E9%80%9A%E7%9F%A5.pdf		现行标准栏目已收录/实施 2016-10-01
结构与抗震	箱式钢结构临时活动房		2025-10-11	沪建标定〔2025〕518号	上海市住房和城乡建设管理委员会	https://www.shanghai.gov.cn/zhengce/detail?businessId=a78f014fede8482580507953f40327c5&siteId=0011		https://www.shanghai.gov.cn/gwk/resource/file?pathname=2/0011/b2/b29018d5df4a4593a1052335dfe89c5d/b80791aa8c389e36eb5f8dc5f0058ce6.pdf&filename=%E4%B8%8A%E6%B5%B7%E5%B8%82%E4%BD%8F%E6%88%BF%E5%92%8C%E5%9F%8E%E4%B9%A1%E5%BB%BA%E8%AE%BE%E7%AE%A1%E7%90%86%E5%A7%94%E5%91%98%E4%BC%9A%E5%85%B3%E4%BA%8E%E6%89%B9%E5%87%86%E3%80%8A%E7%AE%B1%E5%BC%8F%E9%92%A2%E7%BB%93%E6%9E%84%E4%B8%B4%E6%97%B6%E6%B4%BB%E5%8A%A8%E6%88%BF%E3%80%8B%E4%B8%BA%E4%B8%8A%E6%B5%B7%E5%B8%82%E5%BB%BA%E7%AD%91%E6%A0%87%E5%87%86%E8%AE%BE%E8%AE%A1%E7%9A%84%E9%80%9A%E7%9F%A5.pdf		新批准，现行标准栏目未收录
轨道交通与地下工程	市政地下工程施工质量验收标准	DG/TJ08-236-2013	2025-10-11	沪建标定〔2025〕519号	上海市住房和城乡建设管理委员会	https://www.shanghai.gov.cn/zhengce/detail?businessId=dba41d434c1d4a2fb343649c1eedd092&siteId=0011	https://zjw.sh.gov.cn/shsd/userfiles/337市政地下工程施工质量验收规范.pdf	https://www.shanghai.gov.cn/gwk/resource/file?pathname=2/0011/7e/7e0c14e671254db0b082386ceee6bccd/b80791aa8c389e36eb5f8dc5f0058ce6.pdf&filename=%E4%B8%8A%E6%B5%B7%E5%B8%82%E4%BD%8F%E6%88%BF%E5%92%8C%E5%9F%8E%E4%B9%A1%E5%BB%BA%E8%AE%BE%E7%AE%A1%E7%90%86%E5%A7%94%E5%91%98%E4%BC%9A%E5%85%B3%E4%BA%8E%E6%89%B9%E5%87%86%E3%80%8A%E5%B8%82%E6%94%BF%E5%9C%B0%E4%B8%8B%E5%B7%A5%E7%A8%8B%E6%96%BD%E5%B7%A5%E8%B4%A8%E9%87%8F%E9%AA%8C%E6%94%B6%E6%A0%87%E5%87%86%E3%80%8B%E4%B8%BA%E4%B8%8A%E6%B5%B7%E5%B8%82%E5%B7%A5%E7%A8%8B%E5%BB%BA%E8%AE%BE%E8%A7%84%E8%8C%83%E7%9A%84%E9%80%9A%E7%9F%A5.pdf		现行标准栏目已收录/实施 2014-01-01
设备与智能化	建筑信息模型技术应用标准（市政给水排水工程）		2025-09-25	沪建标定〔2025〕372 号	上海市住房和城乡建设管理委员会	https://zjw.sh.gov.cn/jsgl/20250925/6ed9ec4fde1b4de1a8f70b586f63dac6.html			https://zjw.sh.gov.cn/cmsres/bf/bf4d600920f942f99474986a691eb245/b80791aa8c389e36eb5f8dc5f0058ce6.pdf	新批准，现行标准栏目未收录
轨道交通与地下工程	上海市小型综合管廊规划设计导则		2025-09-19	沪规划资源政〔2025〕367号	上海市规划和自然资源局	https://www.shanghai.gov.cn/zhengce/detail?businessId=abdb4b5471d843a3ac9403d0161270f2&siteId=0032		https://www.shanghai.gov.cn/gwk/resource/file?pathname=2/0032/0e/0ed66970445748f483ab45d4fb8b637a/097088e4bbdd5e4288c1faf619d4b477.pdf&filename=%E5%85%B3%E4%BA%8E%E5%8D%B0%E5%8F%91%E3%80%8A%E4%B8%8A%E6%B5%B7%E5%B8%82%E5%B0%8F%E5%9E%8B%E7%BB%BC%E5%90%88%E7%AE%A1%E5%BB%8A%E8%A7%84%E5%88%92%E8%AE%BE%E8%AE%A1%E5%AF%BC%E5%88%99%E3%80%8B%E7%9A%84%E9%80%9A%E7%9F%A5.pdf	https://www.shanghai.gov.cn/gwk/resource/file?pathname=2/0032/36/36f3e63823874c5bba372fbeaf2a6b36/8a59baed8f95c3f478bd728b523f315c.pdf&filename=%E4%B8%8A%E6%B5%B7%E5%B8%82%E5%B0%8F%E5%9E%8B%E7%BB%BC%E5%90%88%E7%AE%A1%E5%BB%8A%E8%A7%84%E5%88%92%E8%AE%BE%E8%AE%A1%E5%AF%BC%E5%88%99.pdf	新批准，现行标准栏目未收录
建筑与住区	建筑地面工程施工标准	DG/TJ08-2008-2006	2025-09-16	沪建标定〔2025〕459号	上海市住房和城乡建设管理委员会	https://www.shanghai.gov.cn/zhengce/detail?businessId=35275cc33093483c9fcd0d21658ccd59&siteId=0011	https://zjw.sh.gov.cn/shsd/userfiles/151建筑地面工程施工规程.pdf	https://www.shanghai.gov.cn/gwk/resource/file?pathname=2/0011/bd/bdbbf71d7b5a450fbf71b6fd4a5a51e1/b80791aa8c389e36eb5f8dc5f0058ce6.pdf&filename=%E4%B8%8A%E6%B5%B7%E5%B8%82%E4%BD%8F%E6%88%BF%E5%92%8C%E5%9F%8E%E4%B9%A1%E5%BB%BA%E8%AE%BE%E7%AE%A1%E7%90%86%E5%A7%94%E5%91%98%E4%BC%9A%E5%85%B3%E4%BA%8E%E6%89%B9%E5%87%86%E3%80%8A%E5%BB%BA%E7%AD%91%E5%9C%B0%E9%9D%A2%E5%B7%A5%E7%A8%8B%E6%96%BD%E5%B7%A5%E6%A0%87%E5%87%86%E3%80%8B%E4%B8%BA%E4%B8%8A%E6%B5%B7%E5%B8%82%E5%B7%A5%E7%A8%8B%E5%BB%BA%E8%AE%BE%E8%A7%84%E8%8C%83%E7%9A%84%E9%80%9A%E7%9F%A5.pdf		现行标准栏目已收录/实施 2007-04-01
结构与抗震	轻型钢结构制作及安装验收标准	DG/TJ08-010-2018	2025-09-16	沪建标定〔2025〕460号	上海市住房和城乡建设管理委员会	https://www.shanghai.gov.cn/zhengce/detail?businessId=039be4f84d6245ef87d6f3919532c483&siteId=0011	https://zjw.sh.gov.cn/cmsres/be/bea1e7d6edb244adb8df133188768250/f092b7153d77e0a709d504196df88cda.pdf	https://www.shanghai.gov.cn/gwk/resource/file?pathname=2/0011/ba/ba212e91c06540faa1ddfc3325401c6f/b80791aa8c389e36eb5f8dc5f0058ce6.pdf&filename=%E4%B8%8A%E6%B5%B7%E5%B8%82%E4%BD%8F%E6%88%BF%E5%92%8C%E5%9F%8E%E4%B9%A1%E5%BB%BA%E8%AE%BE%E7%AE%A1%E7%90%86%E5%A7%94%E5%91%98%E4%BC%9A%E5%85%B3%E4%BA%8E%E6%89%B9%E5%87%86%E3%80%8A%E8%BD%BB%E5%9E%8B%E9%92%A2%E7%BB%93%E6%9E%84%E5%88%B6%E4%BD%9C%E5%8F%8A%E5%AE%89%E8%A3%85%E9%AA%8C%E6%94%B6%E6%A0%87%E5%87%86%E3%80%8B%E4%B8%BA%E4%B8%8A%E6%B5%B7%E5%B8%82%E5%B7%A5%E7%A8%8B%E5%BB%BA%E8%AE%BE%E8%A7%84%E8%8C%83%E7%9A%84%E9%80%9A%E7%9F%A5.pdf		现行标准栏目已收录/实施 2018-11-01
轨道交通与地下工程	盾构隧道壁后注浆质量检测技术标准		2025-09-16	沪建标定〔2025〕461号	上海市住房和城乡建设管理委员会	https://www.shanghai.gov.cn/zhengce/detail?businessId=08b74e07f8c94ce988e4f9e0119a71d0&siteId=0011		https://www.shanghai.gov.cn/gwk/resource/file?pathname=2/0011/00/00fa85fa7acb4e53bbcc5018b63085bb/b80791aa8c389e36eb5f8dc5f0058ce6.pdf&filename=%E4%B8%8A%E6%B5%B7%E5%B8%82%E4%BD%8F%E6%88%BF%E5%92%8C%E5%9F%8E%E4%B9%A1%E5%BB%BA%E8%AE%BE%E7%AE%A1%E7%90%86%E5%A7%94%E5%91%98%E4%BC%9A%E5%85%B3%E4%BA%8E%E6%89%B9%E5%87%86%E3%80%8A%E7%9B%BE%E6%9E%84%E9%9A%A7%E9%81%93%E5%A3%81%E5%90%8E%E6%B3%A8%E6%B5%86%E8%B4%A8%E9%87%8F%E6%A3%80%E6%B5%8B%E6%8A%80%E6%9C%AF%E6%A0%87%E5%87%86%E3%80%8B%E4%B8%BA%E4%B8%8A%E6%B5%B7%E5%B8%82%E5%B7%A5%E7%A8%8B%E5%BB%BA%E8%AE%BE%E8%A7%84%E8%8C%83%E7%9A%84%E9%80%9A%E7%9F%A5.pdf		新批准，现行标准栏目未收录
设备与智能化	建筑信息模型技术应用标准（市政给水排水工程）		2025-09-10	沪建标定〔2025〕372 号	上海市住房和城乡建设管理委员会	https://zjw.sh.gov.cn/jsgl/20250910/4dac7fd900a44148909f6ee533e242fa.html			https://zjw.sh.gov.cn/cmsres/df/df40c511c13746dcb442bb2321d4bb34/b80791aa8c389e36eb5f8dc5f0058ce6.pdf	新批准，现行标准栏目未收录
结构与抗震	城镇污水处理工程混凝土结构耐久性技术标准		2025-08-28	沪建标定〔2025〕426号	上海市住房和城乡建设管理委员会	https://www.shanghai.gov.cn/zhengce/detail?businessId=5161d2a7dc5f4791922c0af7bd5b809c&siteId=0011		https://www.shanghai.gov.cn/gwk/resource/file?pathname=2/0011/bb/bb820017f32043da8cb7d7e11058d6ac/b80791aa8c389e36eb5f8dc5f0058ce6.pdf&filename=%E4%B8%8A%E6%B5%B7%E5%B8%82%E4%BD%8F%E6%88%BF%E5%92%8C%E5%9F%8E%E4%B9%A1%E5%BB%BA%E8%AE%BE%E7%AE%A1%E7%90%86%E5%A7%94%E5%91%98%E4%BC%9A%E5%85%B3%E4%BA%8E%E6%89%B9%E5%87%86%E3%80%8A%E5%9F%8E%E9%95%87%E6%B1%A1%E6%B0%B4%E5%A4%84%E7%90%86%E5%B7%A5%E7%A8%8B%E6%B7%B7%E5%87%9D%E5%9C%9F%E7%BB%93%E6%9E%84%E8%80%90%E4%B9%85%E6%80%A7%E6%8A%80%E6%9C%AF%E6%A0%87%E5%87%86%E3%80%8B%E4%B8%BA%E4%B8%8A%E6%B5%B7%E5%B8%82%E5%B7%A5%E7%A8%8B%E5%BB%BA%E8%AE%BE%E8%A7%84%E8%8C%83%E7%9A%84%E9%80%9A%E7%9F%A5.pdf		新批准，现行标准栏目未收录
规划与不动产	公共厕所规划和设计标准	DG/TJ08-401-2016	2025-08-28	沪建标定〔2025〕425号	上海市住房和城乡建设管理委员会	https://www.shanghai.gov.cn/zhengce/detail?businessId=933ad6164d924b83a0c7b10f82ebed07&siteId=0011	https://zjw.sh.gov.cn/cmsres/15/15d1e30fce6a486da09b453aaac2fcff/6c31d4056b2d72cfa98694f1db100a70.pdf	https://www.shanghai.gov.cn/gwk/resource/file?pathname=2/0011/6a/6a8deed8258a41618e72dbbd4f4bb7f7/b80791aa8c389e36eb5f8dc5f0058ce6.pdf&filename=%E4%B8%8A%E6%B5%B7%E5%B8%82%E4%BD%8F%E6%88%BF%E5%92%8C%E5%9F%8E%E4%B9%A1%E5%BB%BA%E8%AE%BE%E7%AE%A1%E7%90%86%E5%A7%94%E5%91%98%E4%BC%9A%E5%85%B3%E4%BA%8E%E6%89%B9%E5%87%86%E3%80%8A%E5%85%AC%E5%85%B1%E5%8E%95%E6%89%80%E8%A7%84%E5%88%92%E5%92%8C%E8%AE%BE%E8%AE%A1%E6%A0%87%E5%87%86%E3%80%8B%E4%B8%BA%E4%B8%8A%E6%B5%B7%E5%B8%82%E5%B7%A5%E7%A8%8B%E5%BB%BA%E8%AE%BE%E8%A7%84%E8%8C%83%E7%9A%84%E9%80%9A%E7%9F%A5.pdf		现行标准栏目已收录/实施 2017-05-01
勘察与测绘	上海市智能网联汽车测绘地理信息安全管理导则（试行）		2025-08-25	沪规划资源调〔2025〕328号	上海市规划和自然资源局	https://www.shanghai.gov.cn/zhengce/detail?businessId=7fb303a0931747f9a4f24b34dc4bfe60&siteId=0032		https://www.shanghai.gov.cn/gwk/resource/file?pathname=2/0032/ec/ec55f470f8674044bc47fdfa84eb7b9c/ca5e100173fd971579be021dba38b918.pdf&filename=%E5%85%B3%E4%BA%8E%E5%8D%B0%E5%8F%91%E3%80%8A%E4%B8%8A%E6%B5%B7%E5%B8%82%E6%99%BA%E8%83%BD%E7%BD%91%E8%81%94%E6%B1%BD%E8%BD%A6%E6%B5%8B%E7%BB%98%E5%9C%B0%E7%90%86%E4%BF%A1%E6%81%AF%E5%AE%89%E5%85%A8%E7%AE%A1%E7%90%86%E5%AF%BC%E5%88%99%EF%BC%88%E8%AF%95%E8%A1%8C%EF%BC%89%E3%80%8B%E7%9A%84%E9%80%9A%E7%9F%A5.pdf		新批准，现行标准栏目未收录
结构与抗震	城市轨道交通上盖建筑结构设计标准		2025-08-20	沪建标定〔2025〕409号	上海市住房和城乡建设管理委员会	https://www.shanghai.gov.cn/zhengce/detail?businessId=04c930331f7d40eeb151131e4d90b4e8&siteId=0011		https://www.shanghai.gov.cn/gwk/resource/file?pathname=2/0011/16/164e004b37e64bae82e8c8142f8581e5/b80791aa8c389e36eb5f8dc5f0058ce6.pdf&filename=%E4%B8%8A%E6%B5%B7%E5%B8%82%E4%BD%8F%E6%88%BF%E5%92%8C%E5%9F%8E%E4%B9%A1%E5%BB%BA%E8%AE%BE%E7%AE%A1%E7%90%86%E5%A7%94%E5%91%98%E4%BC%9A%E5%85%B3%E4%BA%8E%E6%89%B9%E5%87%86%E3%80%8A%E5%9F%8E%E5%B8%82%E8%BD%A8%E9%81%93%E4%BA%A4%E9%80%9A%E4%B8%8A%E7%9B%96%E5%BB%BA%E7%AD%91%E7%BB%93%E6%9E%84%E8%AE%BE%E8%AE%A1%E6%A0%87%E5%87%86%E3%80%8B%E4%B8%BA%E4%B8%8A%E6%B5%B7%E5%B8%82%E5%B7%A5%E7%A8%8B%E5%BB%BA%E8%AE%BE%E8%A7%84%E8%8C%83%E7%9A%84%E9%80%9A%E7%9F%A5.pdf		新批准，现行标准栏目未收录
结构与抗震	人工砂在混凝土中的应用技术标准	DG/TJ08-506-2017	2025-08-04	沪建标定〔2025〕388号	上海市住房和城乡建设管理委员会	https://www.shanghai.gov.cn/zhengce/detail?businessId=c06d3e4fe39047e2b139a30a469feaee&siteId=0011	https://zjw.sh.gov.cn/cmsres/4e/4e36539b1ab742b7aca8382d1911be8d/e0a39e8a853e0f0510f860d15322c8e4.pdf	https://www.shanghai.gov.cn/gwk/resource/file?pathname=2/0011/25/259ec57ff2d24c5ab12af9e3f7e88f99/b80791aa8c389e36eb5f8dc5f0058ce6.pdf&filename=%E4%B8%8A%E6%B5%B7%E5%B8%82%E4%BD%8F%E6%88%BF%E5%92%8C%E5%9F%8E%E4%B9%A1%E5%BB%BA%E8%AE%BE%E7%AE%A1%E7%90%86%E5%A7%94%E5%91%98%E4%BC%9A%E5%85%B3%E4%BA%8E%E6%89%B9%E5%87%86%E3%80%8A%E4%BA%BA%E5%B7%A5%E7%A0%82%E5%9C%A8%E6%B7%B7%E5%87%9D%E5%9C%9F%E4%B8%AD%E7%9A%84%E5%BA%94%E7%94%A8%E6%8A%80%E6%9C%AF%E6%A0%87%E5%87%86%E3%80%8B%E4%B8%BA%E4%B8%8A%E6%B5%B7%E5%B8%82%E5%B7%A5%E7%A8%8B%E5%BB%BA%E8%AE%BE%E8%A7%84%E8%8C%83%E7%9A%84%E9%80%9A%E7%9F%A5.pdf		现行标准栏目已收录/实施 2017-06-01
轨道交通与地下工程	微型顶管法施工技术规程		2025-07-28	沪水务〔2025〕300号	上海市水务局	https://www.shanghai.gov.cn/zhengce/detail?businessId=0f832dff210d4e57a781bca17d28dea1&siteId=0004		https://www.shanghai.gov.cn/gwk/resource/file?pathname=2/0004/a8/a84e72c76a5b440194900d6415f85224/705ca92febaddf730fa6c2e0cc822205.pdf&filename=%E4%B8%8A%E6%B5%B7%E5%B8%82%E6%B0%B4%E5%8A%A1%E5%B1%80%E5%85%B3%E4%BA%8E%E5%8D%B0%E5%8F%91%E3%80%8A%E5%BE%AE%E5%9E%8B%E9%A1%B6%E7%AE%A1%E6%B3%95%E6%96%BD%E5%B7%A5%E6%8A%80%E6%9C%AF%E8%A7%84%E7%A8%8B%E3%80%8B%E7%9A%84%E9%80%9A%E7%9F%A5.pdf	https://www.shanghai.gov.cn/gwk/resource/file?pathname=2/0004/8c/8c04c69a95844385935be313359791fa/fe90defcf2838d146ced343cd9781217.pdf&filename=%E6%B2%AA%E6%B0%B4%E5%8A%A1%E3%80%942025%E3%80%95300%E5%8F%B7%E9%99%84%E4%BB%B6.pdf	新批准，现行标准栏目未收录
改造与历史建筑	盾构法隧道结构服役性能鉴定标准	DG/TJ08-2123-2013	2025-07-25	沪建标定〔2025〕383号	上海市住房和城乡建设管理委员会	https://www.shanghai.gov.cn/zhengce/detail?businessId=4af63eca3ac341b6ae02f78c1b30e6c8&siteId=0011	https://zjw.sh.gov.cn/shsd/userfiles/322盾构法隧道结构服役性能鉴定规范.pdf	https://www.shanghai.gov.cn/gwk/resource/file?pathname=2/0011/67/670382b2a7b945a1851e7da97b6c952b/b80791aa8c389e36eb5f8dc5f0058ce6.pdf&filename=%E4%B8%8A%E6%B5%B7%E5%B8%82%E4%BD%8F%E6%88%BF%E5%92%8C%E5%9F%8E%E4%B9%A1%E5%BB%BA%E8%AE%BE%E7%AE%A1%E7%90%86%E5%A7%94%E5%91%98%E4%BC%9A%E5%85%B3%E4%BA%8E%E6%89%B9%E5%87%86%E3%80%8A%E7%9B%BE%E6%9E%84%E6%B3%95%E9%9A%A7%E9%81%93%E7%BB%93%E6%9E%84%E6%9C%8D%E5%BD%B9%E6%80%A7%E8%83%BD%E9%89%B4%E5%AE%9A%E6%A0%87%E5%87%86%E3%80%8B%E4%B8%BA%E4%B8%8A%E6%B5%B7%E5%B8%82%E5%B7%A5%E7%A8%8B%E5%BB%BA%E8%AE%BE%E8%A7%84%E8%8C%83%E7%9A%84%E9%80%9A%E7%9F%A5.pdf		现行标准栏目已收录/实施 2013-07-01
施工与质量安全	建设工程数智化检测技术标准		2025-07-23	沪建标定〔2025〕377号	上海市住房和城乡建设管理委员会	https://www.shanghai.gov.cn/zhengce/detail?businessId=748528bc4b20420db032606a81f08513&siteId=0011		https://www.shanghai.gov.cn/gwk/resource/file?pathname=2/0011/80/802d8d1a856d47a9beb523ea9509a409/b80791aa8c389e36eb5f8dc5f0058ce6.pdf&filename=%E4%B8%8A%E6%B5%B7%E5%B8%82%E4%BD%8F%E6%88%BF%E5%92%8C%E5%9F%8E%E4%B9%A1%E5%BB%BA%E8%AE%BE%E7%AE%A1%E7%90%86%E5%A7%94%E5%91%98%E4%BC%9A%E5%85%B3%E4%BA%8E%E6%89%B9%E5%87%86%E3%80%8A%E5%BB%BA%E8%AE%BE%E5%B7%A5%E7%A8%8B%E6%95%B0%E6%99%BA%E5%8C%96%E6%A3%80%E6%B5%8B%E6%8A%80%E6%9C%AF%E6%A0%87%E5%87%86%E3%80%8B%E4%B8%BA%E4%B8%8A%E6%B5%B7%E5%B8%82%E5%B7%A5%E7%A8%8B%E5%BB%BA%E8%AE%BE%E8%A7%84%E8%8C%83%E7%9A%84%E9%80%9A%E7%9F%A5.pdf		新批准，现行标准栏目未收录
结构与抗震	城市通信基础设施规划技术标准		2025-07-23	沪建标定〔2025〕375号	上海市住房和城乡建设管理委员会	https://www.shanghai.gov.cn/zhengce/detail?businessId=6752b5f5fe2f49019aedf4151909a7b4&siteId=0011		https://www.shanghai.gov.cn/gwk/resource/file?pathname=2/0011/21/2152526d7941445088f8d915548bbaef/b80791aa8c389e36eb5f8dc5f0058ce6.pdf&filename=%E4%B8%8A%E6%B5%B7%E5%B8%82%E4%BD%8F%E6%88%BF%E5%92%8C%E5%9F%8E%E4%B9%A1%E5%BB%BA%E8%AE%BE%E7%AE%A1%E7%90%86%E5%A7%94%E5%91%98%E4%BC%9A%E5%85%B3%E4%BA%8E%E6%89%B9%E5%87%86%E3%80%8A%E5%9F%8E%E5%B8%82%E9%80%9A%E4%BF%A1%E5%9F%BA%E7%A1%80%E8%AE%BE%E6%96%BD%E8%A7%84%E5%88%92%E6%8A%80%E6%9C%AF%E6%A0%87%E5%87%86%E3%80%8B%E4%B8%BA%E4%B8%8A%E6%B5%B7%E5%B8%82%E5%B7%A5%E7%A8%8B%E5%BB%BA%E8%AE%BE%E8%A7%84%E8%8C%83%E7%9A%84%E9%80%9A%E7%9F%A5.pdf		新批准，现行标准栏目未收录
装配式与外围护	装配式混凝土预制构件设计--生产数据交互标准		2025-07-17	沪建标定〔2025〕365号	上海市住房和城乡建设管理委员会	https://www.shanghai.gov.cn/zhengce/detail?businessId=8e374cb465944546ba3d69b9bf302d86&siteId=0011		https://www.shanghai.gov.cn/gwk/resource/file?pathname=2/0011/b6/b6c0d60569284c47ab0c90b3623f9e0e/b80791aa8c389e36eb5f8dc5f0058ce6.pdf&filename=%E4%B8%8A%E6%B5%B7%E5%B8%82%E4%BD%8F%E6%88%BF%E5%92%8C%E5%9F%8E%E4%B9%A1%E5%BB%BA%E8%AE%BE%E7%AE%A1%E7%90%86%E5%A7%94%E5%91%98%E4%BC%9A%E5%85%B3%E4%BA%8E%E6%89%B9%E5%87%86%E3%80%8A%E8%A3%85%E9%85%8D%E5%BC%8F%E6%B7%B7%E5%87%9D%E5%9C%9F%E9%A2%84%E5%88%B6%E6%9E%84%E4%BB%B6%E8%AE%BE%E8%AE%A1--%E7%94%9F%E4%BA%A7%E6%95%B0%E6%8D%AE%E4%BA%A4%E4%BA%92%E6%A0%87%E5%87%86%E3%80%8B%E4%B8%BA%E4%B8%8A%E6%B5%B7%E5%B8%82%E5%B7%A5%E7%A8%8B%E5%BB%BA%E8%AE%BE%E8%A7%84%E8%8C%83%E7%9A%84%E9%80%9A%E7%9F%A5.pdf		新批准，现行标准栏目未收录
设备与智能化	道路照明设施运行养护标准	DG/TJ08-2215-2016	2025-07-17	沪建标定〔2025〕364号	上海市住房和城乡建设管理委员会	https://www.shanghai.gov.cn/zhengce/detail?businessId=3884bfe2b3744ad3b8ffe8c30014d4ac&siteId=0011	https://zjw.sh.gov.cn/cmsres/d3/d3a92eee804f4c17b78a8511224904d9/86497e0ce327321de929d52f36ba6c13.pdf	https://www.shanghai.gov.cn/gwk/resource/file?pathname=2/0011/50/50d84b7921a44b35ba6050b229900d07/b80791aa8c389e36eb5f8dc5f0058ce6.pdf&filename=%E4%B8%8A%E6%B5%B7%E5%B8%82%E4%BD%8F%E6%88%BF%E5%92%8C%E5%9F%8E%E4%B9%A1%E5%BB%BA%E8%AE%BE%E7%AE%A1%E7%90%86%E5%A7%94%E5%91%98%E4%BC%9A%E5%85%B3%E4%BA%8E%E6%89%B9%E5%87%86%E3%80%8A%E9%81%93%E8%B7%AF%E7%85%A7%E6%98%8E%E8%AE%BE%E6%96%BD%E8%BF%90%E8%A1%8C%E5%85%BB%E6%8A%A4%E6%A0%87%E5%87%86%E3%80%8B%E4%B8%BA%E4%B8%8A%E6%B5%B7%E5%B8%82%E5%B7%A5%E7%A8%8B%E5%BB%BA%E8%AE%BE%E8%A7%84%E8%8C%83%E7%9A%84%E9%80%9A%E7%9F%A5.pdf		现行标准栏目已收录/实施 2017-02-01
绿化与市容	工程渣土资源化利用技术标准		2025-07-10	沪建标定〔2025〕350号	上海市住房和城乡建设管理委员会	https://www.shanghai.gov.cn/zhengce/detail?businessId=d1d0f744cbb34bf08b83f663e8f9dc42&siteId=0011		https://www.shanghai.gov.cn/gwk/resource/file?pathname=2/0011/56/569313d4277a4f39b259855acec3aaaa/b80791aa8c389e36eb5f8dc5f0058ce6.pdf&filename=%E4%B8%8A%E6%B5%B7%E5%B8%82%E4%BD%8F%E6%88%BF%E5%92%8C%E5%9F%8E%E4%B9%A1%E5%BB%BA%E8%AE%BE%E7%AE%A1%E7%90%86%E5%A7%94%E5%91%98%E4%BC%9A%E5%85%B3%E4%BA%8E%E6%89%B9%E5%87%86%E3%80%8A%E5%B7%A5%E7%A8%8B%E6%B8%A3%E5%9C%9F%E8%B5%84%E6%BA%90%E5%8C%96%E5%88%A9%E7%94%A8%E6%8A%80%E6%9C%AF%E6%A0%87%E5%87%86%E3%80%8B%E4%B8%BA%E4%B8%8A%E6%B5%B7%E5%B8%82%E5%B7%A5%E7%A8%8B%E5%BB%BA%E8%AE%BE%E8%A7%84%E8%8C%83%E7%9A%84%E9%80%9A%E7%9F%A5.pdf		新批准，现行标准栏目未收录
市政与道路	城市道路设计标准		2025-06-27	沪建标定〔2025〕235 号	上海市住房和城乡建设管理委员会	https://zjw.sh.gov.cn/jsgl/20250627/0c21d7f857354b7280fb5cd86daa9fa8.html			https://zjw.sh.gov.cn/cmsres/3d/3d440474dbeb4894af1e2d4156200b4c/b80791aa8c389e36eb5f8dc5f0058ce6.pdf	新批准，现行标准栏目未收录
建筑与住区	上海市住宅建筑绿色设计施工图设计文件审查要点		2025-06-27	沪建建材〔2025〕315 号	上海市住房和城乡建设管理委员会	https://zjw.sh.gov.cn/jsgl/20250627/e9d93793550e41acb320a7d9a52cabf4.html			https://zjw.sh.gov.cn/cmsres/5a/5ae547e5964b4a5c9d045bd1a4e66275/4060c833a776f669c61169987a7be8f9.pdf	新批准，现行标准栏目未收录
建筑与住区	上海市公共建筑绿色设计施工图设计文件审查要点		2025-06-27	沪建建材〔2025〕315 号	上海市住房和城乡建设管理委员会	https://zjw.sh.gov.cn/jsgl/20250627/e9d93793550e41acb320a7d9a52cabf4.html			https://zjw.sh.gov.cn/cmsres/5a/5ae547e5964b4a5c9d045bd1a4e66275/4060c833a776f669c61169987a7be8f9.pdf	新批准，现行标准栏目未收录
绿色建筑与节能	上海市绿色建筑工程设计文件编制深度规定		2025-06-27	沪建建材〔2025〕315 号	上海市住房和城乡建设管理委员会	https://zjw.sh.gov.cn/jsgl/20250627/e9d93793550e41acb320a7d9a52cabf4.html			https://zjw.sh.gov.cn/cmsres/5a/5ae547e5964b4a5c9d045bd1a4e66275/4060c833a776f669c61169987a7be8f9.pdf	新批准，现行标准栏目未收录
市政与道路	城市道路设计标准		2025-06-17	沪建标定〔2025〕235 号	上海市住房和城乡建设管理委员会	https://zjw.sh.gov.cn/jsgl/20250617/0b22055766074bd2b3e012bfe9cc8b7a.html			https://zjw.sh.gov.cn/cmsres/82/82c5906926b94359bf521658081a8062/b80791aa8c389e36eb5f8dc5f0058ce6.pdf	新批准，现行标准栏目未收录
水务与海绵	城镇污水处理厂分类技术标准	DG/TJ08-2140-2014	2025-06-16	沪建标定〔2025〕317号	上海市住房和城乡建设管理委员会	https://www.shanghai.gov.cn/zhengce/detail?businessId=13421f493c6546308b9f23e96f75c614&siteId=0011	https://zjw.sh.gov.cn/shsd/userfiles/350城镇污水处理厂分类技术规范.pdf	https://www.shanghai.gov.cn/gwk/resource/file?pathname=2/0011/fe/fe8dc7cd10a94d2aa3e57f06c7ca4abe/b80791aa8c389e36eb5f8dc5f0058ce6.pdf&filename=%E4%B8%8A%E6%B5%B7%E5%B8%82%E4%BD%8F%E6%88%BF%E5%92%8C%E5%9F%8E%E4%B9%A1%E5%BB%BA%E8%AE%BE%E7%AE%A1%E7%90%86%E5%A7%94%E5%91%98%E4%BC%9A%E5%85%B3%E4%BA%8E%E6%89%B9%E5%87%86%E3%80%8A%E5%9F%8E%E9%95%87%E6%B1%A1%E6%B0%B4%E5%A4%84%E7%90%86%E5%8E%82%E5%88%86%E7%B1%BB%E6%8A%80%E6%9C%AF%E6%A0%87%E5%87%86%E3%80%8B%E4%B8%BA%E4%B8%8A%E6%B5%B7%E5%B8%82%E5%B7%A5%E7%A8%8B%E5%BB%BA%E8%AE%BE%E8%A7%84%E8%8C%83%E7%9A%84%E9%80%9A%E7%9F%A5.pdf		现行标准栏目已收录/实施 2014-06-01
改造与历史建筑	优秀历史建筑数字化测绘技术标准		2025-06-11	沪建标定〔2025〕300号	上海市住房和城乡建设管理委员会	https://www.shanghai.gov.cn/zhengce/detail?businessId=4853f556bce74c938b66de1eee65d0cb&siteId=0011		https://www.shanghai.gov.cn/gwk/resource/file?pathname=2/0011/96/96c61ebe462840dfb3418b56aeffe52c/b80791aa8c389e36eb5f8dc5f0058ce6.pdf&filename=%E4%B8%8A%E6%B5%B7%E5%B8%82%E4%BD%8F%E6%88%BF%E5%92%8C%E5%9F%8E%E4%B9%A1%E5%BB%BA%E8%AE%BE%E7%AE%A1%E7%90%86%E5%A7%94%E5%91%98%E4%BC%9A%E5%85%B3%E4%BA%8E%E6%89%B9%E5%87%86%E3%80%8A%E4%BC%98%E7%A7%80%E5%8E%86%E5%8F%B2%E5%BB%BA%E7%AD%91%E6%95%B0%E5%AD%97%E5%8C%96%E6%B5%8B%E7%BB%98%E6%8A%80%E6%9C%AF%E6%A0%87%E5%87%86%E3%80%8B%E4%B8%BA%E4%B8%8A%E6%B5%B7%E5%B8%82%E5%B7%A5%E7%A8%8B%E5%BB%BA%E8%AE%BE%E8%A7%84%E8%8C%83%E7%9A%84%E9%80%9A%E7%9F%A5.pdf		新批准，现行标准栏目未收录
市政与道路	城市道路设计标准		2025-06-03	沪建标定〔2025〕235 号	上海市住房和城乡建设管理委员会	https://zjw.sh.gov.cn/jsgl/20250603/efaeaeb00cb44b46ac92cf30086a04c3.html			https://zjw.sh.gov.cn/cmsres/d7/d7b77667a416444cb0f5b1ee8b0588da/b80791aa8c389e36eb5f8dc5f0058ce6.pdf	新批准，现行标准栏目未收录
绿色建筑与节能	超低能耗建筑设计标准（居住建筑）		2025-06-03	沪建标定〔2025〕226 号	上海市住房和城乡建设管理委员会	https://zjw.sh.gov.cn/jsgl/20250603/5dc0c184973f4b3cb4d8a13b2a7c216f.html			https://zjw.sh.gov.cn/cmsres/fb/fbf84998f0684c7785a04d54c94d4f71/b80791aa8c389e36eb5f8dc5f0058ce6.pdf	新批准，现行标准栏目未收录
设备与智能化	道路交通信号设施技术标准		2025-06-03	沪建标定〔2025〕219 号	上海市住房和城乡建设管理委员会	https://zjw.sh.gov.cn/jsgl/20250603/adc5bd75a58143558bd1e2fef75a9ef1.html			https://zjw.sh.gov.cn/cmsres/f9/f99ced042cc6486ea5b2c816e8387cdb/b80791aa8c389e36eb5f8dc5f0058ce6.pdf	新批准，现行标准栏目未收录
市政与道路	桥梁顶推技术标准		2025-05-30	沪建标定〔2025〕291号	上海市住房和城乡建设管理委员会	https://www.shanghai.gov.cn/zhengce/detail?businessId=7b65c5411d0c44a8955f01c36d2903be&siteId=0011		https://www.shanghai.gov.cn/gwk/resource/file?pathname=2/0011/a7/a79f9d3f6bb04553a6ef11cc866b217c/b80791aa8c389e36eb5f8dc5f0058ce6.pdf&filename=%E4%B8%8A%E6%B5%B7%E5%B8%82%E4%BD%8F%E6%88%BF%E5%92%8C%E5%9F%8E%E4%B9%A1%E5%BB%BA%E8%AE%BE%E7%AE%A1%E7%90%86%E5%A7%94%E5%91%98%E4%BC%9A%E5%85%B3%E4%BA%8E%E6%89%B9%E5%87%86%E3%80%8A%E6%A1%A5%E6%A2%81%E9%A1%B6%E6%8E%A8%E6%8A%80%E6%9C%AF%E6%A0%87%E5%87%86%E3%80%8B%E4%B8%BA%E4%B8%8A%E6%B5%B7%E5%B8%82%E5%B7%A5%E7%A8%8B%E5%BB%BA%E8%AE%BE%E8%A7%84%E8%8C%83%E7%9A%84%E9%80%9A%E7%9F%A5.pdf		新批准，现行标准栏目未收录
施工与质量安全	扣件式钢管模板垂直支撑系统安全技术标准		2025-05-30	沪建标定〔2025〕286号	上海市住房和城乡建设管理委员会	https://www.shanghai.gov.cn/zhengce/detail?businessId=64d2d64241df4bf2a2691daa43a21c9f&siteId=0011		https://www.shanghai.gov.cn/gwk/resource/file?pathname=2/0011/f5/f581bb6fefe643a58f922623819568fe/b80791aa8c389e36eb5f8dc5f0058ce6.pdf&filename=%E4%B8%8A%E6%B5%B7%E5%B8%82%E4%BD%8F%E6%88%BF%E5%92%8C%E5%9F%8E%E4%B9%A1%E5%BB%BA%E8%AE%BE%E7%AE%A1%E7%90%86%E5%A7%94%E5%91%98%E4%BC%9A%E5%85%B3%E4%BA%8E%E6%89%B9%E5%87%86%E3%80%8A%E6%89%A3%E4%BB%B6%E5%BC%8F%E9%92%A2%E7%AE%A1%E6%A8%A1%E6%9D%BF%E5%9E%82%E7%9B%B4%E6%94%AF%E6%92%91%E7%B3%BB%E7%BB%9F%E5%AE%89%E5%85%A8%E6%8A%80%E6%9C%AF%E6%A0%87%E5%87%86%E3%80%8B%E4%B8%BA%E4%B8%8A%E6%B5%B7%E5%B8%82%E5%B7%A5%E7%A8%8B%E5%BB%BA%E8%AE%BE%E8%A7%84%E8%8C%83%E7%9A%84%E9%80%9A%E7%9F%A5.pdf		新批准，现行标准栏目未收录
轨道交通与地下工程	建设工程地下水控制技术标准		2025-05-30	沪建标定〔2025〕285号	上海市住房和城乡建设管理委员会	https://www.shanghai.gov.cn/zhengce/detail?businessId=e816572395a54ad2b43fbf8ccc5fc446&siteId=0011		https://www.shanghai.gov.cn/gwk/resource/file?pathname=2/0011/ef/ef584e2894cc4c83affb20db89ad9241/b80791aa8c389e36eb5f8dc5f0058ce6.pdf&filename=%E4%B8%8A%E6%B5%B7%E5%B8%82%E4%BD%8F%E6%88%BF%E5%92%8C%E5%9F%8E%E4%B9%A1%E5%BB%BA%E8%AE%BE%E7%AE%A1%E7%90%86%E5%A7%94%E5%91%98%E4%BC%9A%E5%85%B3%E4%BA%8E%E6%89%B9%E5%87%86%E3%80%8A%E5%BB%BA%E8%AE%BE%E5%B7%A5%E7%A8%8B%E5%9C%B0%E4%B8%8B%E6%B0%B4%E6%8E%A7%E5%88%B6%E6%8A%80%E6%9C%AF%E6%A0%87%E5%87%86%E3%80%8B%E4%B8%BA%E4%B8%8A%E6%B5%B7%E5%B8%82%E5%B7%A5%E7%A8%8B%E5%BB%BA%E8%AE%BE%E8%A7%84%E8%8C%83%E7%9A%84%E9%80%9A%E7%9F%A5.pdf		新批准，现行标准栏目未收录
设备与智能化	上海市城市生命线安全工程信息通信管线 风险排查与评估导则		2025-05-28	沪经信基〔2025〕318号	上海市经济和信息化委员会	https://www.shanghai.gov.cn/zhengce/detail?businessId=dd455ce0463445c2b1dd7ac8cdade7a3&siteId=0020		https://www.shanghai.gov.cn/gwk/resource/file?pathname=2/0020/aa/aa4015cdb46748ae9cda5659997e92a2/647d305be00f826bab6145c1a3a46cf2.pdf&filename=%E4%B8%8A%E6%B5%B7%E5%B8%82%E7%BB%8F%E6%B5%8E%E4%BF%A1%E6%81%AF%E5%8C%96%E5%A7%94+%E5%B8%82%E4%BD%8F%E6%88%BF%E5%9F%8E%E4%B9%A1%E5%BB%BA%E8%AE%BE%E7%AE%A1%E7%90%86%E5%A7%94+%E5%85%B3%E4%BA%8E%E5%8D%B0%E5%8F%91%E3%80%8A%E4%B8%8A%E6%B5%B7%E5%B8%82%E5%9F%8E%E5%B8%82%E7%94%9F%E5%91%BD%E7%BA%BF%E5%AE%89%E5%85%A8%E5%B7%A5%E7%A8%8B%E4%BF%A1%E6%81%AF%E9%80%9A%E4%BF%A1%E7%AE%A1%E7%BA%BF+%E9%A3%8E%E9%99%A9%E6%8E%92%E6%9F%A5%E4%B8%8E%E8%AF%84%E4%BC%B0%E5%AF%BC%E5%88%99%E3%80%8B%E7%9A%84%E9%80%9A%E7%9F%A5.pdf	https://www.shanghai.gov.cn/cmsres/policy_resources/dd455ce0463445c2b1dd7ac8cdade7a3/9e7945eb5fb24823843d2a85f1a1d923/上海市城市生命线安全工程信息通信管线风险排查与评估导则.doc	新批准，现行标准栏目未收录
勘察与测绘	地面沉降监测设施维护维修技术标准		2025-05-13	沪建标定〔2025〕254号	上海市住房和城乡建设管理委员会	https://www.shanghai.gov.cn/zhengce/detail?businessId=1290c56f2b0c4b9cb244fee5cfc994ed&siteId=0011		https://www.shanghai.gov.cn/gwk/resource/file?pathname=2/0011/54/54d5fab3f6b74db1b4d916c21a6d1b0a/b80791aa8c389e36eb5f8dc5f0058ce6.pdf&filename=%E4%B8%8A%E6%B5%B7%E5%B8%82%E4%BD%8F%E6%88%BF%E5%92%8C%E5%9F%8E%E4%B9%A1%E5%BB%BA%E8%AE%BE%E7%AE%A1%E7%90%86%E5%A7%94%E5%91%98%E4%BC%9A%E5%85%B3%E4%BA%8E%E6%89%B9%E5%87%86%E3%80%8A%E5%9C%B0%E9%9D%A2%E6%B2%89%E9%99%8D%E7%9B%91%E6%B5%8B%E8%AE%BE%E6%96%BD%E7%BB%B4%E6%8A%A4%E7%BB%B4%E4%BF%AE%E6%8A%80%E6%9C%AF%E6%A0%87%E5%87%86%E3%80%8B%E4%B8%BA%E4%B8%8A%E6%B5%B7%E5%B8%82%E5%B7%A5%E7%A8%8B%E5%BB%BA%E8%AE%BE%E8%A7%84%E8%8C%83%E7%9A%84%E9%80%9A%E7%9F%A5.pdf		新批准，现行标准栏目未收录
绿化与市容	单位附属绿地开放共享建设技术标准		2025-05-13	沪建标定〔2025〕255号	上海市住房和城乡建设管理委员会	https://www.shanghai.gov.cn/zhengce/detail?businessId=fc2a1bbf40dd4b919bb2bd71d685a9e7&siteId=0011		https://www.shanghai.gov.cn/gwk/resource/file?pathname=2/0011/87/87f6e6cb553d4911b8d10b6ae5933d0e/b80791aa8c389e36eb5f8dc5f0058ce6.pdf&filename=%E4%B8%8A%E6%B5%B7%E5%B8%82%E4%BD%8F%E6%88%BF%E5%92%8C%E5%9F%8E%E4%B9%A1%E5%BB%BA%E8%AE%BE%E7%AE%A1%E7%90%86%E5%A7%94%E5%91%98%E4%BC%9A%E5%85%B3%E4%BA%8E%E6%89%B9%E5%87%86%E3%80%8A%E5%8D%95%E4%BD%8D%E9%99%84%E5%B1%9E%E7%BB%BF%E5%9C%B0%E5%BC%80%E6%94%BE%E5%85%B1%E4%BA%AB%E5%BB%BA%E8%AE%BE%E6%8A%80%E6%9C%AF%E6%A0%87%E5%87%86%E3%80%8B%E4%B8%BA%E4%B8%8A%E6%B5%B7%E5%B8%82%E5%B7%A5%E7%A8%8B%E5%BB%BA%E8%AE%BE%E8%A7%84%E8%8C%83%E7%9A%84%E9%80%9A%E7%9F%A5.pdf		新批准，现行标准栏目未收录
市政与道路	堤防工程安全评价及养护技术标准		2025-04-29	沪建标定〔2025〕237号	上海市住房和城乡建设管理委员会	https://www.shanghai.gov.cn/zhengce/detail?businessId=47d8010fb54c492996e55f65bf16eac3&siteId=0011		https://www.shanghai.gov.cn/gwk/resource/file?pathname=2/0011/81/815a238c92f748589b6115289594c750/b80791aa8c389e36eb5f8dc5f0058ce6.pdf&filename=%E4%B8%8A%E6%B5%B7%E5%B8%82%E4%BD%8F%E6%88%BF%E5%92%8C%E5%9F%8E%E4%B9%A1%E5%BB%BA%E8%AE%BE%E7%AE%A1%E7%90%86%E5%A7%94%E5%91%98%E4%BC%9A%E5%85%B3%E4%BA%8E%E6%89%B9%E5%87%86%E3%80%8A%E5%A0%A4%E9%98%B2%E5%B7%A5%E7%A8%8B%E5%AE%89%E5%85%A8%E8%AF%84%E4%BB%B7%E5%8F%8A%E5%85%BB%E6%8A%A4%E6%8A%80%E6%9C%AF%E6%A0%87%E5%87%86%E3%80%8B%E4%B8%BA%E4%B8%8A%E6%B5%B7%E5%B8%82%E5%B7%A5%E7%A8%8B%E5%BB%BA%E8%AE%BE%E8%A7%84%E8%8C%83%E7%9A%84%E9%80%9A%E7%9F%A5.pdf		新批准，现行标准栏目未收录
市政与道路	城市道路设计标准		2025-04-27	沪建标定〔2025〕235号	上海市住房和城乡建设管理委员会	https://www.shanghai.gov.cn/zhengce/detail?businessId=ca0e8f97c17e45279a4c286b5fcdfa42&siteId=0011		https://www.shanghai.gov.cn/gwk/resource/file?pathname=2/0011/c2/c2ba0e0390b149b2a9311f07e88477d0/b80791aa8c389e36eb5f8dc5f0058ce6.pdf&filename=%E4%B8%8A%E6%B5%B7%E5%B8%82%E4%BD%8F%E6%88%BF%E5%92%8C%E5%9F%8E%E4%B9%A1%E5%BB%BA%E8%AE%BE%E7%AE%A1%E7%90%86%E5%A7%94%E5%91%98%E4%BC%9A%E5%85%B3%E4%BA%8E%E6%89%B9%E5%87%86%E3%80%8A%E5%9F%8E%E5%B8%82%E9%81%93%E8%B7%AF%E8%AE%BE%E8%AE%A1%E6%A0%87%E5%87%86%E3%80%8B%E4%B8%BA%E4%B8%8A%E6%B5%B7%E5%B8%82%E5%B7%A5%E7%A8%8B%E5%BB%BA%E8%AE%BE%E8%A7%84%E8%8C%83%E7%9A%84%E9%80%9A%E7%9F%A5.pdf		新批准，现行标准栏目未收录
绿色建筑与节能	超低能耗建筑设计标准（公共建筑）		2025-04-23	沪建标定〔2025〕227号	上海市住房和城乡建设管理委员会	https://www.shanghai.gov.cn/zhengce/detail?businessId=62a5033caf2349d1abb2f059a7807283&siteId=0011		https://www.shanghai.gov.cn/gwk/resource/file?pathname=2/0011/af/afb9ffa581ca474793bcd76fe843fef9/b80791aa8c389e36eb5f8dc5f0058ce6.pdf&filename=%E4%B8%8A%E6%B5%B7%E5%B8%82%E4%BD%8F%E6%88%BF%E5%92%8C%E5%9F%8E%E4%B9%A1%E5%BB%BA%E8%AE%BE%E7%AE%A1%E7%90%86%E5%A7%94%E5%91%98%E4%BC%9A%E5%85%B3%E4%BA%8E%E6%89%B9%E5%87%86%E3%80%8A%E8%B6%85%E4%BD%8E%E8%83%BD%E8%80%97%E5%BB%BA%E7%AD%91%E8%AE%BE%E8%AE%A1%E6%A0%87%E5%87%86%EF%BC%88%E5%85%AC%E5%85%B1%E5%BB%BA%E7%AD%91%EF%BC%89%E3%80%8B%E4%B8%BA%E4%B8%8A%E6%B5%B7%E5%B8%82%E5%B7%A5%E7%A8%8B%E5%BB%BA%E8%AE%BE%E8%A7%84%E8%8C%83%E7%9A%84%E9%80%9A%E7%9F%A5.pdf		新批准，现行标准栏目未收录
规划与不动产	上海市城市规划管理技术规定（土地使用 建筑管理）应用解释		2025-04-16	沪规划资源建〔2025〕131号	上海市规划和自然资源局	https://www.shanghai.gov.cn/zhengce/detail?businessId=72d2cd5662b54f14b2375a5e984867a3&siteId=0032		https://www.shanghai.gov.cn/gwk/resource/file?pathname=2/0032/12/1229d0b773fc41799730b85a4c0ad2c0/978eb69809f5eedf1a3f55ebb3d05daa.pdf&filename=%E5%85%B3%E4%BA%8E%E3%80%8A%E4%B8%8A%E6%B5%B7%E5%B8%82%E5%9F%8E%E5%B8%82%E8%A7%84%E5%88%92%E7%AE%A1%E7%90%86%E6%8A%80%E6%9C%AF%E8%A7%84%E5%AE%9A%EF%BC%88%E5%9C%9F%E5%9C%B0%E4%BD%BF%E7%94%A8+%E5%BB%BA%E7%AD%91%E7%AE%A1%E7%90%86%EF%BC%89%E5%BA%94%E7%94%A8%E8%A7%A3%E9%87%8A%E3%80%8B%E7%BB%A7%E7%BB%AD%E9%80%82%E7%94%A8%E7%9A%84%E9%80%9A%E7%9F%A5.pdf		新批准，现行标准栏目未收录
市政与道路	公共汽车和电车中途站候车设施配置标准		2025-04-08	沪建标定〔2025〕205号	上海市住房和城乡建设管理委员会	https://www.shanghai.gov.cn/zhengce/detail?businessId=3e49ab5fa6894cf39d45096cb44194d0&siteId=0011		https://www.shanghai.gov.cn/gwk/resource/file?pathname=2/0011/fb/fb2f43d381fd4d5185e4c522d905b468/b80791aa8c389e36eb5f8dc5f0058ce6.pdf&filename=%E4%B8%8A%E6%B5%B7%E5%B8%82%E4%BD%8F%E6%88%BF%E5%92%8C%E5%9F%8E%E4%B9%A1%E5%BB%BA%E8%AE%BE%E7%AE%A1%E7%90%86%E5%A7%94%E5%91%98%E4%BC%9A%E5%85%B3%E4%BA%8E%E6%89%B9%E5%87%86%E3%80%8A%E5%85%AC%E5%85%B1%E6%B1%BD%E8%BD%A6%E5%92%8C%E7%94%B5%E8%BD%A6%E4%B8%AD%E9%80%94%E7%AB%99%E5%80%99%E8%BD%A6%E8%AE%BE%E6%96%BD%E9%85%8D%E7%BD%AE%E6%A0%87%E5%87%86%E3%80%8B%E4%B8%BA%E4%B8%8A%E6%B5%B7%E5%B8%82%E5%B7%A5%E7%A8%8B%E5%BB%BA%E8%AE%BE%E8%A7%84%E8%8C%83%E7%9A%84%E9%80%9A%E7%9F%A5.pdf		新批准，现行标准栏目未收录
改造与历史建筑	优秀历史建筑保护修缮技术标准	DG/TJ08-108-2014	2025-04-08	沪建标定〔2025〕201号	上海市住房和城乡建设管理委员会	https://www.shanghai.gov.cn/zhengce/detail?businessId=003aadbdf0e244b2992c35aec11bbeb2&siteId=0011	https://zjw.sh.gov.cn/shsd/userfiles/369优秀历史建筑保护修缮技术规程.pdf	https://www.shanghai.gov.cn/gwk/resource/file?pathname=2/0011/f1/f1565b3baf394ae2a4531c7b25b05763/b80791aa8c389e36eb5f8dc5f0058ce6.pdf&filename=%E4%B8%8A%E6%B5%B7%E5%B8%82%E4%BD%8F%E6%88%BF%E5%92%8C%E5%9F%8E%E4%B9%A1%E5%BB%BA%E8%AE%BE%E7%AE%A1%E7%90%86%E5%A7%94%E5%91%98%E4%BC%9A%E5%85%B3%E4%BA%8E%E6%89%B9%E5%87%86%E3%80%8A%E4%BC%98%E7%A7%80%E5%8E%86%E5%8F%B2%E5%BB%BA%E7%AD%91%E4%BF%9D%E6%8A%A4%E4%BF%AE%E7%BC%AE%E6%8A%80%E6%9C%AF%E6%A0%87%E5%87%86%E3%80%8B%E4%B8%BA%E4%B8%8A%E6%B5%B7%E5%B8%82%E5%B7%A5%E7%A8%8B%E5%BB%BA%E8%AE%BE%E8%A7%84%E8%8C%83%E7%9A%84%E9%80%9A%E7%9F%A5.pdf		现行标准栏目已收录/实施 2015-01-01
规划与不动产	国土空间综合整治工程技术标准		2025-04-08	沪建标定〔2025〕200号	上海市住房和城乡建设管理委员会	https://www.shanghai.gov.cn/zhengce/detail?businessId=59617b927b2a484ebabdf255710eb9aa&siteId=0011		https://www.shanghai.gov.cn/gwk/resource/file?pathname=2/0011/c5/c5d177fcda9244418894dc395524cfb1/b80791aa8c389e36eb5f8dc5f0058ce6.pdf&filename=%E4%B8%8A%E6%B5%B7%E5%B8%82%E4%BD%8F%E6%88%BF%E5%92%8C%E5%9F%8E%E4%B9%A1%E5%BB%BA%E8%AE%BE%E7%AE%A1%E7%90%86%E5%A7%94%E5%91%98%E4%BC%9A%E5%85%B3%E4%BA%8E%E6%89%B9%E5%87%86%E3%80%8A%E5%9B%BD%E5%9C%9F%E7%A9%BA%E9%97%B4%E7%BB%BC%E5%90%88%E6%95%B4%E6%B2%BB%E5%B7%A5%E7%A8%8B%E6%8A%80%E6%9C%AF%E6%A0%87%E5%87%86%E3%80%8B%E4%B8%BA%E4%B8%8A%E6%B5%B7%E5%B8%82%E5%B7%A5%E7%A8%8B%E5%BB%BA%E8%AE%BE%E8%A7%84%E8%8C%83%E7%9A%84%E9%80%9A%E7%9F%A5.pdf		新批准，现行标准栏目未收录
设备与智能化	地面辐射供暖技术标准	DGJ08-2161-2015	2025-04-08	沪建标定〔2025〕203号	上海市住房和城乡建设管理委员会	https://www.shanghai.gov.cn/zhengce/detail?businessId=952b5f328e03489bbb6ceefb492df32c&siteId=0011	https://zjw.sh.gov.cn/shsd/userfiles/地面辐射供暖技术规程20160217095557.pdf	https://www.shanghai.gov.cn/gwk/resource/file?pathname=2/0011/8d/8d2c01ed7b2a4dff89ca75b6db72fb27/b80791aa8c389e36eb5f8dc5f0058ce6.pdf&filename=%E4%B8%8A%E6%B5%B7%E5%B8%82%E4%BD%8F%E6%88%BF%E5%92%8C%E5%9F%8E%E4%B9%A1%E5%BB%BA%E8%AE%BE%E7%AE%A1%E7%90%86%E5%A7%94%E5%91%98%E4%BC%9A%E5%85%B3%E4%BA%8E%E6%89%B9%E5%87%86%E3%80%8A%E5%9C%B0%E9%9D%A2%E8%BE%90%E5%B0%84%E4%BE%9B%E6%9A%96%E6%8A%80%E6%9C%AF%E6%A0%87%E5%87%86%E3%80%8B%E4%B8%BA%E4%B8%8A%E6%B5%B7%E5%B8%82%E5%B7%A5%E7%A8%8B%E5%BB%BA%E8%AE%BE%E8%A7%84%E8%8C%83%E7%9A%84%E9%80%9A%E7%9F%A5.pdf		现行标准栏目已收录/实施 2016-02-01
水务与海绵	原水引水管渠监测技术规程		2025-04-06	沪水务〔2025〕129号	上海市水务局	https://www.shanghai.gov.cn/zhengce/detail?businessId=a116e2865b5b4657a98b8cf0f4dd6fb8&siteId=0004		https://www.shanghai.gov.cn/gwk/resource/file?pathname=2/0004/48/48f9d5846e5348b9b3335eb93f0ea230/8a4fbce7ff8e2956f048f1161b755822.pdf&filename=%E4%B8%8A%E6%B5%B7%E5%B8%82%E6%B0%B4%E5%8A%A1%E5%B1%80%E5%85%B3%E4%BA%8E%E5%8D%B0%E5%8F%91%E3%80%8A%E5%8E%9F%E6%B0%B4%E5%BC%95%E6%B0%B4%E7%AE%A1%E6%B8%A0%E7%9B%91%E6%B5%8B%E6%8A%80%E6%9C%AF%E8%A7%84%E7%A8%8B%E3%80%8B%E7%9A%84%E9%80%9A%E7%9F%A5.pdf	https://www.shanghai.gov.cn/gwk/resource/file?pathname=2/0004/cd/cda2da9bf4164ce09612dd8a93cd57eb/6a48f13d74a9145b7f94965dd946807b.pdf&filename=%E6%B2%AA%E6%B0%B4%E5%8A%A1%E3%80%942025%E3%80%95129%E5%8F%B7%E9%99%84%E4%BB%B6.pdf	新批准，现行标准栏目未收录
市政与道路	公路养护工程质量检验评定标准		2025-03-26	沪建标定〔2025〕110 号	上海市住房和城乡建设管理委员会	https://zjw.sh.gov.cn/jsgl/20250326/f9b78e833634487bb6ad7aea01b065e4.html			https://zjw.sh.gov.cn/cmsres/09/095a580b753b4569910eb7c8c2672bde/b80791aa8c389e36eb5f8dc5f0058ce6.pdf	新批准，现行标准栏目未收录
改造与历史建筑	旧住房更新改造查勘标准		2025-03-26	沪建标定〔2025〕111 号	上海市住房和城乡建设管理委员会	https://zjw.sh.gov.cn/jsgl/20250326/e71540ea22434ff1b4605ebf56dcbd89.html			https://zjw.sh.gov.cn/cmsres/ad/ad5d705a61924460b6282436392a09ae/b80791aa8c389e36eb5f8dc5f0058ce6.pdf	新批准，现行标准栏目未收录
结构与抗震	干混砌筑砂浆抗压强度现场检测技术标准		2025-03-26	沪建标定〔2025〕95 号	上海市住房和城乡建设管理委员会	https://zjw.sh.gov.cn/jsgl/20250326/1e61c7c68bf0498b8fb683670f7a94b6.html			https://zjw.sh.gov.cn/cmsres/67/671dc14aee784c1a9bb435eed33d6de4/b80791aa8c389e36eb5f8dc5f0058ce6.pdf	新批准，现行标准栏目未收录
绿化与市容	上海市休闲森林公园规划建设导则（试行）		2025-03-26	沪绿容〔2025〕42号	上海市绿化和市容管理局	https://www.shanghai.gov.cn/zhengce/detail?businessId=c0c24607db324badb16d78e6d4cea4a7&siteId=0039		https://www.shanghai.gov.cn/gwk/resource/file?pathname=2/0039/b4/b40eab4cb9d44bf4a2d169afea712e93/e02467456d52899f8e4af9ff461ffdd2.pdf&filename=%E5%85%B3%E4%BA%8E%E5%8D%B0%E5%8F%91%E3%80%8A%E4%B8%8A%E6%B5%B7%E5%B8%82%E4%BC%91%E9%97%B2%E6%A3%AE%E6%9E%97%E5%85%AC%E5%9B%AD%E8%A7%84%E5%88%92%E5%BB%BA%E8%AE%BE%E5%AF%BC%E5%88%99%EF%BC%88%E8%AF%95%E8%A1%8C%EF%BC%89%E3%80%8B%E7%9A%84%E9%80%9A%E7%9F%A5.pdf	https://www.shanghai.gov.cn/gwk/resource/file?pathname=2/0039/e5/e5dbd5217b914df7b06530d2f1ed7c51/44205297c6d67075dc0e5149d00410fa.pdf&filename=%E3%80%8A%E4%B8%8A%E6%B5%B7%E5%B8%82%E4%BC%91%E9%97%B2%E6%A3%AE%E6%9E%97%E5%85%AC%E5%9B%AD%E8%A7%84%E5%88%92%E5%BB%BA%E8%AE%BE%E5%AF%BC%E5%88%99%EF%BC%88%E8%AF%95%E8%A1%8C%EF%BC%89%E3%80%8B.pdf	新批准，现行标准栏目未收录
绿化与市容	绿化植物保护技术标准	DG/TJ08-35-2014	2025-03-26	沪建标定〔2025〕118 号	上海市住房和城乡建设管理委员会	https://zjw.sh.gov.cn/jsgl/20250326/3e217605e6f346709b41bb449cf7c7a2.html	https://zjw.sh.gov.cn/shsd/userfiles/3绿化植物保护技术规程20151028140043.pdf		https://zjw.sh.gov.cn/cmsres/ef/ef7f4b78de564f7399ff071b0a582b1b/b80791aa8c389e36eb5f8dc5f0058ce6.pdf	现行标准栏目已收录/实施 2014-07-01
建筑与住区	住宅工程套内质量验收标准	DG/TJ08-2062-2017	2025-03-19	沪建标定〔2025〕164号	上海市住房和城乡建设管理委员会	https://www.shanghai.gov.cn/zhengce/detail?businessId=2578304689ef4726ba88aae3ca4c5955&siteId=0011	https://zjw.sh.gov.cn/cmsres/6f/6ff579ca284d4a1abfc688accd7a4e4f/a9cdfe0014419e9078022e0ae738be1a.pdf	https://www.shanghai.gov.cn/gwk/resource/file?pathname=2/0011/a9/a92660f9e8bb40e48254bc932fbfb784/b80791aa8c389e36eb5f8dc5f0058ce6.pdf&filename=%E4%B8%8A%E6%B5%B7%E5%B8%82%E4%BD%8F%E6%88%BF%E5%92%8C%E5%9F%8E%E4%B9%A1%E5%BB%BA%E8%AE%BE%E7%AE%A1%E7%90%86%E5%A7%94%E5%91%98%E4%BC%9A%E5%85%B3%E4%BA%8E%E6%89%B9%E5%87%86%E3%80%8A%E4%BD%8F%E5%AE%85%E5%B7%A5%E7%A8%8B%E5%A5%97%E5%86%85%E8%B4%A8%E9%87%8F%E9%AA%8C%E6%94%B6%E6%A0%87%E5%87%86%E3%80%8B%E4%B8%BA%E4%B8%8A%E6%B5%B7%E5%B8%82%E5%B7%A5%E7%A8%8B%E5%BB%BA%E8%AE%BE%E8%A7%84%E8%8C%83%E7%9A%84%E9%80%9A%E7%9F%A5.pdf		现行标准栏目已收录/实施 2017-08-01
结构与抗震	智能驾驶道路基础框架数据标准		2025-03-19	沪建标定〔2025〕167号	上海市住房和城乡建设管理委员会	https://www.shanghai.gov.cn/zhengce/detail?businessId=f29d124011de47849a0e25c9c5f9e363&siteId=0011		https://www.shanghai.gov.cn/gwk/resource/file?pathname=2/0011/90/90088fbb39074794bdb5be9888a83a95/b80791aa8c389e36eb5f8dc5f0058ce6.pdf&filename=%E4%B8%8A%E6%B5%B7%E5%B8%82%E4%BD%8F%E6%88%BF%E5%92%8C%E5%9F%8E%E4%B9%A1%E5%BB%BA%E8%AE%BE%E7%AE%A1%E7%90%86%E5%A7%94%E5%91%98%E4%BC%9A%E5%85%B3%E4%BA%8E%E6%89%B9%E5%87%86%E3%80%8A%E6%99%BA%E8%83%BD%E9%A9%BE%E9%A9%B6%E9%81%93%E8%B7%AF%E5%9F%BA%E7%A1%80%E6%A1%86%E6%9E%B6%E6%95%B0%E6%8D%AE%E6%A0%87%E5%87%86%E3%80%8B%E4%B8%BA%E4%B8%8A%E6%B5%B7%E5%B8%82%E5%B7%A5%E7%A8%8B%E5%BB%BA%E8%AE%BE%E8%A7%84%E8%8C%83%E7%9A%84%E9%80%9A%E7%9F%A5.pdf		新批准，现行标准栏目未收录
绿化与市容	生态公益林建设技术标准	DG/TJ08-2058-2017	2025-03-11	沪建标定〔2025〕145号	上海市住房和城乡建设管理委员会	https://www.shanghai.gov.cn/zhengce/detail?businessId=90691207ef054dc8aca0c14850782ce3&siteId=0011	https://zjw.sh.gov.cn/cmsres/4c/4c8022f4208642db808c045741bef45d/cdc7e499b211a8cc6682d2e5314a84c1.pdf	https://www.shanghai.gov.cn/gwk/resource/file?pathname=2/0011/b3/b39e141e04b1467aadbe58f38814ea74/b80791aa8c389e36eb5f8dc5f0058ce6.pdf&filename=%E4%B8%8A%E6%B5%B7%E5%B8%82%E4%BD%8F%E6%88%BF%E5%92%8C%E5%9F%8E%E4%B9%A1%E5%BB%BA%E8%AE%BE%E7%AE%A1%E7%90%86%E5%A7%94%E5%91%98%E4%BC%9A%E5%85%B3%E4%BA%8E%E6%89%B9%E5%87%86%E3%80%8A%E7%94%9F%E6%80%81%E5%85%AC%E7%9B%8A%E6%9E%97%E5%BB%BA%E8%AE%BE%E6%8A%80%E6%9C%AF%E6%A0%87%E5%87%86%E3%80%8B%E4%B8%BA%E4%B8%8A%E6%B5%B7%E5%B8%82%E5%B7%A5%E7%A8%8B%E5%BB%BA%E8%AE%BE%E8%A7%84%E8%8C%83%E7%9A%84%E9%80%9A%E7%9F%A5.pdf		现行标准栏目已收录/实施 2018-05-01
规划与不动产	集体土地所有权调查技术标准	DG/TJ08-2120-2013	2025-03-11	沪建标定〔2025〕146号	上海市住房和城乡建设管理委员会	https://www.shanghai.gov.cn/zhengce/detail?businessId=e31199f39a7b471ea10c5b14417fe37a&siteId=0011	https://zjw.sh.gov.cn/shsd/userfiles/315集体土地所有权调查技术规范.pdf	https://www.shanghai.gov.cn/gwk/resource/file?pathname=2/0011/f2/f28cb5c114c9464a8a5644427ea4a0be/b80791aa8c389e36eb5f8dc5f0058ce6.pdf&filename=%E4%B8%8A%E6%B5%B7%E5%B8%82%E4%BD%8F%E6%88%BF%E5%92%8C%E5%9F%8E%E4%B9%A1%E5%BB%BA%E8%AE%BE%E7%AE%A1%E7%90%86%E5%A7%94%E5%91%98%E4%BC%9A%E5%85%B3%E4%BA%8E%E6%89%B9%E5%87%86%E3%80%8A%E9%9B%86%E4%BD%93%E5%9C%9F%E5%9C%B0%E6%89%80%E6%9C%89%E6%9D%83%E8%B0%83%E6%9F%A5%E6%8A%80%E6%9C%AF%E6%A0%87%E5%87%86%E3%80%8B%E4%B8%BA%E4%B8%8A%E6%B5%B7%E5%B8%82%E5%B7%A5%E7%A8%8B%E5%BB%BA%E8%AE%BE%E8%A7%84%E8%8C%83%E7%9A%84%E9%80%9A%E7%9F%A5.pdf		现行标准栏目已收录/实施 2013-05-01
设备与智能化	地下管线探测技术标准	DGJ08-2097-2012	2025-03-11	沪建标定〔2025〕147号	上海市住房和城乡建设管理委员会	https://www.shanghai.gov.cn/zhengce/detail?businessId=63bb3b9de6024ba3914fbda2ca105c39&siteId=0011	https://zjw.sh.gov.cn/shsd/userfiles/281地下管线探测技术规程.pdf	https://www.shanghai.gov.cn/gwk/resource/file?pathname=2/0011/77/77f6706eb3834ab4a1272f09e60ec99b/b80791aa8c389e36eb5f8dc5f0058ce6.pdf&filename=%E4%B8%8A%E6%B5%B7%E5%B8%82%E4%BD%8F%E6%88%BF%E5%92%8C%E5%9F%8E%E4%B9%A1%E5%BB%BA%E8%AE%BE%E7%AE%A1%E7%90%86%E5%A7%94%E5%91%98%E4%BC%9A%E5%85%B3%E4%BA%8E%E6%89%B9%E5%87%86%E3%80%8A%E5%9C%B0%E4%B8%8B%E7%AE%A1%E7%BA%BF%E6%8E%A2%E6%B5%8B%E6%8A%80%E6%9C%AF%E6%A0%87%E5%87%86%E3%80%8B%E4%B8%BA%E4%B8%8A%E6%B5%B7%E5%B8%82%E5%B7%A5%E7%A8%8B%E5%BB%BA%E8%AE%BE%E8%A7%84%E8%8C%83%E7%9A%84%E9%80%9A%E7%9F%A5.pdf		现行标准栏目已收录/实施 2012-04-01
消防与人防	人民防空工程安全风险评估技术标准		2025-03-05	沪建标定〔2025〕135号	上海市住房和城乡建设管理委员会	https://www.shanghai.gov.cn/zhengce/detail?businessId=44d1af2c147444e8bb3d6c4d1dcab86a&siteId=0011		https://www.shanghai.gov.cn/gwk/resource/file?pathname=2/0011/b6/b68934bdfc324caabaa594ce98c5291d/b80791aa8c389e36eb5f8dc5f0058ce6.pdf&filename=%E4%B8%8A%E6%B5%B7%E5%B8%82%E4%BD%8F%E6%88%BF%E5%92%8C%E5%9F%8E%E4%B9%A1%E5%BB%BA%E8%AE%BE%E7%AE%A1%E7%90%86%E5%A7%94%E5%91%98%E4%BC%9A%E5%85%B3%E4%BA%8E%E6%89%B9%E5%87%86%E3%80%8A%E4%BA%BA%E6%B0%91%E9%98%B2%E7%A9%BA%E5%B7%A5%E7%A8%8B%E5%AE%89%E5%85%A8%E9%A3%8E%E9%99%A9%E8%AF%84%E4%BC%B0%E6%8A%80%E6%9C%AF%E6%A0%87%E5%87%86%E3%80%8B%E4%B8%BA%E4%B8%8A%E6%B5%B7%E5%B8%82%E5%B7%A5%E7%A8%8B%E5%BB%BA%E8%AE%BE%E8%A7%84%E8%8C%83%E7%9A%84%E9%80%9A%E7%9F%A5.pdf		新批准，现行标准栏目未收录
规划与不动产	城市地理实体信息智能采集与建库技术标准		2025-03-05	沪建标定〔2025〕134号	上海市住房和城乡建设管理委员会	https://www.shanghai.gov.cn/zhengce/detail?businessId=360e1daeb299470bb4ccd8559a4ca291&siteId=0011		https://www.shanghai.gov.cn/gwk/resource/file?pathname=2/0011/38/38dbe4b535b241af9d641a103f645300/b80791aa8c389e36eb5f8dc5f0058ce6.pdf&filename=%E4%B8%8A%E6%B5%B7%E5%B8%82%E4%BD%8F%E6%88%BF%E5%92%8C%E5%9F%8E%E4%B9%A1%E5%BB%BA%E8%AE%BE%E7%AE%A1%E7%90%86%E5%A7%94%E5%91%98%E4%BC%9A%E5%85%B3%E4%BA%8E%E6%89%B9%E5%87%86%E3%80%8A%E5%9F%8E%E5%B8%82%E5%9C%B0%E7%90%86%E5%AE%9E%E4%BD%93%E4%BF%A1%E6%81%AF%E6%99%BA%E8%83%BD%E9%87%87%E9%9B%86%E4%B8%8E%E5%BB%BA%E5%BA%93%E6%8A%80%E6%9C%AF%E6%A0%87%E5%87%86%E3%80%8B%E4%B8%BA%E4%B8%8A%E6%B5%B7%E5%B8%82%E5%B7%A5%E7%A8%8B%E5%BB%BA%E8%AE%BE%E8%A7%84%E8%8C%83%E7%9A%84%E9%80%9A%E7%9F%A5.pdf		新批准，现行标准栏目未收录
绿化与市容	绿化植物保护技术标准	DG/TJ08-35-2014	2025-02-28	沪建标定〔2025〕118号	上海市住房和城乡建设管理委员会	https://www.shanghai.gov.cn/zhengce/detail?businessId=5f5686bfaa2c470e81f387aabd29b98f&siteId=0011	https://zjw.sh.gov.cn/shsd/userfiles/3绿化植物保护技术规程20151028140043.pdf	https://www.shanghai.gov.cn/gwk/resource/file?pathname=2/0011/ea/ea816fe8dce340fc9bbd3c9a246ca4f1/b80791aa8c389e36eb5f8dc5f0058ce6.pdf&filename=%E4%B8%8A%E6%B5%B7%E5%B8%82%E4%BD%8F%E6%88%BF%E5%92%8C%E5%9F%8E%E4%B9%A1%E5%BB%BA%E8%AE%BE%E7%AE%A1%E7%90%86%E5%A7%94%E5%91%98%E4%BC%9A%E5%85%B3%E4%BA%8E%E6%89%B9%E5%87%86%E3%80%8A%E7%BB%BF%E5%8C%96%E6%A4%8D%E7%89%A9%E4%BF%9D%E6%8A%A4%E6%8A%80%E6%9C%AF%E6%A0%87%E5%87%86%E3%80%8B%E4%B8%BA%E4%B8%8A%E6%B5%B7%E5%B8%82%E5%B7%A5%E7%A8%8B%E5%BB%BA%E8%AE%BE%E8%A7%84%E8%8C%83%E7%9A%84%E9%80%9A%E7%9F%A5.pdf		现行标准栏目已收录/实施 2014-07-01
改造与历史建筑	旧住房更新改造查勘标准		2025-02-25	沪建标定〔2025〕111号	上海市住房和城乡建设管理委员会	https://www.shanghai.gov.cn/zhengce/detail?businessId=75a94fab5a4a42739c9e2068885f605e&siteId=0011		https://www.shanghai.gov.cn/gwk/resource/file?pathname=2/0011/2e/2e159c00e3244084a669052ff9b51266/b80791aa8c389e36eb5f8dc5f0058ce6.pdf&filename=%E4%B8%8A%E6%B5%B7%E5%B8%82%E4%BD%8F%E6%88%BF%E5%92%8C%E5%9F%8E%E4%B9%A1%E5%BB%BA%E8%AE%BE%E7%AE%A1%E7%90%86%E5%A7%94%E5%91%98%E4%BC%9A%E5%85%B3%E4%BA%8E%E6%89%B9%E5%87%86%E3%80%8A%E6%97%A7%E4%BD%8F%E6%88%BF%E6%9B%B4%E6%96%B0%E6%94%B9%E9%80%A0%E6%9F%A5%E5%8B%98%E6%A0%87%E5%87%86%E3%80%8B%E4%B8%BA%E4%B8%8A%E6%B5%B7%E5%B8%82%E5%B7%A5%E7%A8%8B%E5%BB%BA%E8%AE%BE%E8%A7%84%E8%8C%83%E7%9A%84%E9%80%9A%E7%9F%A5.pdf		新批准，现行标准栏目未收录
结构与抗震	干混砌筑砂浆抗压强度现场检测技术标准		2025-02-18	沪建标定〔2025〕95号	上海市住房和城乡建设管理委员会	https://www.shanghai.gov.cn/zhengce/detail?businessId=8e32e2be5f9548c68807af1ffc87ed5a&siteId=0011		https://www.shanghai.gov.cn/gwk/resource/file?pathname=2/0011/f7/f7b8fe871e834498b3c8b44b904e7803/b80791aa8c389e36eb5f8dc5f0058ce6.pdf&filename=%E4%B8%8A%E6%B5%B7%E5%B8%82%E4%BD%8F%E6%88%BF%E5%92%8C%E5%9F%8E%E4%B9%A1%E5%BB%BA%E8%AE%BE%E7%AE%A1%E7%90%86%E5%A7%94%E5%91%98%E4%BC%9A%E5%85%B3%E4%BA%8E%E6%89%B9%E5%87%86%E3%80%8A%E5%B9%B2%E6%B7%B7%E7%A0%8C%E7%AD%91%E7%A0%82%E6%B5%86%E6%8A%97%E5%8E%8B%E5%BC%BA%E5%BA%A6%E7%8E%B0%E5%9C%BA%E6%A3%80%E6%B5%8B%E6%8A%80%E6%9C%AF%E6%A0%87%E5%87%86%E3%80%8B%E4%B8%BA%E4%B8%8A%E6%B5%B7%E5%B8%82%E5%B7%A5%E7%A8%8B%E5%BB%BA%E8%AE%BE%E8%A7%84%E8%8C%83%E7%9A%84%E9%80%9A%E7%9F%A5.pdf		新批准，现行标准栏目未收录
设备与智能化	建筑信息模型技术应用标准（城市轨道交通）		2025-02-11	沪建标定〔2025〕50 号	上海市住房和城乡建设管理委员会	https://zjw.sh.gov.cn/jsgl/20250211/117410708d7f4f5b8553285016054013.html			https://zjw.sh.gov.cn/cmsres/be/be4b4d377b3d4696934bd3b00e036cd0/b80791aa8c389e36eb5f8dc5f0058ce6.pdf	新批准，现行标准栏目未收录
水务与海绵	上海市公园、绿地与“一江一河”滨水开放空间设施配建管理导则		2025-01-21	沪规划资源建〔2025〕15号	上海市规划和自然资源局	https://www.shanghai.gov.cn/zhengce/detail?businessId=569e5a462c0040948573c7ede95b987c&siteId=0032		https://www.shanghai.gov.cn/gwk/resource/file?pathname=2/0032/83/836ad315298c4f0ab49593fc66724ac1/b27de5e60c0a14faf653e410fa98417d.pdf&filename=%E5%85%B3%E4%BA%8E%E5%8D%B0%E5%8F%91%E5%B9%B6%E5%AE%9E%E6%96%BD%E3%80%8A%E4%B8%8A%E6%B5%B7%E5%B8%82%E5%85%AC%E5%9B%AD%E3%80%81%E7%BB%BF%E5%9C%B0%E4%B8%8E%E2%80%9C%E4%B8%80%E6%B1%9F%E4%B8%80%E6%B2%B3%E2%80%9D%E6%BB%A8%E6%B0%B4%E5%BC%80%E6%94%BE%E7%A9%BA%E9%97%B4%E8%AE%BE%E6%96%BD%E9%85%8D%E5%BB%BA%E7%AE%A1%E7%90%86%E5%AF%BC%E5%88%99%E3%80%8B%E7%9A%84%E9%80%9A%E7%9F%A5.pdf	https://www.shanghai.gov.cn/gwk/resource/file?pathname=2/0032/9e/9e69134e509244f88da561ed58364a1b/d71c125e580c7482a6ac01bc272c0312.pdf&filename=%E4%B8%8A%E6%B5%B7%E5%B8%82%E5%85%AC%E5%9B%AD%E3%80%81%E7%BB%BF%E5%9C%B0%E4%B8%8E%E2%80%9C%E4%B8%80%E6%B1%9F%E4%B8%80%E6%B2%B3%E2%80%9D%E6%BB%A8%E6%B0%B4%E5%BC%80%E6%94%BE%E7%A9%BA%E9%97%B4%E8%AE%BE%E6%96%BD%E9%85%8D%E5%BB%BA%E7%AE%A1%E7%90%86%E5%AF%BC%E5%88%99.pdf	新批准，现行标准栏目未收录
施工与质量安全	建设工程检测管理标准	DG/TJ08-2042-2008	2025-01-17	沪建标定〔2025〕34号	上海市住房和城乡建设管理委员会	https://www.shanghai.gov.cn/zhengce/detail?businessId=011db43d49bf4d17b92c641a6da45aad&siteId=0011	https://zjw.sh.gov.cn/shsd/userfiles/205建设工程检测管理规程.pdf	https://www.shanghai.gov.cn/gwk/resource/file?pathname=2/0011/16/16e9d02d5b234b37aeb90f70f7bbbed7/b80791aa8c389e36eb5f8dc5f0058ce6.pdf&filename=%E4%B8%8A%E6%B5%B7%E5%B8%82%E4%BD%8F%E6%88%BF%E5%92%8C%E5%9F%8E%E4%B9%A1%E5%BB%BA%E8%AE%BE%E7%AE%A1%E7%90%86%E5%A7%94%E5%91%98%E4%BC%9A%E5%85%B3%E4%BA%8E%E6%89%B9%E5%87%86%E3%80%8A%E5%BB%BA%E8%AE%BE%E5%B7%A5%E7%A8%8B%E6%A3%80%E6%B5%8B%E7%AE%A1%E7%90%86%E6%A0%87%E5%87%86%E3%80%8B%E4%B8%BA%E4%B8%8A%E6%B5%B7%E5%B8%82%E5%B7%A5%E7%A8%8B%E5%BB%BA%E8%AE%BE%E8%A7%84%E8%8C%83%E7%9A%84%E9%80%9A%E7%9F%A5.pdf		现行标准栏目已收录/实施 2009-02-01
消防与人防	上海市智造空间防火设计导则		2025-01-17	沪建质安联〔2024〕639号	上海市住房和城乡建设管理委员会	https://www.shanghai.gov.cn/zhengce/detail?businessId=2a5770dc8c144c29a1319989ea4cc8e2&siteId=0011		https://www.shanghai.gov.cn/gwk/resource/file?pathname=2/0011/9a/9a5a5e5b939447169374d54e5468a33f/b80791aa8c389e36eb5f8dc5f0058ce6.pdf&filename=%E5%85%B3%E4%BA%8E%E5%8D%B0%E5%8F%91%E3%80%8A%E4%B8%8A%E6%B5%B7%E5%B8%82%E6%99%BA%E9%80%A0%E7%A9%BA%E9%97%B4%E9%98%B2%E7%81%AB%E8%AE%BE%E8%AE%A1%E5%AF%BC%E5%88%99%E3%80%8B%E7%9A%84%E9%80%9A%E7%9F%A5.pdf	https://www.shanghai.gov.cn/gwk/resource/file?pathname=2/0011/ca/cae1f79037474249bc7b418746308a77/8f2bdfcc52f12cd48b761d967ff5d1f7.pdf&filename=%E3%80%8A%E4%B8%8A%E6%B5%B7%E5%B8%82%E6%99%BA%E9%80%A0%E7%A9%BA%E9%97%B4%E9%98%B2%E7%81%AB%E8%AE%BE%E8%AE%A1%E5%AF%BC%E5%88%99%E3%80%8B.pdf	新批准，现行标准栏目未收录
设备与智能化	城镇排水工程施工质量验收标准	DG/TJ08-2110-2012	2025-01-17	沪建标定〔2025〕35号	上海市住房和城乡建设管理委员会	https://www.shanghai.gov.cn/zhengce/detail?businessId=420a9200bae347c28b0fdf61fb2aaf9f&siteId=0011	https://zjw.sh.gov.cn/shsd/userfiles/300城镇排水工程施工质量验收规.pdf	https://www.shanghai.gov.cn/gwk/resource/file?pathname=2/0011/1c/1cc3ff303856466eb3f50aac98bb0fe1/b80791aa8c389e36eb5f8dc5f0058ce6.pdf&filename=%E4%B8%8A%E6%B5%B7%E5%B8%82%E4%BD%8F%E6%88%BF%E5%92%8C%E5%9F%8E%E4%B9%A1%E5%BB%BA%E8%AE%BE%E7%AE%A1%E7%90%86%E5%A7%94%E5%91%98%E4%BC%9A%E5%85%B3%E4%BA%8E%E6%89%B9%E5%87%86%E3%80%8A%E5%9F%8E%E9%95%87%E6%8E%92%E6%B0%B4%E5%B7%A5%E7%A8%8B%E6%96%BD%E5%B7%A5%E8%B4%A8%E9%87%8F%E9%AA%8C%E6%94%B6%E6%A0%87%E5%87%86%E3%80%8B%E4%B8%BA%E4%B8%8A%E6%B5%B7%E5%B8%82%E5%B7%A5%E7%A8%8B%E5%BB%BA%E8%AE%BE%E8%A7%84%E8%8C%83%E7%9A%84%E9%80%9A%E7%9F%A5.pdf		现行标准栏目已收录/实施 2012-08-01
建筑与住区	建筑装饰工程石材应用技术标准	DG/TJ08-2134-2013	2025-01-08	沪建标定〔2025〕11号	上海市住房和城乡建设管理委员会	https://www.shanghai.gov.cn/zhengce/detail?businessId=4c3ca37d672d47fab83442063f36bbfc&siteId=0011	https://zjw.sh.gov.cn/shsd/userfiles/341建筑装饰工程石材应用技术规范.pdf	https://www.shanghai.gov.cn/gwk/resource/file?pathname=2/0011/4d/4deb383ca51b4ad0b95eea2e81d3dbfe/b80791aa8c389e36eb5f8dc5f0058ce6.pdf&filename=%E4%B8%8A%E6%B5%B7%E5%B8%82%E4%BD%8F%E6%88%BF%E5%92%8C%E5%9F%8E%E4%B9%A1%E5%BB%BA%E8%AE%BE%E7%AE%A1%E7%90%86%E5%A7%94%E5%91%98%E4%BC%9A%E5%85%B3%E4%BA%8E%E6%89%B9%E5%87%86%E3%80%8A%E5%BB%BA%E7%AD%91%E8%A3%85%E9%A5%B0%E5%B7%A5%E7%A8%8B%E7%9F%B3%E6%9D%90%E5%BA%94%E7%94%A8%E6%8A%80%E6%9C%AF%E6%A0%87%E5%87%86%E3%80%8B%E4%B8%BA%E4%B8%8A%E6%B5%B7%E5%B8%82%E5%B7%A5%E7%A8%8B%E5%BB%BA%E8%AE%BE%E8%A7%84%E8%8C%83%E7%9A%84%E9%80%9A%E7%9F%A5.pdf		现行标准栏目已收录/实施 2014-01-01
水务与海绵	城镇供水厂超滤膜处理工程技术标准		2025-01-03	沪建标定〔2025〕5号	上海市住房和城乡建设管理委员会	https://www.shanghai.gov.cn/zhengce/detail?businessId=c96f4a3779814c308c23cb7712b3611c&siteId=0011		https://www.shanghai.gov.cn/gwk/resource/file?pathname=2/0011/8a/8a7db57f517c4315851076c4844b2284/b80791aa8c389e36eb5f8dc5f0058ce6.pdf&filename=%E4%B8%8A%E6%B5%B7%E5%B8%82%E4%BD%8F%E6%88%BF%E5%92%8C%E5%9F%8E%E4%B9%A1%E5%BB%BA%E8%AE%BE%E7%AE%A1%E7%90%86%E5%A7%94%E5%91%98%E4%BC%9A%E5%85%B3%E4%BA%8E%E6%89%B9%E5%87%86%E3%80%8A%E5%9F%8E%E9%95%87%E4%BE%9B%E6%B0%B4%E5%8E%82%E8%B6%85%E6%BB%A4%E8%86%9C%E5%A4%84%E7%90%86%E5%B7%A5%E7%A8%8B%E6%8A%80%E6%9C%AF%E6%A0%87%E5%87%86%E3%80%8B%E4%B8%BA%E4%B8%8A%E6%B5%B7%E5%B8%82%E5%B7%A5%E7%A8%8B%E5%BB%BA%E8%AE%BE%E8%A7%84%E8%8C%83%E7%9A%84%E9%80%9A%E7%9F%A5.pdf		新批准，现行标准栏目未收录
规划与不动产	上海市出让农村集体经营性建设用地使用权不动产登记技术规定（试行）		2024-12-20	沪规划资源规〔2024〕6号	上海市规划和自然资源局	https://www.shanghai.gov.cn/zhengce/detail?businessId=01952fcd120c41bdbcd0e21fb73d31e8&siteId=0032		https://www.shanghai.gov.cn/gwk/resource/file?pathname=2/0032/76/763ee9eaaea34096902163e129f3a6fc/5ef82c0d05eaf38673049084f524fcc6.pdf&filename=%E5%85%B3%E4%BA%8E%E5%8D%B0%E5%8F%91%E3%80%8A%E4%B8%8A%E6%B5%B7%E5%B8%82%E5%87%BA%E8%AE%A9%E5%86%9C%E6%9D%91%E9%9B%86%E4%BD%93%E7%BB%8F%E8%90%A5%E6%80%A7%E5%BB%BA%E8%AE%BE%E7%94%A8%E5%9C%B0%E4%BD%BF%E7%94%A8%E6%9D%83%E4%B8%8D%E5%8A%A8%E4%BA%A7%E7%99%BB%E8%AE%B0%E6%8A%80%E6%9C%AF%E8%A7%84%E5%AE%9A%EF%BC%88%E8%AF%95%E8%A1%8C%EF%BC%89%E3%80%8B%E7%9A%84%E9%80%9A%E7%9F%A5.pdf		新批准，现行标准栏目未收录
规划与不动产	上海市城市规划管理技术规定（土地使用 建筑管理）应用解释		2024-10-23		上海市规划和自然资源局	https://ghzyj.sh.gov.cn/zcwj/cxgh/20241023/e84deddfcf674440b2c8b10f2393334f.html			https://ghzyj.sh.gov.cn/cmsres/77/7787afe47a05413abbfce95d0bb6e259/3fe8c445260a67090d47ac2f46ab65ab.pdf	新批准，现行标准栏目未收录
市政与道路	航道养护技术标准		2024-09-26	沪建标定〔2024〕370 号	上海市住房和城乡建设管理委员会	https://zjw.sh.gov.cn/jsgl/20240926/05d5a3022fdc4604bbd362acc0a14d02.html			https://zjw.sh.gov.cn/cmsres/da/daa9d45c4130416ca134612222f90f24/b80791aa8c389e36eb5f8dc5f0058ce6.pdf	新批准，现行标准栏目未收录
水务与海绵	港口船舶压载水接收设施技术标准		2024-09-26	沪建标定〔2024〕364 号	上海市住房和城乡建设管理委员会	https://zjw.sh.gov.cn/jsgl/20240926/28e507fa2d8842b5b5230dd6cb356c1e.html			https://zjw.sh.gov.cn/cmsres/ee/ee7dd47aaf1e4521bf21cbbbf75571be/b80791aa8c389e36eb5f8dc5f0058ce6.pdf	新批准，现行标准栏目未收录
消防与人防	建筑信息模型技术应用标准（人防工程）		2024-09-26	沪建标定〔2024〕288 号	上海市住房和城乡建设管理委员会	https://zjw.sh.gov.cn/jsgl/20240926/bb2daab7734f4f7fa04ed4d708bc5b00.html			https://zjw.sh.gov.cn/cmsres/55/55abb2699c314ad6970974a185f7b8d5/b80791aa8c389e36eb5f8dc5f0058ce6.pdf	新批准，现行标准栏目未收录
装配式与外围护	地下工程预制装配技术标准（轨道交通工程）		2024-09-26	沪建标定〔2024〕365 号	上海市住房和城乡建设管理委员会	https://zjw.sh.gov.cn/jsgl/20240926/2cffffe5cb4a427188557574050833bf.html			https://zjw.sh.gov.cn/cmsres/62/62c0c32a7298471e8542c7b78625f338/b80791aa8c389e36eb5f8dc5f0058ce6.pdf	新批准，现行标准栏目未收录
其他	上海市建设工程采用尚无国家技术标准的新技术、新材料技术论证管理办法		2024-09		上海市住房和城乡建设管理委员会	https://zjw.sh.gov.cn/gfxwj/20240926/a224c3deb44b4721ace63e6a10a1382e.html		https://www.shanghai.gov.cn/cmsres/7e/7e6360f740a6464fbb794328d4c85d94/b80791aa8c389e36eb5f8dc5f0058ce6.pdf		新批准，现行标准栏目未收录
装配式与外围护	既有建筑幕墙检查及安全性鉴定技术标准		2024-07-22	沪建标定〔2024〕377号	上海市住房和城乡建设管理委员会	https://www.shanghai.gov.cn/zhengce/detail?businessId=e5d7f1165cc04242bbab204cb29b3de1&siteId=0011		https://www.shanghai.gov.cn/gwk/resource/file?pathname=2/0011/63/631928246ca7470e948f33e0e5898430/b80791aa8c389e36eb5f8dc5f0058ce6.pdf&filename=%E4%B8%8A%E6%B5%B7%E5%B8%82%E4%BD%8F%E6%88%BF%E5%92%8C%E5%9F%8E%E4%B9%A1%E5%BB%BA%E8%AE%BE%E7%AE%A1%E7%90%86%E5%A7%94%E5%91%98%E4%BC%9A%E5%85%B3%E4%BA%8E%E6%89%B9%E5%87%86%E3%80%8A%E6%97%A2%E6%9C%89%E5%BB%BA%E7%AD%91%E5%B9%95%E5%A2%99%E6%A3%80%E6%9F%A5%E5%8F%8A%E5%AE%89%E5%85%A8%E6%80%A7%E9%89%B4%E5%AE%9A%E6%8A%80%E6%9C%AF%E6%A0%87%E5%87%86%E3%80%8B%E4%B8%BA%E4%B8%8A%E6%B5%B7%E5%B8%82%E5%B7%A5%E7%A8%8B%E5%BB%BA%E8%AE%BE%E8%A7%84%E8%8C%83%E7%9A%84%E9%80%9A%E7%9F%A5.pdf		新批准，现行标准栏目未收录
设备与智能化	城镇高压、超高压天然气管道工程技术标准	DGJ08-102-2003	2024-07-10	沪建标定〔2024〕350号	上海市住房和城乡建设管理委员会	https://www.shanghai.gov.cn/zhengce/detail?businessId=5aedba78cd55419e966e114e559816b8&siteId=0011	https://zjw.sh.gov.cn/shsd/userfiles/76城镇高压、超高压天然气管道工程技术规程.pdf	https://www.shanghai.gov.cn/gwk/resource/file?pathname=2/0011/87/87c47eae088b432a85cda6f8aa2fa36a/b80791aa8c389e36eb5f8dc5f0058ce6.pdf&filename=%E4%B8%8A%E6%B5%B7%E5%B8%82%E4%BD%8F%E6%88%BF%E5%92%8C%E5%9F%8E%E4%B9%A1%E5%BB%BA%E8%AE%BE%E7%AE%A1%E7%90%86%E5%A7%94%E5%91%98%E4%BC%9A%E5%85%B3%E4%BA%8E%E6%89%B9%E5%87%86%E3%80%8A%E5%9F%8E%E9%95%87%E9%AB%98%E5%8E%8B%E3%80%81%E8%B6%85%E9%AB%98%E5%8E%8B%E5%A4%A9%E7%84%B6%E6%B0%94%E7%AE%A1%E9%81%93%E5%B7%A5%E7%A8%8B%E6%8A%80%E6%9C%AF%E6%A0%87%E5%87%86%E3%80%8B%E4%B8%BA%E4%B8%8A%E6%B5%B7%E5%B8%82%E5%B7%A5%E7%A8%8B%E5%BB%BA%E8%AE%BE%E8%A7%84%E8%8C%83%E7%9A%84%E9%80%9A%E7%9F%A5.pdf		现行标准栏目已收录/实施 2003-10-01
设备与智能化	排水管道通用图集		2024-07-10	沪建标定〔2024〕348号	上海市住房和城乡建设管理委员会	https://www.shanghai.gov.cn/zhengce/detail?businessId=716aefb18cf649ddbbd4a40de83fc934&siteId=0011		https://www.shanghai.gov.cn/gwk/resource/file?pathname=2/0011/ab/ab60490427da4b99abcbd5341539258a/b80791aa8c389e36eb5f8dc5f0058ce6.pdf&filename=%E4%B8%8A%E6%B5%B7%E5%B8%82%E4%BD%8F%E6%88%BF%E5%92%8C%E5%9F%8E%E4%B9%A1%E5%BB%BA%E8%AE%BE%E7%AE%A1%E7%90%86%E5%A7%94%E5%91%98%E4%BC%9A%E5%85%B3%E4%BA%8E%E6%89%B9%E5%87%86%E3%80%8A%E6%8E%92%E6%B0%B4%E7%AE%A1%E9%81%93%E9%80%9A%E7%94%A8%E5%9B%BE%E9%9B%86%E3%80%8B%E4%B8%BA%E4%B8%8A%E6%B5%B7%E5%B8%82%E5%BB%BA%E7%AD%91%E6%A0%87%E5%87%86%E8%AE%BE%E8%AE%A1%E7%9A%84%E9%80%9A%E7%9F%A5.pdf		新批准，现行标准栏目未收录
结构与抗震	道路桥梁和隧道结构安全保护技术标准		2024-07-02	沪建标定〔2024〕330号	上海市住房和城乡建设管理委员会	https://www.shanghai.gov.cn/zhengce/detail?businessId=8acfca3d16474289b2cce148878342d0&siteId=0011		https://www.shanghai.gov.cn/gwk/resource/file?pathname=2/0011/b0/b051fc302f084654890533b1ac8f1913/b80791aa8c389e36eb5f8dc5f0058ce6.pdf&filename=%E4%B8%8A%E6%B5%B7%E5%B8%82%E4%BD%8F%E6%88%BF%E5%92%8C%E5%9F%8E%E4%B9%A1%E5%BB%BA%E8%AE%BE%E7%AE%A1%E7%90%86%E5%A7%94%E5%91%98%E4%BC%9A%E5%85%B3%E4%BA%8E%E6%89%B9%E5%87%86%E3%80%8A%E9%81%93%E8%B7%AF%E6%A1%A5%E6%A2%81%E5%92%8C%E9%9A%A7%E9%81%93%E7%BB%93%E6%9E%84%E5%AE%89%E5%85%A8%E4%BF%9D%E6%8A%A4%E6%8A%80%E6%9C%AF%E6%A0%87%E5%87%86%E3%80%8B%E4%B8%BA%E4%B8%8A%E6%B5%B7%E5%B8%82%E5%B7%A5%E7%A8%8B%E5%BB%BA%E8%AE%BE%E8%A7%84%E8%8C%83%E7%9A%84%E9%80%9A%E7%9F%A5.pdf		新批准，现行标准栏目未收录
建筑与住区	施工现场建筑工人从业管理标准		2024-06-11	沪建标定〔2024〕291号	上海市住房和城乡建设管理委员会	https://www.shanghai.gov.cn/zhengce/detail?businessId=0814a2d004aa4656b7dd0954564e5222&siteId=0011		https://www.shanghai.gov.cn/gwk/resource/file?pathname=2/0011/c8/c87d6867cf2e48ffa4d98230eeab4bba/b80791aa8c389e36eb5f8dc5f0058ce6.pdf&filename=%E4%B8%8A%E6%B5%B7%E5%B8%82%E4%BD%8F%E6%88%BF%E5%92%8C%E5%9F%8E%E4%B9%A1%E5%BB%BA%E8%AE%BE%E7%AE%A1%E7%90%86%E5%A7%94%E5%91%98%E4%BC%9A%E5%85%B3%E4%BA%8E%E6%89%B9%E5%87%86%E3%80%8A%E6%96%BD%E5%B7%A5%E7%8E%B0%E5%9C%BA%E5%BB%BA%E7%AD%91%E5%B7%A5%E4%BA%BA%E4%BB%8E%E4%B8%9A%E7%AE%A1%E7%90%86%E6%A0%87%E5%87%86%E3%80%8B%E4%B8%BA%E4%B8%8A%E6%B5%B7%E5%B8%82%E5%B7%A5%E7%A8%8B%E5%BB%BA%E8%AE%BE%E8%A7%84%E8%8C%83%E7%9A%84%E9%80%9A%E7%9F%A5.pdf		新批准，现行标准栏目未收录
结构与抗震	工程木结构设计标准		2024-06-11	沪建标定〔2024〕287号	上海市住房和城乡建设管理委员会	https://www.shanghai.gov.cn/zhengce/detail?businessId=65d7f9a455894e10aba6d3087779d9b4&siteId=0011		https://www.shanghai.gov.cn/gwk/resource/file?pathname=2/0011/f1/f16df1c8267242a784b3ea51fcbe00da/b80791aa8c389e36eb5f8dc5f0058ce6.pdf&filename=%E4%B8%8A%E6%B5%B7%E5%B8%82%E4%BD%8F%E6%88%BF%E5%92%8C%E5%9F%8E%E4%B9%A1%E5%BB%BA%E8%AE%BE%E7%AE%A1%E7%90%86%E5%A7%94%E5%91%98%E4%BC%9A%E5%85%B3%E4%BA%8E%E6%89%B9%E5%87%86%E3%80%8A%E5%B7%A5%E7%A8%8B%E6%9C%A8%E7%BB%93%E6%9E%84%E8%AE%BE%E8%AE%A1%E6%A0%87%E5%87%86%E3%80%8B%E4%B8%BA%E4%B8%8A%E6%B5%B7%E5%B8%82%E5%B7%A5%E7%A8%8B%E5%BB%BA%E8%AE%BE%E8%A7%84%E8%8C%83%E7%9A%84%E9%80%9A%E7%9F%A5.pdf		新批准，现行标准栏目未收录
装配式与外围护	装配式混凝土结构连接节点构造及构件图集		2024-06-11	沪建标定〔2024〕290号	上海市住房和城乡建设管理委员会	https://www.shanghai.gov.cn/zhengce/detail?businessId=5ef0552898f94c838be87f60d08c267d&siteId=0011		https://www.shanghai.gov.cn/gwk/resource/file?pathname=2/0011/5b/5b8e27eeb58d4f70a0fd2629f151acb7/b80791aa8c389e36eb5f8dc5f0058ce6.pdf&filename=%E4%B8%8A%E6%B5%B7%E5%B8%82%E4%BD%8F%E6%88%BF%E5%92%8C%E5%9F%8E%E4%B9%A1%E5%BB%BA%E8%AE%BE%E7%AE%A1%E7%90%86%E5%A7%94%E5%91%98%E4%BC%9A%E5%85%B3%E4%BA%8E%E6%89%B9%E5%87%86%E3%80%8A%E8%A3%85%E9%85%8D%E5%BC%8F%E6%B7%B7%E5%87%9D%E5%9C%9F%E7%BB%93%E6%9E%84%E8%BF%9E%E6%8E%A5%E8%8A%82%E7%82%B9%E6%9E%84%E9%80%A0%E5%8F%8A%E6%9E%84%E4%BB%B6%E5%9B%BE%E9%9B%86%E3%80%8B%E4%B8%BA%E4%B8%8A%E6%B5%B7%E5%B8%82%E5%BB%BA%E7%AD%91%E6%A0%87%E5%87%86%E8%AE%BE%E8%AE%A1%E7%9A%84%E9%80%9A%E7%9F%A5.pdf		新批准，现行标准栏目未收录
设备与智能化	城镇燃气用户端安全技术标准		2024-06-11	沪建标定〔2024〕289号	上海市住房和城乡建设管理委员会	https://www.shanghai.gov.cn/zhengce/detail?businessId=fdc5f11e86df4fd2851a4978055587eb&siteId=0011		https://www.shanghai.gov.cn/gwk/resource/file?pathname=2/0011/7e/7edf7c607b1f4ecb9df1a1a6f721b770/b80791aa8c389e36eb5f8dc5f0058ce6.pdf&filename=%E4%B8%8A%E6%B5%B7%E5%B8%82%E4%BD%8F%E6%88%BF%E5%92%8C%E5%9F%8E%E4%B9%A1%E5%BB%BA%E8%AE%BE%E7%AE%A1%E7%90%86%E5%A7%94%E5%91%98%E4%BC%9A%E5%85%B3%E4%BA%8E%E6%89%B9%E5%87%86%E3%80%8A%E5%9F%8E%E9%95%87%E7%87%83%E6%B0%94%E7%94%A8%E6%88%B7%E7%AB%AF%E5%AE%89%E5%85%A8%E6%8A%80%E6%9C%AF%E6%A0%87%E5%87%86%E3%80%8B%E4%B8%BA%E4%B8%8A%E6%B5%B7%E5%B8%82%E5%B7%A5%E7%A8%8B%E5%BB%BA%E8%AE%BE%E8%A7%84%E8%8C%83%E7%9A%84%E9%80%9A%E7%9F%A5.pdf		新批准，现行标准栏目未收录
市政与道路	沥青路面预防养护技术标准		2024-05-24	沪建标定〔2024〕252号	上海市住房和城乡建设管理委员会	https://www.shanghai.gov.cn/zhengce/detail?businessId=880009782ef645fcace29e7bb393422f&siteId=0011		https://www.shanghai.gov.cn/gwk/resource/file?pathname=2/0011/2b/2b5af6ef6cb0401888f7616aa2d5374d/b80791aa8c389e36eb5f8dc5f0058ce6.pdf&filename=%E4%B8%8A%E6%B5%B7%E5%B8%82%E4%BD%8F%E6%88%BF%E5%92%8C%E5%9F%8E%E4%B9%A1%E5%BB%BA%E8%AE%BE%E7%AE%A1%E7%90%86%E5%A7%94%E5%91%98%E4%BC%9A%E5%85%B3%E4%BA%8E%E6%89%B9%E5%87%86%E3%80%8A%E6%B2%A5%E9%9D%92%E8%B7%AF%E9%9D%A2%E9%A2%84%E9%98%B2%E5%85%BB%E6%8A%A4%E6%8A%80%E6%9C%AF%E6%A0%87%E5%87%86%E3%80%8B%E4%B8%BA%E4%B8%8A%E6%B5%B7%E5%B8%82%E5%B7%A5%E7%A8%8B%E5%BB%BA%E8%AE%BE%E8%A7%84%E8%8C%83%E7%9A%84%E9%80%9A%E7%9F%A5.pdf		新批准，现行标准栏目未收录
改造与历史建筑	上海市既有住宅承重结构损坏及修复检测鉴定技术导则		2024-05-24	沪建城管联〔2024〕180号	上海市住房和城乡建设管理委员会	https://www.shanghai.gov.cn/zhengce/detail?businessId=6d57dd92dfb343009eae055cae58d607&siteId=0011		https://www.shanghai.gov.cn/gwk/resource/file?pathname=2/0011/b3/b380fcea4ba5474c958f390c59737a40/b80791aa8c389e36eb5f8dc5f0058ce6.pdf&filename=%E4%B8%8A%E6%B5%B7%E5%B8%82%E4%BD%8F%E6%88%BF%E5%92%8C%E5%9F%8E%E4%B9%A1%E5%BB%BA%E8%AE%BE%E7%AE%A1%E7%90%86%E5%A7%94%E5%91%98%E4%BC%9A%E7%AD%89%E9%83%A8%E9%97%A8%E5%85%B3%E4%BA%8E%E5%8D%B0%E5%8F%91%E3%80%8A%E4%B8%8A%E6%B5%B7%E5%B8%82%E6%97%A2%E6%9C%89%E4%BD%8F%E5%AE%85%E6%89%BF%E9%87%8D%E7%BB%93%E6%9E%84%E6%8D%9F%E5%9D%8F%E5%8F%8A%E4%BF%AE%E5%A4%8D%E6%A3%80%E6%B5%8B%E9%89%B4%E5%AE%9A%E6%8A%80%E6%9C%AF%E5%AF%BC%E5%88%99%E3%80%8B%EF%BC%88%E8%AF%95%E8%A1%8C%EF%BC%89%E3%80%81%E3%80%8A%E4%B8%8A%E6%B5%B7%E5%B8%82%E6%97%A2%E6%9C%89%E4%BD%8F%E5%AE%85%E6%89%BF%E9%87%8D%E7%BB%93%E6%9E%84%E6%8D%9F%E5%9D%8F%E4%BF%AE%E5%A4%8D%E6%8A%80%E6%9C%AF%E5%AF%BC%E5%88%99%E3%80%8B%EF%BC%88%E8%AF%95%E8%A1%8C%EF%BC%89%E7%9A%84%E9%80%9A%E7%9F%A5.pdf	https://www.shanghai.gov.cn/gwk/resource/file?pathname=2/0011/6b/6b1d17a1953343228e4964803cd59c90/29301feddaff710782274c375e1b0428.pdf&filename=1.%E4%B8%8A%E6%B5%B7%E5%B8%82%E6%97%A2%E6%9C%89%E4%BD%8F%E5%AE%85%E6%89%BF%E9%87%8D%E7%BB%93%E6%9E%84%E6%8D%9F%E5%9D%8F%E5%8F%8A%E4%BF%AE%E5%A4%8D%E6%A3%80%E6%B5%8B%E9%89%B4%E5%AE%9A%E6%8A%80%E6%9C%AF%E5%AF%BC%E5%88%99%EF%BC%88%E6%B8%85%E7%A8%BF%EF%BC%89.pdf	新批准，现行标准栏目未收录
改造与历史建筑	上海市既有住宅承重结构损坏修复技术导则		2024-05-24	沪建城管联〔2024〕180号	上海市住房和城乡建设管理委员会	https://www.shanghai.gov.cn/zhengce/detail?businessId=6d57dd92dfb343009eae055cae58d607&siteId=0011		https://www.shanghai.gov.cn/gwk/resource/file?pathname=2/0011/b3/b380fcea4ba5474c958f390c59737a40/b80791aa8c389e36eb5f8dc5f0058ce6.pdf&filename=%E4%B8%8A%E6%B5%B7%E5%B8%82%E4%BD%8F%E6%88%BF%E5%92%8C%E5%9F%8E%E4%B9%A1%E5%BB%BA%E8%AE%BE%E7%AE%A1%E7%90%86%E5%A7%94%E5%91%98%E4%BC%9A%E7%AD%89%E9%83%A8%E9%97%A8%E5%85%B3%E4%BA%8E%E5%8D%B0%E5%8F%91%E3%80%8A%E4%B8%8A%E6%B5%B7%E5%B8%82%E6%97%A2%E6%9C%89%E4%BD%8F%E5%AE%85%E6%89%BF%E9%87%8D%E7%BB%93%E6%9E%84%E6%8D%9F%E5%9D%8F%E5%8F%8A%E4%BF%AE%E5%A4%8D%E6%A3%80%E6%B5%8B%E9%89%B4%E5%AE%9A%E6%8A%80%E6%9C%AF%E5%AF%BC%E5%88%99%E3%80%8B%EF%BC%88%E8%AF%95%E8%A1%8C%EF%BC%89%E3%80%81%E3%80%8A%E4%B8%8A%E6%B5%B7%E5%B8%82%E6%97%A2%E6%9C%89%E4%BD%8F%E5%AE%85%E6%89%BF%E9%87%8D%E7%BB%93%E6%9E%84%E6%8D%9F%E5%9D%8F%E4%BF%AE%E5%A4%8D%E6%8A%80%E6%9C%AF%E5%AF%BC%E5%88%99%E3%80%8B%EF%BC%88%E8%AF%95%E8%A1%8C%EF%BC%89%E7%9A%84%E9%80%9A%E7%9F%A5.pdf	https://www.shanghai.gov.cn/gwk/resource/file?pathname=2/0011/6b/6b1d17a1953343228e4964803cd59c90/29301feddaff710782274c375e1b0428.pdf&filename=1.%E4%B8%8A%E6%B5%B7%E5%B8%82%E6%97%A2%E6%9C%89%E4%BD%8F%E5%AE%85%E6%89%BF%E9%87%8D%E7%BB%93%E6%9E%84%E6%8D%9F%E5%9D%8F%E5%8F%8A%E4%BF%AE%E5%A4%8D%E6%A3%80%E6%B5%8B%E9%89%B4%E5%AE%9A%E6%8A%80%E6%9C%AF%E5%AF%BC%E5%88%99%EF%BC%88%E6%B8%85%E7%A8%BF%EF%BC%89.pdf	新批准，现行标准栏目未收录
市政与道路	上海市保障性住房（大型居住社区）配套建设管理导则（基地内市政公建配套）（2024年修订版）		2024-05-22	沪建房管联〔2024〕243号	上海市住房和城乡建设管理委员会	https://www.shanghai.gov.cn/zhengce/detail?businessId=939717ffe7414ae4a491d6c795c5c094&siteId=0011		https://www.shanghai.gov.cn/gwk/resource/file?pathname=2/0011/53/53fd083f7ddd4d4bbfd127059bf5253c/b80791aa8c389e36eb5f8dc5f0058ce6.pdf&filename=%E5%85%B3%E4%BA%8E%E5%8D%B0%E5%8F%91%E3%80%8A%E4%B8%8A%E6%B5%B7%E5%B8%82%E4%BF%9D%E9%9A%9C%E6%80%A7%E4%BD%8F%E6%88%BF%EF%BC%88%E5%A4%A7%E5%9E%8B%E5%B1%85%E4%BD%8F%E7%A4%BE%E5%8C%BA%EF%BC%89%E9%85%8D%E5%A5%97%E5%BB%BA%E8%AE%BE%E7%AE%A1%E7%90%86%E5%AF%BC%E5%88%99%EF%BC%88%E5%9F%BA%E5%9C%B0%E5%86%85%E5%B8%82%E6%94%BF%E5%85%AC%E5%BB%BA%E9%85%8D%E5%A5%97%EF%BC%89%EF%BC%882024%E5%B9%B4%E4%BF%AE%E8%AE%A2%E7%89%88%EF%BC%89%E3%80%8B%E7%9A%84%E9%80%9A%E7%9F%A5.pdf	https://www.shanghai.gov.cn/cmsres/policy_resources/939717ffe7414ae4a491d6c795c5c094/2a18f14955ca4a7493cc38f586312f6b/上海市保障性住房（大型居住社区）配套建设管理导则（基地内市政公建配套）（2024年修订版）.docx	新批准，现行标准栏目未收录
绿色建筑与节能	太阳能热水系统应用图集		2024-05-21	沪建标定〔2024〕245号	上海市住房和城乡建设管理委员会	https://www.shanghai.gov.cn/zhengce/detail?businessId=900d3fb4d7404ac6b91eb162e0bf0140&siteId=0011		https://www.shanghai.gov.cn/gwk/resource/file?pathname=2/0011/6a/6ac18eba862c4ecd8495b772440314df/b80791aa8c389e36eb5f8dc5f0058ce6.pdf&filename=%E4%B8%8A%E6%B5%B7%E5%B8%82%E4%BD%8F%E6%88%BF%E5%92%8C%E5%9F%8E%E4%B9%A1%E5%BB%BA%E8%AE%BE%E7%AE%A1%E7%90%86%E5%A7%94%E5%91%98%E4%BC%9A%E5%85%B3%E4%BA%8E%E6%89%B9%E5%87%86%E3%80%8A%E5%A4%AA%E9%98%B3%E8%83%BD%E7%83%AD%E6%B0%B4%E7%B3%BB%E7%BB%9F%E5%BA%94%E7%94%A8%E5%9B%BE%E9%9B%86%E3%80%8B%E4%B8%BA%E4%B8%8A%E6%B5%B7%E5%B8%82%E5%BB%BA%E7%AD%91%E6%A0%87%E5%87%86%E8%AE%BE%E8%AE%A1%E7%9A%84%E9%80%9A%E7%9F%A5.pdf		新批准，现行标准栏目未收录
规划与不动产	国土空间生态修复基底调查技术标准		2024-04-30	沪建标定〔2024〕215号	上海市住房和城乡建设管理委员会	https://www.shanghai.gov.cn/zhengce/detail?businessId=3e062e0cad274a8cbe0487f0c3ed6544&siteId=0011		https://www.shanghai.gov.cn/gwk/resource/file?pathname=2/0011/76/76542de8d4094067a2b9df6f28685eba/b80791aa8c389e36eb5f8dc5f0058ce6.pdf&filename=%E4%B8%8A%E6%B5%B7%E5%B8%82%E4%BD%8F%E6%88%BF%E5%92%8C%E5%9F%8E%E4%B9%A1%E5%BB%BA%E8%AE%BE%E7%AE%A1%E7%90%86%E5%A7%94%E5%91%98%E4%BC%9A%E5%85%B3%E4%BA%8E%E6%89%B9%E5%87%86%E3%80%8A%E5%9B%BD%E5%9C%9F%E7%A9%BA%E9%97%B4%E7%94%9F%E6%80%81%E4%BF%AE%E5%A4%8D%E5%9F%BA%E5%BA%95%E8%B0%83%E6%9F%A5%E6%8A%80%E6%9C%AF%E6%A0%87%E5%87%86%E3%80%8B%E4%B8%BA%E4%B8%8A%E6%B5%B7%E5%B8%82%E5%B7%A5%E7%A8%8B%E5%BB%BA%E8%AE%BE%E8%A7%84%E8%8C%83%E7%9A%84%E9%80%9A%E7%9F%A5.pdf		新批准，现行标准栏目未收录
建筑与住区	电动自行车集中充电和停放场所设计标准		2024-04-11	沪建标定〔2024〕179号	上海市住房和城乡建设管理委员会	https://www.shanghai.gov.cn/zhengce/detail?businessId=1fa9488d11564c1ba872e46f4326f9cb&siteId=0011		https://www.shanghai.gov.cn/gwk/resource/file?pathname=2/0011/a6/a6b60fbc4b1b492ead3b55f68659e9c5/fdc6f88e73d047771c2d5a52fb5cb053.pdf&filename=%E4%B8%8A%E6%B5%B7%E5%B8%82%E4%BD%8F%E6%88%BF%E5%92%8C%E5%9F%8E%E4%B9%A1%E5%BB%BA%E8%AE%BE%E7%AE%A1%E7%90%86%E5%A7%94%E5%91%98%E4%BC%9A%E5%85%B3%E4%BA%8E%E6%89%B9%E5%87%86%E3%80%8A%E7%94%B5%E5%8A%A8%E8%87%AA%E8%A1%8C%E8%BD%A6%E9%9B%86%E4%B8%AD%E5%85%85%E7%94%B5%E5%92%8C%E5%81%9C%E6%94%BE%E5%9C%BA%E6%89%80%E8%AE%BE%E8%AE%A1%E6%A0%87%E5%87%86%E3%80%8B%E4%B8%BA%E4%B8%8A%E6%B5%B7%E5%B8%82%E5%B7%A5%E7%A8%8B%E5%BB%BA%E8%AE%BE%E8%A7%84%E8%8C%83%E7%9A%84%E9%80%9A%E7%9F%A5.pdf		新批准，现行标准栏目未收录
设备与智能化	建筑信息模型技术应用统一标准		2024-03-29	沪建标定〔2024〕21 号	上海市住房和城乡建设管理委员会	https://zjw.sh.gov.cn/jsgl/20240329/e94650a94e484fc083181e38f531d4f6.html			https://zjw.sh.gov.cn/cmsres/43/433305412e7f43d19960b9b7836e4f84/914e4a52cc55219a5a078633254fe067.pdf	新批准，现行标准栏目未收录
消防与人防	民用建筑电气防火设计标准		2024-03-12	沪建标定〔2024〕128号	上海市住房和城乡建设管理委员会	https://www.shanghai.gov.cn/zhengce/detail?businessId=d32801339a41403092bac20176adc3af&siteId=0011		https://www.shanghai.gov.cn/gwk/resource/file?pathname=2/0011/c5/c58aab90f3d94c3d9ee454520ad2f9ec/b80791aa8c389e36eb5f8dc5f0058ce6.pdf&filename=%E4%B8%8A%E6%B5%B7%E5%B8%82%E4%BD%8F%E6%88%BF%E5%92%8C%E5%9F%8E%E4%B9%A1%E5%BB%BA%E8%AE%BE%E7%AE%A1%E7%90%86%E5%A7%94%E5%91%98%E4%BC%9A%E5%85%B3%E4%BA%8E%E6%89%B9%E5%87%86%E3%80%8A%E6%B0%91%E7%94%A8%E5%BB%BA%E7%AD%91%E7%94%B5%E6%B0%94%E9%98%B2%E7%81%AB%E8%AE%BE%E8%AE%A1%E6%A0%87%E5%87%86%E3%80%8B%E4%B8%BA%E4%B8%8A%E6%B5%B7%E5%B8%82%E5%B7%A5%E7%A8%8B%E5%BB%BA%E8%AE%BE%E8%A7%84%E8%8C%83%E7%9A%84%E9%80%9A%E7%9F%A5.pdf		新批准，现行标准栏目未收录
设备与智能化	多联式空调（热泵）工程施工技术标准	DG/TJ08-2091-2012	2024-03-10	沪建标定〔2024〕65 号	上海市住房和城乡建设管理委员会	https://zjw.sh.gov.cn/jsgl/20240310/796daf4fdbe2447d93b82d5b9a42e166.html	https://zjw.sh.gov.cn/shsd/userfiles/274多联式空调（热泵）工程施工技术规程.pdf		https://zjw.sh.gov.cn/cmsres/0a/0a915f626e0b434985be5ec8e7428cbf/40b0fad310a07dfff8437affcb94c623.pdf	现行标准栏目已收录/实施 2012-03-01
建筑与住区	建筑隔热涂料应用技术标准		2024-03-07	沪建标定〔2024〕114号	上海市住房和城乡建设管理委员会	https://www.shanghai.gov.cn/zhengce/detail?businessId=9dabae95b52049939f83e3258102098c&siteId=0011		https://www.shanghai.gov.cn/gwk/resource/file?pathname=2/0011/28/28cca5abdb424e9c9c5c35e13ab29afe/7453ad9ba24f271ec43ddd3b80faa7a6.pdf&filename=%E4%B8%8A%E6%B5%B7%E5%B8%82%E4%BD%8F%E6%88%BF%E5%92%8C%E5%9F%8E%E4%B9%A1%E5%BB%BA%E8%AE%BE%E7%AE%A1%E7%90%86%E5%A7%94%E5%91%98%E4%BC%9A%E5%85%B3%E4%BA%8E%E6%89%B9%E5%87%86%E3%80%8A%E5%BB%BA%E7%AD%91%E9%9A%94%E7%83%AD%E6%B6%82%E6%96%99%E5%BA%94%E7%94%A8%E6%8A%80%E6%9C%AF%E6%A0%87%E5%87%86%E3%80%8B%E4%B8%BA%E4%B8%8A%E6%B5%B7%E5%B8%82%E5%B7%A5%E7%A8%8B%E5%BB%BA%E8%AE%BE%E8%A7%84%E8%8C%83%E7%9A%84%E9%80%9A%E7%9F%A5.pdf		新批准，现行标准栏目未收录
水务与海绵	城市供水管网泵站远程监控系统技术标准	DG/TJ08-2207-2016	2024-03-07	沪建标定〔2024〕111号	上海市住房和城乡建设管理委员会	https://www.shanghai.gov.cn/zhengce/detail?businessId=ab922f6e67f74f078bd57712742230f6&siteId=0011	https://zjw.sh.gov.cn/shsd/userfiles/2207城市供水管网泵站远程监控系统技术规程20161010103248.pdf	https://www.shanghai.gov.cn/gwk/resource/file?pathname=2/0011/d8/d8093569dd0e4cd49e8cd15781b55344/4247ded0a58a061324fac6e04e974086.pdf&filename=%E4%B8%8A%E6%B5%B7%E5%B8%82%E4%BD%8F%E6%88%BF%E5%92%8C%E5%9F%8E%E4%B9%A1%E5%BB%BA%E8%AE%BE%E7%AE%A1%E7%90%86%E5%A7%94%E5%91%98%E4%BC%9A%E5%85%B3%E4%BA%8E%E6%89%B9%E5%87%86%E3%80%8A%E5%9F%8E%E5%B8%82%E4%BE%9B%E6%B0%B4%E7%AE%A1%E7%BD%91%E6%B3%B5%E7%AB%99%E8%BF%9C%E7%A8%8B%E7%9B%91%E6%8E%A7%E7%B3%BB%E7%BB%9F%E6%8A%80%E6%9C%AF%E6%A0%87%E5%87%86%E3%80%8B%E4%B8%BA%E4%B8%8A%E6%B5%B7%E5%B8%82%E5%B7%A5%E7%A8%8B%E5%BB%BA%E8%AE%BE%E8%A7%84%E8%8C%83%E7%9A%84%E9%80%9A%E7%9F%A5.pdf		现行标准栏目已收录/实施 2016-08-01
结构与抗震	缓粘结预应力混凝土结构技术标准		2024-02-06	沪建标定〔2024〕74号	上海市住房和城乡建设管理委员会	https://www.shanghai.gov.cn/zhengce/detail?businessId=abe38a3ea8e442b7a0304dd237224c7d&siteId=0011		https://www.shanghai.gov.cn/gwk/resource/file?pathname=2/0011/11/11852516af2b49899c725e3cc7bd7dff/d58466a3f34a7844086785188098a341.pdf&filename=%E4%B8%8A%E6%B5%B7%E5%B8%82%E4%BD%8F%E6%88%BF%E5%92%8C%E5%9F%8E%E4%B9%A1%E5%BB%BA%E8%AE%BE%E7%AE%A1%E7%90%86%E5%A7%94%E5%91%98%E4%BC%9A%E5%85%B3%E4%BA%8E%E6%89%B9%E5%87%86%E3%80%8A%E7%BC%93%E7%B2%98%E7%BB%93%E9%A2%84%E5%BA%94%E5%8A%9B%E6%B7%B7%E5%87%9D%E5%9C%9F%E7%BB%93%E6%9E%84%E6%8A%80%E6%9C%AF%E6%A0%87%E5%87%86%E3%80%8B%E4%B8%BA%E4%B8%8A%E6%B5%B7%E5%B8%82%E5%B7%A5%E7%A8%8B%E5%BB%BA%E8%AE%BE%E8%A7%84%E8%8C%83%E7%9A%84%E9%80%9A%E7%9F%A5.pdf		新批准，现行标准栏目未收录
绿色建筑与节能	公共建筑用能监测系统工程技术标准	DGJ08-2068-2017	2024-02-02	沪建标定〔2024〕67号	上海市住房和城乡建设管理委员会	https://www.shanghai.gov.cn/zhengce/detail?businessId=83da9a2540c9489385c97f6236764056&siteId=0011	https://zjw.sh.gov.cn/cmsres/53/536a92f9c0154f0baedbaa52384d0e93/57410171a4b46db519a02557a68bc00d.pdf	https://www.shanghai.gov.cn/gwk/resource/file?pathname=2/0011/b0/b0a1d8b1f33c4697960ecffeae93ac8c/6fdd486d246abc21e637a97c8440b119.pdf&filename=%E4%B8%8A%E6%B5%B7%E5%B8%82%E4%BD%8F%E6%88%BF%E5%92%8C%E5%9F%8E%E4%B9%A1%E5%BB%BA%E8%AE%BE%E7%AE%A1%E7%90%86%E5%A7%94%E5%91%98%E4%BC%9A%E5%85%B3%E4%BA%8E%E6%89%B9%E5%87%86%E3%80%8A%E5%85%AC%E5%85%B1%E5%BB%BA%E7%AD%91%E7%94%A8%E8%83%BD%E7%9B%91%E6%B5%8B%E7%B3%BB%E7%BB%9F%E5%B7%A5%E7%A8%8B%E6%8A%80%E6%9C%AF%E6%A0%87%E5%87%86%E3%80%8B%E4%B8%BA%E4%B8%8A%E6%B5%B7%E5%B8%82%E5%B7%A5%E7%A8%8B%E5%BB%BA%E8%AE%BE%E8%A7%84%E8%8C%83%E7%9A%84%E9%80%9A%E7%9F%A5.pdf		现行标准栏目已收录/实施 2018-05-01
设备与智能化	多联式空调（热泵）工程施工技术标准	DG/TJ08-2091-2012	2024-02-02	沪建标定〔2024〕65号	上海市住房和城乡建设管理委员会	https://www.shanghai.gov.cn/zhengce/detail?businessId=4061d9b195ed4d8ba5fd051210d4200d&siteId=0011	https://zjw.sh.gov.cn/shsd/userfiles/274多联式空调（热泵）工程施工技术规程.pdf	https://www.shanghai.gov.cn/gwk/resource/file?pathname=2/0011/f3/f3fbac8178634f0cb35d7eee14f394f4/2096005931ffcd83eb44cebee07e7eec.pdf&filename=%E4%B8%8A%E6%B5%B7%E5%B8%82%E4%BD%8F%E6%88%BF%E5%92%8C%E5%9F%8E%E4%B9%A1%E5%BB%BA%E8%AE%BE%E7%AE%A1%E7%90%86%E5%A7%94%E5%91%98%E4%BC%9A%E5%85%B3%E4%BA%8E%E6%89%B9%E5%87%86%E3%80%8A%E5%A4%9A%E8%81%94%E5%BC%8F%E7%A9%BA%E8%B0%83%EF%BC%88%E7%83%AD%E6%B3%B5%EF%BC%89%E5%B7%A5%E7%A8%8B%E6%96%BD%E5%B7%A5%E6%8A%80%E6%9C%AF%E6%A0%87%E5%87%86%E3%80%8B%E4%B8%BA%E4%B8%8A%E6%B5%B7%E5%B8%82%E5%B7%A5%E7%A8%8B%E5%BB%BA%E8%AE%BE%E8%A7%84%E8%8C%83%E7%9A%84%E9%80%9A%E7%9F%A5.pdf		现行标准栏目已收录/实施 2012-03-01
勘察与测绘	上海市房屋建筑工程施工图设计文件技术审查要点（岩土工程勘察篇）		2024-01-29	沪建质安〔2024〕38 号	上海市住房和城乡建设管理委员会	https://zjw.sh.gov.cn/jsgl/20240129/75ce57f12921431798fb94a6745412e3.html			https://zjw.sh.gov.cn/cmsres/2f/2faf247ff3a048c6b601f2ef95484e6f/189af3f80e20c8e2996ec95b49abde5c.docx	新批准，现行标准栏目未收录
绿色建筑与节能	办公建筑用能限额设计标准		2024-01-29	沪建标定〔2024〕51号	上海市住房和城乡建设管理委员会	https://www.shanghai.gov.cn/zhengce/detail?businessId=dd374ec6e2d54b20bda501b76e6cc0ff&siteId=0011		https://www.shanghai.gov.cn/gwk/resource/file?pathname=2/0011/7a/7add8c29f42a4cc5b4e817009e928d23/99d23e0bdeecec05c5db5f45b7db2a49.pdf&filename=%E4%B8%8A%E6%B5%B7%E5%B8%82%E4%BD%8F%E6%88%BF%E5%92%8C%E5%9F%8E%E4%B9%A1%E5%BB%BA%E8%AE%BE%E7%AE%A1%E7%90%86%E5%A7%94%E5%91%98%E4%BC%9A%E5%85%B3%E4%BA%8E%E6%89%B9%E5%87%86%E3%80%8A%E5%8A%9E%E5%85%AC%E5%BB%BA%E7%AD%91%E7%94%A8%E8%83%BD%E9%99%90%E9%A2%9D%E8%AE%BE%E8%AE%A1%E6%A0%87%E5%87%86%E3%80%8B%E4%B8%BA%E4%B8%8A%E6%B5%B7%E5%B8%82%E5%B7%A5%E7%A8%8B%E5%BB%BA%E8%AE%BE%E8%A7%84%E8%8C%83%E7%9A%84%E9%80%9A%E7%9F%A5.pdf		新批准，现行标准栏目未收录
设备与智能化	上海市房屋建筑工程施工图设计文件技术审查要点（建筑设备篇）		2024-01-29	沪建质安〔2024〕38 号	上海市住房和城乡建设管理委员会	https://zjw.sh.gov.cn/jsgl/20240129/75ce57f12921431798fb94a6745412e3.html			https://zjw.sh.gov.cn/cmsres/2f/2faf247ff3a048c6b601f2ef95484e6f/189af3f80e20c8e2996ec95b49abde5c.docx	新批准，现行标准栏目未收录
改造与历史建筑	房屋质量检测鉴定标准		2024-01-24	沪建标定〔2024〕42号	上海市住房和城乡建设管理委员会	https://www.shanghai.gov.cn/zhengce/detail?businessId=a9b00f3cf77d4855872aa43b9df3aa62&siteId=0011		https://www.shanghai.gov.cn/gwk/resource/file?pathname=2/0011/19/199c3ca60b534099a4cf34ec716dcddf/96267b372013079c9ab6307d94ccb755.pdf&filename=%E4%B8%8A%E6%B5%B7%E5%B8%82%E4%BD%8F%E6%88%BF%E5%92%8C%E5%9F%8E%E4%B9%A1%E5%BB%BA%E8%AE%BE%E7%AE%A1%E7%90%86%E5%A7%94%E5%91%98%E4%BC%9A%E5%85%B3%E4%BA%8E%E6%89%B9%E5%87%86%E3%80%8A%E6%88%BF%E5%B1%8B%E8%B4%A8%E9%87%8F%E6%A3%80%E6%B5%8B%E9%89%B4%E5%AE%9A%E6%A0%87%E5%87%86%E3%80%8B%E4%B8%BA%E4%B8%8A%E6%B5%B7%E5%B8%82%E5%B7%A5%E7%A8%8B%E5%BB%BA%E8%AE%BE%E8%A7%84%E8%8C%83%E7%9A%84%E9%80%9A%E7%9F%A5.pdf		新批准，现行标准栏目未收录
绿色建筑与节能	绿色生态城区评价标准	DG/TJ08-2253-2018	2024-01-16	沪建标定〔2024〕24号	上海市住房和城乡建设管理委员会	https://www.shanghai.gov.cn/zhengce/detail?businessId=b5800b8897c54cc29af18ace13acfba1&siteId=0011	https://zjw.sh.gov.cn/cmsres/f7/f7b9e381512e4baa9fcf4fc582c08001/dc2de4ce6f131aee543ef1bc43908bca.pdf	https://www.shanghai.gov.cn/gwk/resource/file?pathname=2/0011/1c/1c02e4c31c3f402594e2a77052369dcf/a3d75a1661e5693233c14cb19614fe0f.pdf&filename=%E4%B8%8A%E6%B5%B7%E5%B8%82%E4%BD%8F%E6%88%BF%E5%92%8C%E5%9F%8E%E4%B9%A1%E5%BB%BA%E8%AE%BE%E7%AE%A1%E7%90%86%E5%A7%94%E5%91%98%E4%BC%9A%E5%85%B3%E4%BA%8E%E6%89%B9%E5%87%86%E3%80%8A%E7%BB%BF%E8%89%B2%E7%94%9F%E6%80%81%E5%9F%8E%E5%8C%BA%E8%AF%84%E4%BB%B7%E6%A0%87%E5%87%86%E3%80%8B%E4%B8%BA%E4%B8%8A%E6%B5%B7%E5%B8%82%E5%B7%A5%E7%A8%8B%E5%BB%BA%E8%AE%BE%E8%A7%84%E8%8C%83%E7%9A%84%E9%80%9A%E7%9F%A5.pdf		现行标准栏目已收录/实施 2018-05-01
轨道交通与地下工程	地下车库联络道设计标准		2024-01-16	沪建标定〔2024〕25号	上海市住房和城乡建设管理委员会	https://www.shanghai.gov.cn/zhengce/detail?businessId=14c0df7911084fe89de279a3c3282fbd&siteId=0011		https://www.shanghai.gov.cn/gwk/resource/file?pathname=2/0011/fc/fc7ecffe450c4a198c769b56e0cce04b/88ce600d2bdc56bd97d752bf01ef88d1.pdf&filename=%E4%B8%8A%E6%B5%B7%E5%B8%82%E4%BD%8F%E6%88%BF%E5%92%8C%E5%9F%8E%E4%B9%A1%E5%BB%BA%E8%AE%BE%E7%AE%A1%E7%90%86%E5%A7%94%E5%91%98%E4%BC%9A%E5%85%B3%E4%BA%8E%E6%89%B9%E5%87%86%E3%80%8A%E5%9C%B0%E4%B8%8B%E8%BD%A6%E5%BA%93%E8%81%94%E7%BB%9C%E9%81%93%E8%AE%BE%E8%AE%A1%E6%A0%87%E5%87%86%E3%80%8B%E4%B8%BA%E4%B8%8A%E6%B5%B7%E5%B8%82%E5%B7%A5%E7%A8%8B%E5%BB%BA%E8%AE%BE%E8%A7%84%E8%8C%83%E7%9A%84%E9%80%9A%E7%9F%A5.pdf		新批准，现行标准栏目未收录
绿色建筑与节能	绿色生态规划建设导则		2024-01-02	沪建建材联〔2023〕561号	上海市住房和城乡建设管理委员会	https://www.shanghai.gov.cn/zhengce/detail?businessId=c392f04e37334fecaa027efc119cfee8&siteId=0011		https://www.shanghai.gov.cn/gwk/resource/file?pathname=2/0011/54/54b4c99d46e647ebb07b15d5bc56ce4b/3244097e8a1a5c34e45c881209ddf49a.pdf&filename=%E5%85%B3%E4%BA%8E%E5%8D%B0%E5%8F%91%E5%98%89%E5%AE%9A%E3%80%81%E9%9D%92%E6%B5%A6%E3%80%81%E6%9D%BE%E6%B1%9F%E3%80%81%E5%A5%89%E8%B4%A4%E3%80%81%E5%8D%97%E6%B1%87%E6%96%B0%E5%9F%8E%E3%80%8A%E7%BB%BF%E8%89%B2%E7%94%9F%E6%80%81%E8%A7%84%E5%88%92%E5%BB%BA%E8%AE%BE%E5%AF%BC%E5%88%99%E3%80%8B%E7%9A%84%E9%80%9A%E7%9F%A5.pdf	https://www.shanghai.gov.cn/gwk/resource/file?pathname=2/0011/9e/9e960dc2a347471393c785c8c528f329/54d7d2b32369937d87c9afc7e3820f16.pdf&filename=%E5%A5%89%E8%B4%A4%E6%96%B0%E5%9F%8E%E7%BB%BF%E8%89%B2%E7%94%9F%E6%80%81%E8%A7%84%E5%88%92%E5%BB%BA%E8%AE%BE%E5%AF%BC%E5%88%99-%E5%AE%9A%E7%A8%BF.pdf	新批准，现行标准栏目未收录
建筑与住区	民用建筑外窗应用技术标准	DG/TJ08-2242-2017	2023-12-29	沪建标定〔2023〕706号	上海市住房和城乡建设管理委员会	https://www.shanghai.gov.cn/zhengce/detail?businessId=e3cf26e367b149d3a728fefe80a3c332&siteId=0011	https://zjw.sh.gov.cn/cmsres/6d/6d198277bb364e98957a475220a6a503/adc14207c18fc2f09e9e4e9d035fc6db.pdf	https://www.shanghai.gov.cn/gwk/resource/file?pathname=2/0011/aa/aa1e71ce12ec4053ae3c78dde8bfe4ca/2d849f76328ee9b92d8dbbf6bf480fa1.pdf&filename=%E4%B8%8A%E6%B5%B7%E5%B8%82%E4%BD%8F%E6%88%BF%E5%92%8C%E5%9F%8E%E4%B9%A1%E5%BB%BA%E8%AE%BE%E7%AE%A1%E7%90%86%E5%A7%94%E5%91%98%E4%BC%9A%E5%85%B3%E4%BA%8E%E6%89%B9%E5%87%86%E3%80%8A%E6%B0%91%E7%94%A8%E5%BB%BA%E7%AD%91%E5%A4%96%E7%AA%97%E5%BA%94%E7%94%A8%E6%8A%80%E6%9C%AF%E6%A0%87%E5%87%86%E3%80%8B%E4%B8%BA%E4%B8%8A%E6%B5%B7%E5%B8%82%E5%B7%A5%E7%A8%8B%E5%BB%BA%E8%AE%BE%E8%A7%84%E8%8C%83%E7%9A%84%E9%80%9A%E7%9F%A5.pdf		现行标准栏目已收录/实施 2017-12-01
市政与道路	公路绿化建设与养护标准		2023-09-26	沪建标定〔2023〕317 号	上海市住房和城乡建设管理委员会	https://zjw.sh.gov.cn/jsgl/20230926/cc1abb095d9447f492967b3edae78bc1.html			https://zjw.sh.gov.cn/cmsres/ac/ac1879a36c6249c2a581b84f72b13e89/b80791aa8c389e36eb5f8dc5f0058ce6.pdf	新批准，现行标准栏目未收录
结构与抗震	城市轨道交通结构安全保护技术标准		2023-09-26	沪建标定〔2023〕354 号	上海市住房和城乡建设管理委员会	https://zjw.sh.gov.cn/jsgl/20230926/abe40251eef6461da697e2cda054736a.html			https://zjw.sh.gov.cn/cmsres/24/24462de8becd4355b65d985b01d6d4af/b80791aa8c389e36eb5f8dc5f0058ce6.pdf	新批准，现行标准栏目未收录
装配式与外围护	外墙保温一体化系统应用技术标准（现浇混凝土保温外墙）		2023-09-26	沪建标定〔2023〕345 号	上海市住房和城乡建设管理委员会	https://zjw.sh.gov.cn/jsgl/20230926/edd6fd31bfb1437fa729fbbea0043fb2.html			https://zjw.sh.gov.cn/cmsres/95/951a731e48804d70857098749be814aa/b80791aa8c389e36eb5f8dc5f0058ce6.pdf	新批准，现行标准栏目未收录
市政与道路	水闸与水利泵站维修养护技术标准		2023-09-11	沪建标定〔2023〕477号	上海市住房和城乡建设管理委员会	https://www.shanghai.gov.cn/zhengce/detail?businessId=a4b53abdd01c4b8bba11e8abcc3242ee&siteId=0011		https://www.shanghai.gov.cn/gwk/resource/file?pathname=2/0011/ea/ea00f4d63f8f435bba48091766a94ad2/6a2a498a23fa92354d0b4e43aa74993e.pdf&filename=%E4%B8%8A%E6%B5%B7%E5%B8%82%E4%BD%8F%E6%88%BF%E5%92%8C%E5%9F%8E%E4%B9%A1%E5%BB%BA%E8%AE%BE%E7%AE%A1%E7%90%86%E5%A7%94%E5%91%98%E4%BC%9A%E5%85%B3%E4%BA%8E%E6%89%B9%E5%87%86%E3%80%8A%E6%B0%B4%E9%97%B8%E4%B8%8E%E6%B0%B4%E5%88%A9%E6%B3%B5%E7%AB%99%E7%BB%B4%E4%BF%AE%E5%85%BB%E6%8A%A4%E6%8A%80%E6%9C%AF%E6%A0%87%E5%87%86%E3%80%8B%E4%B8%BA%E4%B8%8A%E6%B5%B7%E5%B8%82%E5%B7%A5%E7%A8%8B%E5%BB%BA%E8%AE%BE%E8%A7%84%E8%8C%83%E7%9A%84%E9%80%9A%E7%9F%A5.pdf		新批准，现行标准栏目未收录
结构与抗震	桥梁抗震设计标准		2023-09-11	沪建标定〔2023〕476号	上海市住房和城乡建设管理委员会	https://www.shanghai.gov.cn/zhengce/detail?businessId=6ad265233e474aac9d8fea431a1ac9f0&siteId=0011		https://www.shanghai.gov.cn/gwk/resource/file?pathname=2/0011/7b/7bc4acd505b0465eadd7f35a7d22f4dc/f691c4ed2e5dac86915dd8ae0665b355.pdf&filename=%E4%B8%8A%E6%B5%B7%E5%B8%82%E4%BD%8F%E6%88%BF%E5%92%8C%E5%9F%8E%E4%B9%A1%E5%BB%BA%E8%AE%BE%E7%AE%A1%E7%90%86%E5%A7%94%E5%91%98%E4%BC%9A%E5%85%B3%E4%BA%8E%E6%89%B9%E5%87%86%E3%80%8A%E6%A1%A5%E6%A2%81%E6%8A%97%E9%9C%87%E8%AE%BE%E8%AE%A1%E6%A0%87%E5%87%86%E3%80%8B%E4%B8%BA%E4%B8%8A%E6%B5%B7%E5%B8%82%E5%B7%A5%E7%A8%8B%E5%BB%BA%E8%AE%BE%E8%A7%84%E8%8C%83%E7%9A%84%E9%80%9A%E7%9F%A5.pdf		新批准，现行标准栏目未收录
水务与海绵	上海市苏州河滨水公共空间户外招牌设置导则		2023-09-04	沪绿容〔2023〕343号	上海市绿化和市容管理局	https://www.shanghai.gov.cn/zhengce/detail?businessId=b4685be9-15d0-4e04-86ac-78878a18afb6&siteId=0039		https://www.shanghai.gov.cn/gwk/resource/file?pathname=2/0039/b5/b54121948ded438586e27825ce280475/956bb083d50d203aff1f20618335e97f.pdf&filename=%E4%B8%8A%E6%B5%B7%E5%B8%82%E7%BB%BF%E5%8C%96%E5%92%8C%E5%B8%82%E5%AE%B9%E7%AE%A1%E7%90%86%E5%B1%80%E5%85%B3%E4%BA%8E%E5%8D%B0%E5%8F%91%E3%80%8A%E4%B8%8A%E6%B5%B7%E5%B8%82%E8%8B%8F%E5%B7%9E%E6%B2%B3%E6%BB%A8%E6%B0%B4%E5%85%AC%E5%85%B1%E7%A9%BA%E9%97%B4%E6%88%B7%E5%A4%96%E6%8B%9B%E7%89%8C%E8%AE%BE%E7%BD%AE%E5%AF%BC%E5%88%99%E3%80%8B%E7%9A%84%E9%80%9A%E7%9F%A5.pdf	https://www.shanghai.gov.cn/gwk/resource/file?pathname=2/0039/79/7911bba4530d4206b13512266d567475/22a4c902b95d9e2b376bc585ffcfbc4a.pdf&filename=%E9%99%84%E4%BB%B61_%E8%8B%8F%E5%B7%9E%E6%B2%B3%E6%BB%A8%E6%B0%B4%E5%85%AC%E5%85%B1%E7%A9%BA%E9%97%B4%E6%88%B7%E5%A4%96%E6%8B%9B%E7%89%8C%E8%AE%BE%E7%BD%AE%E5%AF%BC%E5%88%99.pdf	新批准，现行标准栏目未收录
设备与智能化	道路照明工程建设技术标准	DG/TJ08-2214-2016	2023-08-21	沪建标定〔2023〕439号	上海市住房和城乡建设管理委员会	https://www.shanghai.gov.cn/zhengce/detail?businessId=ab67fef557f246cf883afc7f7d90bb7b&siteId=0011	https://zjw.sh.gov.cn/cmsres/3f/3fc00969eb7544d897ee609da4e52a37/d367c0c192ef688344584b4dc130a204.pdf	https://www.shanghai.gov.cn/gwk/resource/file?pathname=2/0011/fb/fba6657ac0744523850b18afee3f3112/6c0b5120a577c6f6cf57d0946f2b87cc.pdf&filename=%E4%B8%8A%E6%B5%B7%E5%B8%82%E4%BD%8F%E6%88%BF%E5%92%8C%E5%9F%8E%E4%B9%A1%E5%BB%BA%E8%AE%BE%E7%AE%A1%E7%90%86%E5%A7%94%E5%91%98%E4%BC%9A%E5%85%B3%E4%BA%8E%E3%80%8A%E9%81%93%E8%B7%AF%E7%85%A7%E6%98%8E%E5%B7%A5%E7%A8%8B%E5%BB%BA%E8%AE%BE%E6%8A%80%E6%9C%AF%E6%A0%87%E5%87%86%E3%80%8B%E4%B8%BA%E4%B8%8A%E6%B5%B7%E5%B8%82%E5%B7%A5%E7%A8%8B%E5%BB%BA%E8%AE%BE%E8%A7%84%E8%8C%83%E7%9A%84%E9%80%9A%E7%9F%A5.pdf		现行标准栏目已收录/实施 2017-01-01
施工与质量安全	沉井与沉箱施工技术标准		2023-08-04	沪建标定〔2023〕403号	上海市住房和城乡建设管理委员会	https://www.shanghai.gov.cn/zhengce/detail?businessId=37827d03d1b3484f981cf7e028469472&siteId=0011		https://www.shanghai.gov.cn/gwk/resource/file?pathname=2/0011/8f/8f79280666d741feb4e541e8922ae8a5/873cdf8b11f4f2c3b8f4d1204df87968.pdf&filename=%E4%B8%8A%E6%B5%B7%E5%B8%82%E4%BD%8F%E6%88%BF%E5%92%8C%E5%9F%8E%E4%B9%A1%E5%BB%BA%E8%AE%BE%E7%AE%A1%E7%90%86%E5%A7%94%E5%91%98%E4%BC%9A%E5%85%B3%E4%BA%8E%E6%89%B9%E5%87%86%E3%80%8A%E6%B2%89%E4%BA%95%E4%B8%8E%E6%B2%89%E7%AE%B1%E6%96%BD%E5%B7%A5%E6%8A%80%E6%9C%AF%E6%A0%87%E5%87%86%E3%80%8B%E4%B8%BA%E4%B8%8A%E6%B5%B7%E5%B8%82%E5%B7%A5%E7%A8%8B%E5%BB%BA%E8%AE%BE%E8%A7%84%E8%8C%83%E7%9A%84%E9%80%9A%E7%9F%A5.pdf		新批准，现行标准栏目未收录
装配式与外围护	外墙外保温系统应用技术标准（岩棉）		2023-07-31	沪建标定〔2023〕387号	上海市住房和城乡建设管理委员会	https://www.shanghai.gov.cn/zhengce/detail?businessId=b8f6583fc989423c8edd77703057fa32&siteId=0011		https://www.shanghai.gov.cn/gwk/resource/file?pathname=2/0011/70/70a88919f0324728af06a29783d3451c/b80791aa8c389e36eb5f8dc5f0058ce6.pdf&filename=%E5%85%B3%E4%BA%8E%E6%89%B9%E5%87%86%E3%80%8A%E5%A4%96%E5%A2%99%E5%A4%96%E4%BF%9D%E6%B8%A9%E7%B3%BB%E7%BB%9F%E5%BA%94%E7%94%A8%E6%8A%80%E6%9C%AF%E6%A0%87%E5%87%86%EF%BC%88%E5%B2%A9%E6%A3%89%EF%BC%89%E3%80%8B%E4%B8%BA%E4%B8%8A%E6%B5%B7%E5%B8%82%E5%B7%A5%E7%A8%8B%E5%BB%BA%E8%AE%BE%E8%A7%84%E8%8C%83%E7%9A%84%E9%80%9A%E7%9F%A5.pdf		新批准，现行标准栏目未收录
装配式与外围护	上海市既有建筑玻璃幕墙区级巡查工作导则		2023-07-31	沪建质安〔2023〕385号	上海市住房和城乡建设管理委员会	https://www.shanghai.gov.cn/zhengce/detail?businessId=12e58e9dc3814e748be53b241c45ad12&siteId=0011		https://www.shanghai.gov.cn/gwk/resource/file?pathname=2/0011/6e/6ea9695dc3b04078b969a4bd29a6a22e/5320094bc2bcf18d0a00a7c4ceedc470.pdf&filename=%E4%B8%8A%E6%B5%B7%E5%B8%82%E4%BD%8F%E6%88%BF%E5%92%8C%E5%9F%8E%E4%B9%A1%E5%BB%BA%E8%AE%BE%E7%AE%A1%E7%90%86%E5%A7%94%E5%91%98%E4%BC%9A%E5%85%B3%E4%BA%8E%E5%8D%B0%E5%8F%91%E3%80%8A%E4%B8%8A%E6%B5%B7%E5%B8%82%E6%97%A2%E6%9C%89%E5%BB%BA%E7%AD%91%E7%8E%BB%E7%92%83%E5%B9%95%E5%A2%99%E5%8C%BA%E7%BA%A7%E5%B7%A1%E6%9F%A5%E5%B7%A5%E4%BD%9C%E5%AF%BC%E5%88%99%E3%80%8B%E7%9A%84%E9%80%9A%E7%9F%A5.pdf	https://www.shanghai.gov.cn/gwk/resource/file?pathname=2/0011/84/843c0cd3dad34ba0a1c70083765d8bb0/70ee00d9033881dcec57305311b3953f.pdf&filename=%E4%B8%8A%E6%B5%B7%E5%B8%82%E6%97%A2%E6%9C%89%E5%BB%BA%E7%AD%91%E7%8E%BB%E7%92%83%E5%B9%95%E5%A2%99%E5%8C%BA%E7%BA%A7%E5%B7%A1%E6%9F%A5%E5%B7%A5%E4%BD%9C%E5%AF%BC%E5%88%99.pdf	新批准，现行标准栏目未收录
装配式与外围护	外墙保温一体化系统应用技术标准（预制混凝土反打保温外墙）	DG/TJ08-2433A-2023	2023-07-11	沪建标定〔2023〕349号	上海市住房和城乡建设管理委员会	https://www.shanghai.gov.cn/zhengce/detail?businessId=aed4debaa3b145128a72bb1f6941b8c6&siteId=0011	https://zjw.sh.gov.cn/cmsres/3f/3f4174510125472b80b2b9a38d78c7dc/14d171af33d6c13792e1931753d2f180.pdf	https://www.shanghai.gov.cn/gwk/resource/file?pathname=2/0011/21/2150d5ec16d24716b4088c7e1d82ee03/b80791aa8c389e36eb5f8dc5f0058ce6.pdf&filename=%E4%B8%8A%E6%B5%B7%E5%B8%82%E4%BD%8F%E6%88%BF%E5%92%8C%E5%9F%8E%E4%B9%A1%E5%BB%BA%E8%AE%BE%E7%AE%A1%E7%90%86%E5%A7%94%E5%91%98%E4%BC%9A%E5%85%B3%E4%BA%8E%E6%89%B9%E5%87%86%E3%80%8A%E5%A4%96%E5%A2%99%E4%BF%9D%E6%B8%A9%E4%B8%80%E4%BD%93%E5%8C%96%E7%B3%BB%E7%BB%9F%E5%BA%94%E7%94%A8%E6%8A%80%E6%9C%AF%E6%A0%87%E5%87%86%EF%BC%88%E9%A2%84%E5%88%B6%E6%B7%B7%E5%87%9D%E5%9C%9F%E5%8F%8D%E6%89%93%E4%BF%9D%E6%B8%A9%E5%A4%96%E5%A2%99%EF%BC%89%E3%80%8B%E4%B8%BA%E4%B8%8A%E6%B5%B7%E5%B8%82%E5%B7%A5%E7%A8%8B%E5%BB%BA%E8%AE%BE%E8%A7%84%E8%8C%83%E7%9A%84%E9%80%9A%E7%9F%A5.pdf		现行标准栏目已收录/实施 2023-10-01
设备与智能化	排水系统数学模型构建及应用标准		2023-07-11	沪建标定〔2023〕346号	上海市住房和城乡建设管理委员会	https://www.shanghai.gov.cn/zhengce/detail?businessId=620889fc69ec48659e138ccfb86a1f46&siteId=0011		https://www.shanghai.gov.cn/gwk/resource/file?pathname=2/0011/4e/4e8fea6420284ef3aae62ec80708934b/b80791aa8c389e36eb5f8dc5f0058ce6.pdf&filename=%E4%B8%8A%E6%B5%B7%E5%B8%82%E4%BD%8F%E6%88%BF%E5%92%8C%E5%9F%8E%E4%B9%A1%E5%BB%BA%E8%AE%BE%E7%AE%A1%E7%90%86%E5%A7%94%E5%91%98%E4%BC%9A%E5%85%B3%E4%BA%8E%E6%89%B9%E5%87%86%E3%80%8A%E6%8E%92%E6%B0%B4%E7%B3%BB%E7%BB%9F%E6%95%B0%E5%AD%A6%E6%A8%A1%E5%9E%8B%E6%9E%84%E5%BB%BA%E5%8F%8A%E5%BA%94%E7%94%A8%E6%A0%87%E5%87%86%E3%80%8B%E4%B8%BA%E4%B8%8A%E6%B5%B7%E5%B8%82%E5%B7%A5%E7%A8%8B%E5%BB%BA%E8%AE%BE%E8%A7%84%E8%8C%83%E7%9A%84%E9%80%9A%E7%9F%A5.pdf		新批准，现行标准栏目未收录
施工与质量安全	上海市建设工程施工图无障碍设计文件技术审查要点		2023-07-03	沪建质安〔2023〕312 号	上海市住房和城乡建设管理委员会	https://zjw.sh.gov.cn/jsgl/20230703/6850041267f7448585db4694e1a05933.html			https://zjw.sh.gov.cn/cmsres/13/130fa280a78b4d6984e10f6d198fa77a/9b2bceb8866d815dd1c382c5716c5854.docx	新批准，现行标准栏目未收录
水务与海绵	平板膜生物反应器法污水处理工程技术标准	DG/TJ08-2190-2015	2023-06-20	沪建标定〔2023〕315号	上海市住房和城乡建设管理委员会	https://www.shanghai.gov.cn/zhengce/detail?businessId=07f430840d0d4f8bad2934f3bf4639a9&siteId=0011	https://zjw.sh.gov.cn/shsd/userfiles/2190平板膜生物反应器法污水20160803141005.pdf	https://www.shanghai.gov.cn/gwk/resource/file?pathname=2/0011/02/029c9ef77aa749409a0bf78a1635b668/b80791aa8c389e36eb5f8dc5f0058ce6.pdf&filename=%E4%B8%8A%E6%B5%B7%E5%B8%82%E4%BD%8F%E6%88%BF%E5%92%8C%E5%9F%8E%E4%B9%A1%E5%BB%BA%E8%AE%BE%E7%AE%A1%E7%90%86%E5%A7%94%E5%91%98%E4%BC%9A%E5%85%B3%E4%BA%8E%E6%89%B9%E5%87%86%E3%80%8A%E5%B9%B3%E6%9D%BF%E8%86%9C%E7%94%9F%E7%89%A9%E5%8F%8D%E5%BA%94%E5%99%A8%E6%B3%95%E6%B1%A1%E6%B0%B4%E5%A4%84%E7%90%86%E5%B7%A5%E7%A8%8B%E6%8A%80%E6%9C%AF%E6%A0%87%E5%87%86%E3%80%8B%E4%B8%BA%E4%B8%8A%E6%B5%B7%E5%B8%82%E5%B7%A5%E7%A8%8B%E5%BB%BA%E8%AE%BE%E8%A7%84%E8%8C%83%E7%9A%84%E9%80%9A%E7%9F%A5.pdf		现行标准栏目已收录/实施 2016-04-01
水务与海绵	上海市小型水闸安全评价导则		2023-06-12	沪水务〔2023〕388号	上海市水务局	https://www.shanghai.gov.cn/zhengce/detail?businessId=35e0ec695f2945e1b3a943ee96e42ecc&siteId=0004		https://www.shanghai.gov.cn/gwk/resource/file?pathname=2/0004/04/0427d8cd714545bf91aed8c78c02235e/f05cfdb57213dd779b871e584272deb1.pdf&filename=%E4%B8%8A%E6%B5%B7%E5%B8%82%E6%B0%B4%E5%8A%A1%E5%B1%80%E5%85%B3%E4%BA%8E%E5%8D%B0%E5%8F%91%E3%80%8A%E4%B8%8A%E6%B5%B7%E5%B8%82%E5%B0%8F%E5%9E%8B%E6%B0%B4%E9%97%B8%E5%AE%89%E5%85%A8%E8%AF%84%E4%BB%B7%E5%AF%BC%E5%88%99%E3%80%8B%E7%9A%84%E9%80%9A%E7%9F%A5.pdf	https://www.shanghai.gov.cn/gwk/resource/file?pathname=2/0004/81/81ddb49793ee49c9ac3ed5990f24e339/253271679b0276422cf282cfee265e71.pdf&filename=%E6%B2%AA%E6%B0%B4%E5%8A%A1%E3%80%942023%E3%80%95388%E5%8F%B7%E9%99%84%E4%BB%B6.pdf	新批准，现行标准栏目未收录
建筑与住区	市域铁路设计标准		2023-06-01	沪建标定〔2023〕276号	上海市住房和城乡建设管理委员会	https://www.shanghai.gov.cn/zhengce/detail?businessId=47f35af81d574ce883257b17e966c66f&siteId=0011		https://www.shanghai.gov.cn/gwk/resource/file?pathname=2/0011/30/30fdfd93efcc485597e5f29a2e474fed/b80791aa8c389e36eb5f8dc5f0058ce6.pdf&filename=%E4%B8%8A%E6%B5%B7%E5%B8%82%E4%BD%8F%E6%88%BF%E5%92%8C%E5%9F%8E%E4%B9%A1%E5%BB%BA%E8%AE%BE%E7%AE%A1%E7%90%86%E5%A7%94%E5%91%98%E4%BC%9A%E5%85%B3%E4%BA%8E%E6%89%B9%E5%87%86%E3%80%8A%E5%B8%82%E5%9F%9F%E9%93%81%E8%B7%AF%E8%AE%BE%E8%AE%A1%E6%A0%87%E5%87%86%E3%80%8B%E4%B8%BA%E4%B8%8A%E6%B5%B7%E5%B8%82%E5%B7%A5%E7%A8%8B%E5%BB%BA%E8%AE%BE%E8%A7%84%E8%8C%83%E7%9A%84%E9%80%9A%E7%9F%A5.pdf		新批准，现行标准栏目未收录
建筑与住区	应急避难场所设计标准		2023-06-01	沪建标定〔2023〕277号	上海市住房和城乡建设管理委员会	https://www.shanghai.gov.cn/zhengce/detail?businessId=93eee867d55242d6a18f341c33a8c29d&siteId=0011		https://www.shanghai.gov.cn/gwk/resource/file?pathname=2/0011/7a/7a0ccda69d43496ab29e09db0ce13948/b80791aa8c389e36eb5f8dc5f0058ce6.pdf&filename=%E4%B8%8A%E6%B5%B7%E5%B8%82%E4%BD%8F%E6%88%BF%E5%92%8C%E5%9F%8E%E4%B9%A1%E5%BB%BA%E8%AE%BE%E7%AE%A1%E7%90%86%E5%A7%94%E5%91%98%E4%BC%9A%E5%85%B3%E4%BA%8E%E6%89%B9%E5%87%86%E3%80%8A%E5%BA%94%E6%80%A5%E9%81%BF%E9%9A%BE%E5%9C%BA%E6%89%80%E8%AE%BE%E8%AE%A1%E6%A0%87%E5%87%86%E3%80%8B%E4%B8%BA%E4%B8%8A%E6%B5%B7%E5%B8%82%E5%B7%A5%E7%A8%8B%E5%BB%BA%E8%AE%BE%E8%A7%84%E8%8C%83%E7%9A%84%E9%80%9A%E7%9F%A5.pdf		新批准，现行标准栏目未收录
施工与质量安全	市域铁路工程施工质量验收标准		2023-06-01	沪建标定〔2023〕273号	上海市住房和城乡建设管理委员会	https://www.shanghai.gov.cn/zhengce/detail?businessId=d435044bf15e46d88faa23443a3917f2&siteId=0011		https://www.shanghai.gov.cn/gwk/resource/file?pathname=2/0011/75/75ccea2701f74226aa3fd6566cc410b1/b80791aa8c389e36eb5f8dc5f0058ce6.pdf&filename=%E4%B8%8A%E6%B5%B7%E5%B8%82%E4%BD%8F%E6%88%BF%E5%92%8C%E5%9F%8E%E4%B9%A1%E5%BB%BA%E8%AE%BE%E7%AE%A1%E7%90%86%E5%A7%94%E5%91%98%E4%BC%9A%E5%85%B3%E4%BA%8E%E6%89%B9%E5%87%86%E3%80%8A%E5%B8%82%E5%9F%9F%E9%93%81%E8%B7%AF%E5%B7%A5%E7%A8%8B%E6%96%BD%E5%B7%A5%E8%B4%A8%E9%87%8F%E9%AA%8C%E6%94%B6%E6%A0%87%E5%87%86%E3%80%8B%E4%B8%BA%E4%B8%8A%E6%B5%B7%E5%B8%82%E5%B7%A5%E7%A8%8B%E5%BB%BA%E8%AE%BE%E8%A7%84%E8%8C%83%E7%9A%84%E9%80%9A%E7%9F%A5.pdf		新批准，现行标准栏目未收录
水务与海绵	雨水调蓄设施技术标准		2023-06-01	沪建标定〔2023〕274号	上海市住房和城乡建设管理委员会	https://www.shanghai.gov.cn/zhengce/detail?businessId=3ee7df6695774e97bb848742a5bf894e&siteId=0011		https://www.shanghai.gov.cn/gwk/resource/file?pathname=2/0011/9c/9c197c3552cf46d983cd07729922e066/b80791aa8c389e36eb5f8dc5f0058ce6.pdf&filename=%E4%B8%8A%E6%B5%B7%E5%B8%82%E4%BD%8F%E6%88%BF%E5%92%8C%E5%9F%8E%E4%B9%A1%E5%BB%BA%E8%AE%BE%E7%AE%A1%E7%90%86%E5%A7%94%E5%91%98%E4%BC%9A%E5%85%B3%E4%BA%8E%E6%89%B9%E5%87%86%E3%80%8A%E9%9B%A8%E6%B0%B4%E8%B0%83%E8%93%84%E8%AE%BE%E6%96%BD%E6%8A%80%E6%9C%AF%E6%A0%87%E5%87%86%E3%80%8B%E4%B8%BA%E4%B8%8A%E6%B5%B7%E5%B8%82%E5%B7%A5%E7%A8%8B%E5%BB%BA%E8%AE%BE%E8%A7%84%E8%8C%83%E7%9A%84%E9%80%9A%E7%9F%A5.pdf		新批准，现行标准栏目未收录
结构与抗震	户外招牌结构设计与安装		2023-06-01	沪建标定〔2023〕272号	上海市住房和城乡建设管理委员会	https://www.shanghai.gov.cn/zhengce/detail?businessId=793f26531c6349f4aa6dbc347f8c2ff8&siteId=0011		https://www.shanghai.gov.cn/gwk/resource/file?pathname=2/0011/ea/ea0fa399a1d2493d9868a98cd7daa2d4/b80791aa8c389e36eb5f8dc5f0058ce6.pdf&filename=%E4%B8%8A%E6%B5%B7%E5%B8%82%E4%BD%8F%E6%88%BF%E5%92%8C%E5%9F%8E%E4%B9%A1%E5%BB%BA%E8%AE%BE%E7%AE%A1%E7%90%86%E5%A7%94%E5%91%98%E4%BC%9A%E5%85%B3%E4%BA%8E%E6%89%B9%E5%87%86%E3%80%8A%E6%88%B7%E5%A4%96%E6%8B%9B%E7%89%8C%E7%BB%93%E6%9E%84%E8%AE%BE%E8%AE%A1%E4%B8%8E%E5%AE%89%E8%A3%85%E3%80%8B%E4%B8%BA%E4%B8%8A%E6%B5%B7%E5%B8%82%E5%BB%BA%E7%AD%91%E6%A0%87%E5%87%86%E8%AE%BE%E8%AE%A1%E7%9A%84%E9%80%9A%E7%9F%A5.pdf		新批准，现行标准栏目未收录
装配式与外围护	外墙内保温系统应用技术标准（泡沫玻璃板）		2023-06-01	沪建标定〔2023〕275号	上海市住房和城乡建设管理委员会	https://www.shanghai.gov.cn/zhengce/detail?businessId=c434b22277e54c198e9486c1d020c152&siteId=0011		https://www.shanghai.gov.cn/gwk/resource/file?pathname=2/0011/d3/d38615db1b7c4b3fb98107f7dce13633/b80791aa8c389e36eb5f8dc5f0058ce6.pdf&filename=%E4%B8%8A%E6%B5%B7%E5%B8%82%E4%BD%8F%E6%88%BF%E5%92%8C%E5%9F%8E%E4%B9%A1%E5%BB%BA%E8%AE%BE%E7%AE%A1%E7%90%86%E5%A7%94%E5%91%98%E4%BC%9A%E5%85%B3%E4%BA%8E%E6%89%B9%E5%87%86%E3%80%8A%E5%A4%96%E5%A2%99%E5%86%85%E4%BF%9D%E6%B8%A9%E7%B3%BB%E7%BB%9F%E5%BA%94%E7%94%A8%E6%8A%80%E6%9C%AF%E6%A0%87%E5%87%86%EF%BC%88%E6%B3%A1%E6%B2%AB%E7%8E%BB%E7%92%83%E6%9D%BF%EF%BC%89%E3%80%8B%E4%B8%BA%E4%B8%8A%E6%B5%B7%E5%B8%82%E5%B7%A5%E7%A8%8B%E5%BB%BA%E8%AE%BE%E8%A7%84%E8%8C%83%E7%9A%84%E9%80%9A%E7%9F%A5.pdf		新批准，现行标准栏目未收录
市政与道路	海塘维修养护技术标准		2023-05-30	沪建标定〔2023〕265号	上海市住房和城乡建设管理委员会	https://www.shanghai.gov.cn/zhengce/detail?businessId=df5d9daf664e4490ad0172a72d923ceb&siteId=0011		https://www.shanghai.gov.cn/gwk/resource/file?pathname=2/0011/6f/6fb5ddfafdc74c93b8e0dea83c07ef02/b80791aa8c389e36eb5f8dc5f0058ce6.pdf&filename=%E4%B8%8A%E6%B5%B7%E5%B8%82%E4%BD%8F%E6%88%BF%E5%92%8C%E5%9F%8E%E4%B9%A1%E5%BB%BA%E8%AE%BE%E7%AE%A1%E7%90%86%E5%A7%94%E5%91%98%E4%BC%9A%E5%85%B3%E4%BA%8E%E6%89%B9%E5%87%86%E3%80%8A%E6%B5%B7%E5%A1%98%E7%BB%B4%E4%BF%AE%E5%85%BB%E6%8A%A4%E6%8A%80%E6%9C%AF%E6%A0%87%E5%87%86%E3%80%8B%E4%B8%BA%E4%B8%8A%E6%B5%B7%E5%B8%82%E5%B7%A5%E7%A8%8B%E5%BB%BA%E8%AE%BE%E8%A7%84%E8%8C%83%E7%9A%84%E9%80%9A%E7%9F%A5.pdf		新批准，现行标准栏目未收录
消防与人防	民防工程平战功能转换技术标准		2023-05-30	沪建标定〔2023〕266号	上海市住房和城乡建设管理委员会	https://www.shanghai.gov.cn/zhengce/detail?businessId=bcaa60a7fb7f4e358bed7378795dc407&siteId=0011		https://www.shanghai.gov.cn/gwk/resource/file?pathname=2/0011/5f/5f497ea0733c49fb87a8260c93ca72b8/b80791aa8c389e36eb5f8dc5f0058ce6.pdf&filename=%E4%B8%8A%E6%B5%B7%E5%B8%82%E4%BD%8F%E6%88%BF%E5%92%8C%E5%9F%8E%E4%B9%A1%E5%BB%BA%E8%AE%BE%E7%AE%A1%E7%90%86%E5%A7%94%E5%91%98%E4%BC%9A%E5%85%B3%E4%BA%8E%E6%89%B9%E5%87%86%E3%80%8A%E6%B0%91%E9%98%B2%E5%B7%A5%E7%A8%8B%E5%B9%B3%E6%88%98%E5%8A%9F%E8%83%BD%E8%BD%AC%E6%8D%A2%E6%8A%80%E6%9C%AF%E6%A0%87%E5%87%86%E3%80%8B%E4%B8%BA%E4%B8%8A%E6%B5%B7%E5%B8%82%E5%B7%A5%E7%A8%8B%E5%BB%BA%E8%AE%BE%E8%A7%84%E8%8C%83%E7%9A%84%E9%80%9A%E7%9F%A5.pdf		新批准，现行标准栏目未收录
绿化与市容	湿垃圾厌氧消化处理工程技术标准		2023-05-30	沪建标定〔2023〕264号	上海市住房和城乡建设管理委员会	https://www.shanghai.gov.cn/zhengce/detail?businessId=e45a350088314648bf2c3cddfa43257c&siteId=0011		https://www.shanghai.gov.cn/gwk/resource/file?pathname=2/0011/c0/c0d12157153149d7be24bc169861cd61/b80791aa8c389e36eb5f8dc5f0058ce6.pdf&filename=%E4%B8%8A%E6%B5%B7%E5%B8%82%E4%BD%8F%E6%88%BF%E5%92%8C%E5%9F%8E%E4%B9%A1%E5%BB%BA%E8%AE%BE%E7%AE%A1%E7%90%86%E5%A7%94%E5%91%98%E4%BC%9A%E5%85%B3%E4%BA%8E%E6%89%B9%E5%87%86%E3%80%8A%E6%B9%BF%E5%9E%83%E5%9C%BE%E5%8E%8C%E6%B0%A7%E6%B6%88%E5%8C%96%E5%A4%84%E7%90%86%E5%B7%A5%E7%A8%8B%E6%8A%80%E6%9C%AF%E6%A0%87%E5%87%86%E3%80%8B%E4%B8%BA%E4%B8%8A%E6%B5%B7%E5%B8%82%E5%B7%A5%E7%A8%8B%E5%BB%BA%E8%AE%BE%E8%A7%84%E8%8C%83%E7%9A%84%E9%80%9A%E7%9F%A5.pdf		新批准，现行标准栏目未收录
勘察与测绘	岩土工程勘察标准	DGJ08-37-2012	2023-05-22	沪建标定〔2023〕250号	上海市住房和城乡建设管理委员会	https://www.shanghai.gov.cn/zhengce/detail?businessId=13d55c15901843efbdaa9796e1ea511f&siteId=0011	https://zjw.sh.gov.cn/shsd/userfiles/285岩土工程勘察规范.pdf	https://www.shanghai.gov.cn/gwk/resource/file?pathname=2/0011/56/56fb1b3926944a67a6c70e0fa47e522d/b80791aa8c389e36eb5f8dc5f0058ce6.pdf&filename=%E4%B8%8A%E6%B5%B7%E5%B8%82%E4%BD%8F%E6%88%BF%E5%92%8C%E5%9F%8E%E4%B9%A1%E5%BB%BA%E8%AE%BE%E7%AE%A1%E7%90%86%E5%A7%94%E5%91%98%E4%BC%9A%E5%85%B3%E4%BA%8E%E6%89%B9%E5%87%86%E3%80%8A%E5%B2%A9%E5%9C%9F%E5%B7%A5%E7%A8%8B%E5%8B%98%E5%AF%9F%E6%A0%87%E5%87%86%E3%80%8B%E4%B8%BA%E4%B8%8A%E6%B5%B7%E5%B8%82%E5%B7%A5%E7%A8%8B%E5%BB%BA%E8%AE%BE%E8%A7%84%E8%8C%83%E7%9A%84%E9%80%9A%E7%9F%A5.pdf		现行标准栏目已收录/实施 2012-05-01
市政与道路	园林绿化养护标准		2023-05-22	沪建标定〔2023〕248号	上海市住房和城乡建设管理委员会	https://www.shanghai.gov.cn/zhengce/detail?businessId=4de82b3b41104cbb8cda37cf2dfc7988&siteId=0011		https://www.shanghai.gov.cn/gwk/resource/file?pathname=2/0011/2a/2a31107c11474a6db4c4a2e11c169450/b80791aa8c389e36eb5f8dc5f0058ce6.pdf&filename=%E4%B8%8A%E6%B5%B7%E5%B8%82%E4%BD%8F%E6%88%BF%E5%92%8C%E5%9F%8E%E4%B9%A1%E5%BB%BA%E8%AE%BE%E7%AE%A1%E7%90%86%E5%A7%94%E5%91%98%E4%BC%9A%E5%85%B3%E4%BA%8E%E6%89%B9%E5%87%86%E3%80%8A%E5%9B%AD%E6%9E%97%E7%BB%BF%E5%8C%96%E5%85%BB%E6%8A%A4%E6%A0%87%E5%87%86%E3%80%8B%E4%B8%BA%E4%B8%8A%E6%B5%B7%E5%B8%82%E5%B7%A5%E7%A8%8B%E5%BB%BA%E8%AE%BE%E8%A7%84%E8%8C%83%E7%9A%84%E9%80%9A%E7%9F%A5.pdf		新批准，现行标准栏目未收录
市政与道路	桥梁工业化评价标准		2023-05-22	沪建标定〔2023〕247号	上海市住房和城乡建设管理委员会	https://www.shanghai.gov.cn/zhengce/detail?businessId=41e255130b81453589ba9467f642a0dd&siteId=0011		https://www.shanghai.gov.cn/gwk/resource/file?pathname=2/0011/ce/cee0637db1024d5692e1c64495f61114/b80791aa8c389e36eb5f8dc5f0058ce6.pdf&filename=%E4%B8%8A%E6%B5%B7%E5%B8%82%E4%BD%8F%E6%88%BF%E5%92%8C%E5%9F%8E%E4%B9%A1%E5%BB%BA%E8%AE%BE%E7%AE%A1%E7%90%86%E5%A7%94%E5%91%98%E4%BC%9A%E5%85%B3%E4%BA%8E%E6%89%B9%E5%87%86%E3%80%8A%E6%A1%A5%E6%A2%81%E5%B7%A5%E4%B8%9A%E5%8C%96%E8%AF%84%E4%BB%B7%E6%A0%87%E5%87%86%E3%80%8B%E4%B8%BA%E4%B8%8A%E6%B5%B7%E5%B8%82%E5%B7%A5%E7%A8%8B%E5%BB%BA%E8%AE%BE%E8%A7%84%E8%8C%83%E7%9A%84%E9%80%9A%E7%9F%A5.pdf		新批准，现行标准栏目未收录
消防与人防	大空间建筑铝合金结构防火技术标准		2023-05-22	沪建标定〔2023〕249号	上海市住房和城乡建设管理委员会	https://www.shanghai.gov.cn/zhengce/detail?businessId=c1085bc11adf41dbb5dea8f81f914c18&siteId=0011		https://www.shanghai.gov.cn/gwk/resource/file?pathname=2/0011/8d/8d81049c771a45fe9779481ace989cef/b80791aa8c389e36eb5f8dc5f0058ce6.pdf&filename=%E4%B8%8A%E6%B5%B7%E5%B8%82%E4%BD%8F%E6%88%BF%E5%92%8C%E5%9F%8E%E4%B9%A1%E5%BB%BA%E8%AE%BE%E7%AE%A1%E7%90%86%E5%A7%94%E5%91%98%E4%BC%9A%E5%85%B3%E4%BA%8E%E6%89%B9%E5%87%86%E3%80%8A%E5%A4%A7%E7%A9%BA%E9%97%B4%E5%BB%BA%E7%AD%91%E9%93%9D%E5%90%88%E9%87%91%E7%BB%93%E6%9E%84%E9%98%B2%E7%81%AB%E6%8A%80%E6%9C%AF%E6%A0%87%E5%87%86%E3%80%8B%E4%B8%BA%E4%B8%8A%E6%B5%B7%E5%B8%82%E5%B7%A5%E7%A8%8B%E5%BB%BA%E8%AE%BE%E8%A7%84%E8%8C%83%E7%9A%84%E9%80%9A%E7%9F%A5.pdf		新批准，现行标准栏目未收录
改造与历史建筑	住宅修缮工程质量检测及评定标准		2023-05-19	沪建标定〔2023〕241号	上海市住房和城乡建设管理委员会	https://www.shanghai.gov.cn/zhengce/detail?businessId=21932ece268945c683d931473c622854&siteId=0011		https://www.shanghai.gov.cn/gwk/resource/file?pathname=2/0011/1c/1c3cb713cbdd46b1a822979f141bb759/b80791aa8c389e36eb5f8dc5f0058ce6.pdf&filename=%E4%B8%8A%E6%B5%B7%E5%B8%82%E4%BD%8F%E6%88%BF%E5%92%8C%E5%9F%8E%E4%B9%A1%E5%BB%BA%E8%AE%BE%E7%AE%A1%E7%90%86%E5%A7%94%E5%91%98%E4%BC%9A%E5%85%B3%E4%BA%8E%E6%89%B9%E5%87%86%E3%80%8A%E4%BD%8F%E5%AE%85%E4%BF%AE%E7%BC%AE%E5%B7%A5%E7%A8%8B%E8%B4%A8%E9%87%8F%E6%A3%80%E6%B5%8B%E5%8F%8A%E8%AF%84%E5%AE%9A%E6%A0%87%E5%87%86%E3%80%8B%E4%B8%BA%E4%B8%8A%E6%B5%B7%E5%B8%82%E5%B7%A5%E7%A8%8B%E5%BB%BA%E8%AE%BE%E8%A7%84%E8%8C%83%E7%9A%84%E9%80%9A%E7%9F%A5.pdf		新批准，现行标准栏目未收录
水务与海绵	上海市圩区治理导则（试行）		2023-05-15	沪水务〔2023〕336号	上海市水务局	https://www.shanghai.gov.cn/zhengce/detail?businessId=8708556fc9d345d3b48e768228237ff6&siteId=0004		https://www.shanghai.gov.cn/gwk/resource/file?pathname=2/0004/05/05d9ee88bc814a09b26f703260030a6d/c7f5667b78a79b1b3143d5f8dc12c033.pdf&filename=%E4%B8%8A%E6%B5%B7%E5%B8%82%E6%B0%B4%E5%8A%A1%E5%B1%80%E5%85%B3%E4%BA%8E%E5%8D%B0%E5%8F%91%E3%80%8A%E4%B8%8A%E6%B5%B7%E5%B8%82%E5%9C%A9%E5%8C%BA%E6%B2%BB%E7%90%86%E5%AF%BC%E5%88%99%EF%BC%88%E8%AF%95%E8%A1%8C%EF%BC%89%E3%80%8B%E7%9A%84%E9%80%9A%E7%9F%A5.pdf	https://www.shanghai.gov.cn/gwk/resource/file?pathname=2/0004/58/58e855749c8a49019aed499d2283e072/c023e713ac1a9ff924a1f925b2ccd1a8.pdf&filename=%E6%B2%AA%E6%B0%B4%E5%8A%A1%E3%80%942023%E3%80%95336%E5%8F%B7%E9%99%84%E4%BB%B6.pdf	新批准，现行标准栏目未收录
结构与抗震	成型钢筋混凝土结构设计标准		2023-05-09	沪建标定〔2023〕227号	上海市住房和城乡建设管理委员会	https://www.shanghai.gov.cn/zhengce/detail?businessId=f493cb40ecb14a2abd7a0ea61ffe0539&siteId=0011		https://www.shanghai.gov.cn/gwk/resource/file?pathname=2/0011/7c/7ccf1daa96954a72944f2b48571b6c90/b80791aa8c389e36eb5f8dc5f0058ce6.pdf&filename=%E5%85%B3%E4%BA%8E%E6%89%B9%E5%87%86%E3%80%8A%E6%88%90%E5%9E%8B%E9%92%A2%E7%AD%8B%E6%B7%B7%E5%87%9D%E5%9C%9F%E7%BB%93%E6%9E%84%E8%AE%BE%E8%AE%A1%E6%A0%87%E5%87%86%E3%80%8B%E4%B8%BA%E4%B8%8A%E6%B5%B7%E5%B8%82%E5%B7%A5%E7%A8%8B%E5%BB%BA%E8%AE%BE%E8%A7%84%E8%8C%83%E7%9A%84%E9%80%9A%E7%9F%A5.pdf		新批准，现行标准栏目未收录
轨道交通与地下工程	城市轨道交通钢弹簧浮置板轨道施工质量验收标准		2023-05-09	沪建标定〔2023〕228号	上海市住房和城乡建设管理委员会	https://www.shanghai.gov.cn/zhengce/detail?businessId=129b39b1b98c41cf9f1c64c0b014faaa&siteId=0011		https://www.shanghai.gov.cn/gwk/resource/file?pathname=2/0011/05/05ee4508ce4247839e2f5ed82639635b/b80791aa8c389e36eb5f8dc5f0058ce6.pdf&filename=%E4%B8%8A%E6%B5%B7%E5%B8%82%E4%BD%8F%E6%88%BF%E5%92%8C%E5%9F%8E%E4%B9%A1%E5%BB%BA%E8%AE%BE%E7%AE%A1%E7%90%86%E5%A7%94%E5%91%98%E4%BC%9A%E5%85%B3%E4%BA%8E%E6%89%B9%E5%87%86%E3%80%8A%E5%9F%8E%E5%B8%82%E8%BD%A8%E9%81%93%E4%BA%A4%E9%80%9A%E9%92%A2%E5%BC%B9%E7%B0%A7%E6%B5%AE%E7%BD%AE%E6%9D%BF%E8%BD%A8%E9%81%93%E6%96%BD%E5%B7%A5%E8%B4%A8%E9%87%8F%E9%AA%8C%E6%94%B6%E6%A0%87%E5%87%86%E3%80%8B%E4%B8%BA%E4%B8%8A%E6%B5%B7%E5%B8%82%E5%B7%A5%E7%A8%8B%E5%BB%BA%E8%AE%BE%E8%A7%84%E8%8C%83%E7%9A%84%E9%80%9A%E7%9F%A5.pdf		新批准，现行标准栏目未收录
市政与道路	上海市道路、公共广场等废物箱配置导则（2023版）		2023-05-05	沪绿容〔2023〕175号	上海市绿化和市容管理局	https://www.shanghai.gov.cn/zhengce/detail?businessId=8ed278f4-e75c-45bf-b33c-663df742a1b7&siteId=0039		https://www.shanghai.gov.cn/gwk/resource/file?pathname=2/0039/43/4383d86d564e4a50befb7611782e1e3e/2a8430689cceb6c894a86d400e1e4202.pdf&filename=%E5%85%B3%E4%BA%8E%E5%8D%B0%E5%8F%91%E3%80%8A%E4%B8%8A%E6%B5%B7%E5%B8%82%E9%81%93%E8%B7%AF%E3%80%81%E5%85%AC%E5%85%B1%E5%B9%BF%E5%9C%BA%E7%AD%89%E5%BA%9F%E7%89%A9%E7%AE%B1%E9%85%8D%E7%BD%AE%E5%AF%BC%E5%88%99%EF%BC%882023%E7%89%88%EF%BC%89%E3%80%8B%E7%9A%84%E9%80%9A%E7%9F%A5.pdf		新批准，现行标准栏目未收录
轨道交通与地下工程	道路隧道养护运行评价技术标准		2023-04-13	沪建标定〔2023〕191号	上海市住房和城乡建设管理委员会	https://www.shanghai.gov.cn/zhengce/detail?businessId=1284dcebb04548a8b4134748bca239a0&siteId=0011		https://www.shanghai.gov.cn/gwk/resource/file?pathname=2/0011/e6/e68d3362286445c69fe488fa0bdc2919/b80791aa8c389e36eb5f8dc5f0058ce6.pdf&filename=%E4%B8%8A%E6%B5%B7%E5%B8%82%E4%BD%8F%E6%88%BF%E5%92%8C%E5%9F%8E%E4%B9%A1%E5%BB%BA%E8%AE%BE%E7%AE%A1%E7%90%86%E5%A7%94%E5%91%98%E4%BC%9A%E5%85%B3%E4%BA%8E%E6%89%B9%E5%87%86%E3%80%8A%E9%81%93%E8%B7%AF%E9%9A%A7%E9%81%93%E5%85%BB%E6%8A%A4%E8%BF%90%E8%A1%8C%E8%AF%84%E4%BB%B7%E6%8A%80%E6%9C%AF%E6%A0%87%E5%87%86%E3%80%8B%E4%B8%BA%E4%B8%8A%E6%B5%B7%E5%B8%82%E5%B7%A5%E7%A8%8B%E5%BB%BA%E8%AE%BE%E8%A7%84%E8%8C%83%E7%9A%84%E9%80%9A%E7%9F%A5.pdf		新批准，现行标准栏目未收录
绿化与市容	上海市体育公园建设运营管理导则		2023-04-07	沪体财〔2023〕65号	上海市体育局	https://www.shanghai.gov.cn/zhengce/detail?businessId=f05532b6a0f9489ba5e7085fb4869a38&siteId=0027		https://www.shanghai.gov.cn/gwk/resource/file?pathname=2/0027/32/3228ae4d0ef4401c94dd5fce77a00010/1a2f3a4b531cb307b3e26e6c20eb037c.pdf&filename=%E5%85%B3%E4%BA%8E%E5%8D%B0%E5%8F%91%E3%80%8A%E4%B8%8A%E6%B5%B7%E5%B8%82%E4%BD%93%E8%82%B2%E5%85%AC%E5%9B%AD%E5%BB%BA%E8%AE%BE%E8%BF%90%E8%90%A5%E7%AE%A1%E7%90%86%E5%AF%BC%E5%88%99%E3%80%8B%E7%9A%84%E9%80%9A%E7%9F%A5.pdf	https://www.shanghai.gov.cn/cmsres/policy_resources/f05532b6a0f9489ba5e7085fb4869a38/e04ea26042964d67a57d7f496080a3a8/上海市体育公园建设运营管理导则（试行）.docx	新批准，现行标准栏目未收录
装配式与外围护	装配式部分包覆钢-混凝土组合结构技术标准		2023-03-08	沪建标定〔2023〕118号	上海市住房和城乡建设管理委员会	https://www.shanghai.gov.cn/zhengce/detail?businessId=e33b9bffd06d4e409af7879fc7c7dab4&siteId=0011		https://www.shanghai.gov.cn/gwk/resource/file?pathname=2/0011/2b/2b24de2331c24a519fbd99a12cc4d8f1/5ee3cdd6c9cfc2185bb5dabe0613e584.pdf&filename=%E4%B8%8A%E6%B5%B7%E5%B8%82%E4%BD%8F%E6%88%BF%E5%92%8C%E5%9F%8E%E4%B9%A1%E5%BB%BA%E8%AE%BE%E7%AE%A1%E7%90%86%E5%A7%94%E5%91%98%E4%BC%9A%E5%85%B3%E4%BA%8E%E6%89%B9%E5%87%86%E3%80%8A%E8%A3%85%E9%85%8D%E5%BC%8F%E9%83%A8%E5%88%86%E5%8C%85%E8%A6%86%E9%92%A2-%E6%B7%B7%E5%87%9D%E5%9C%9F%E7%BB%84%E5%90%88%E7%BB%93%E6%9E%84%E6%8A%80%E6%9C%AF%E6%A0%87%E5%87%86%E3%80%8B%E4%B8%BA%E4%B8%8A%E6%B5%B7%E5%B8%82%E5%B7%A5%E7%A8%8B%E5%BB%BA%E8%AE%BE%E8%A7%84%E8%8C%83%E7%9A%84%E9%80%9A%E7%9F%A5.pdf		新批准，现行标准栏目未收录
规划与不动产	节约集约建设用地标准		2023-03-08	沪建标定〔2023〕115号	上海市住房和城乡建设管理委员会	https://www.shanghai.gov.cn/zhengce/detail?businessId=e437541c8b1343a08f6f03bd87d3a6d1&siteId=0011		https://www.shanghai.gov.cn/gwk/resource/file?pathname=2/0011/9e/9e3e40eb1fe34d1f99ee84dd7c06b5db/b80791aa8c389e36eb5f8dc5f0058ce6.pdf&filename=%E4%B8%8A%E6%B5%B7%E5%B8%82%E4%BD%8F%E6%88%BF%E5%92%8C%E5%9F%8E%E4%B9%A1%E5%BB%BA%E8%AE%BE%E7%AE%A1%E7%90%86%E5%A7%94%E5%91%98%E4%BC%9A%E5%85%B3%E4%BA%8E%E6%89%B9%E5%87%86%E3%80%8A%E8%8A%82%E7%BA%A6%E9%9B%86%E7%BA%A6%E5%BB%BA%E8%AE%BE%E7%94%A8%E5%9C%B0%E6%A0%87%E5%87%86%E3%80%8B%E4%B8%BA%E4%B8%8A%E6%B5%B7%E5%B8%82%E5%B7%A5%E7%A8%8B%E5%BB%BA%E8%AE%BE%E8%A7%84%E8%8C%83%E7%9A%84%E9%80%9A%E7%9F%A5.pdf		新批准，现行标准栏目未收录
消防与人防	民防工程运行维护技术标准		2023-02-13	沪建标定〔2023〕76号	上海市住房和城乡建设管理委员会	https://www.shanghai.gov.cn/zhengce/detail?businessId=cea9a60e18ee4876b766d1b9afd315b5&siteId=0011		https://www.shanghai.gov.cn/gwk/resource/file?pathname=2/0011/d1/d1ef47e5d3bf4c63b53e234c39008e15/4000149dafec306861cf83b766b9e377.pdf&filename=%E4%B8%8A%E6%B5%B7%E5%B8%82%E4%BD%8F%E6%88%BF%E5%92%8C%E5%9F%8E%E4%B9%A1%E5%BB%BA%E8%AE%BE%E7%AE%A1%E7%90%86%E5%A7%94%E5%91%98%E4%BC%9A%E5%85%B3%E4%BA%8E%E6%89%B9%E5%87%86%E3%80%8A%E6%B0%91%E9%98%B2%E5%B7%A5%E7%A8%8B%E8%BF%90%E8%A1%8C%E7%BB%B4%E6%8A%A4%E6%8A%80%E6%9C%AF%E6%A0%87%E5%87%86%E3%80%8B%E4%B8%BA%E4%B8%8A%E6%B5%B7%E5%B8%82%E5%B7%A5%E7%A8%8B%E5%BB%BA%E8%AE%BE%E8%A7%84%E8%8C%83%E7%9A%84%E9%80%9A%E7%9F%A5.pdf		新批准，现行标准栏目未收录
其他	黄浦江两岸滨江公共空间建设标准		2023-01-31	沪建标定〔2023〕56号	上海市住房和城乡建设管理委员会	https://www.shanghai.gov.cn/zhengce/detail?businessId=5dc2b0a0a94549c0bbf7119efcb6eac7&siteId=0011		https://www.shanghai.gov.cn/gwk/resource/file?pathname=2/0011/91/91be2335f5bc4c5fb56ccb3ad8ee934a/f08910d6fcd85ce5b95696a7fde507b4.pdf&filename=%E4%B8%8A%E6%B5%B7%E5%B8%82%E4%BD%8F%E6%88%BF%E5%92%8C%E5%9F%8E%E4%B9%A1%E5%BB%BA%E8%AE%BE%E7%AE%A1%E7%90%86%E5%A7%94%E5%91%98%E4%BC%9A%E5%85%B3%E4%BA%8E%E6%89%B9%E5%87%86%E3%80%8A%E9%BB%84%E6%B5%A6%E6%B1%9F%E4%B8%A4%E5%B2%B8%E6%BB%A8%E6%B1%9F%E5%85%AC%E5%85%B1%E7%A9%BA%E9%97%B4%E5%BB%BA%E8%AE%BE%E6%A0%87%E5%87%86%E3%80%8B%E4%B8%BA%E4%B8%8A%E6%B5%B7%E5%B8%82%E5%B7%A5%E7%A8%8B%E5%BB%BA%E8%AE%BE%E8%A7%84%E8%8C%83%E7%9A%84%E9%80%9A%E7%9F%A5.pdf		新批准，现行标准栏目未收录
结构与抗震	道路声屏障结构技术标准	DG/TJ08-2086-2011	2023-01-31	沪建标定〔2023〕58号	上海市住房和城乡建设管理委员会	https://www.shanghai.gov.cn/zhengce/detail?businessId=c87581bf65fe45d2812601d54f2dfb20&siteId=0011	https://zjw.sh.gov.cn/shsd/userfiles/266道路声屏障结构技术规范.pdf	https://www.shanghai.gov.cn/gwk/resource/file?pathname=2/0011/ef/ef02436ea9454eccb60212de21fc1298/bd295d1284c07e2ef852aa6e16e9b0fe.pdf&filename=%E4%B8%8A%E6%B5%B7%E5%B8%82%E4%BD%8F%E6%88%BF%E5%92%8C%E5%9F%8E%E4%B9%A1%E5%BB%BA%E8%AE%BE%E7%AE%A1%E7%90%86%E5%A7%94%E5%91%98%E4%BC%9A%E5%85%B3%E4%BA%8E%E6%89%B9%E5%87%86%E3%80%8A%E9%81%93%E8%B7%AF%E5%A3%B0%E5%B1%8F%E9%9A%9C%E7%BB%93%E6%9E%84%E6%8A%80%E6%9C%AF%E6%A0%87%E5%87%86%E3%80%8B%E4%B8%BA%E4%B8%8A%E6%B5%B7%E5%B8%82%E5%B7%A5%E7%A8%8B%E5%BB%BA%E8%AE%BE%E8%A7%84%E8%8C%83%E7%9A%84%E9%80%9A%E7%9F%A5.pdf		现行标准栏目已收录/实施 2011-08-01
绿化与市容	上海市单位附属绿地开放共享建设技术导则（试行）		2023-01-20	沪绿委办〔2023〕1号	上海市绿化和市容管理局	https://www.shanghai.gov.cn/zhengce/detail?businessId=2280ebd7-2945-49e2-9276-68e6bb4280a4&siteId=0039		https://www.shanghai.gov.cn/gwk/resource/file?pathname=2/0039/2e/2ea89af03b6245e2985bbce95f672e89/f479160dbf97dec45e0878e31c0a151e.pdf&filename=%E5%85%B3%E4%BA%8E%E5%8D%B0%E5%8F%91%E3%80%8A%E4%B8%8A%E6%B5%B7%E5%B8%82%E5%8D%95%E4%BD%8D%E9%99%84%E5%B1%9E%E7%BB%BF%E5%9C%B0%E5%BC%80%E6%94%BE%E5%85%B1%E4%BA%AB%E5%BB%BA%E8%AE%BE%E6%8A%80%E6%9C%AF%E5%AF%BC%E5%88%99%EF%BC%88%E8%AF%95%E8%A1%8C%EF%BC%89%E3%80%8B%E7%9A%84%E9%80%9A%E7%9F%A5.pdf		新批准，现行标准栏目未收录
施工与质量安全	建设工程招标代理标准	DG/TJ08-2072-2022	2023-01-17	沪建标定〔2023〕35号	上海市住房和城乡建设管理委员会	https://www.shanghai.gov.cn/zhengce/detail?businessId=55500a111b5c45c3a86a2386f171f848&siteId=0011	https://zjw.sh.gov.cn/cmsres/bd/bdca8778320a4ab1a6ffac57eb340476/a1807ba4fa2c9348b46dfc0f817ab7ac.pdf	https://www.shanghai.gov.cn/gwk/resource/file?pathname=2/0011/5d/5dfb3a5e0cf7422bb7469c8791b0473a/7d9a206f2f462d8268ca38d35bbf9c83.pdf&filename=%E4%B8%8A%E6%B5%B7%E5%B8%82%E4%BD%8F%E6%88%BF%E5%92%8C%E5%9F%8E%E4%B9%A1%E5%BB%BA%E8%AE%BE%E7%AE%A1%E7%90%86%E5%A7%94%E5%91%98%E4%BC%9A%E5%85%B3%E4%BA%8E%E6%89%B9%E5%87%86%E3%80%8A%E5%BB%BA%E8%AE%BE%E5%B7%A5%E7%A8%8B%E6%8B%9B%E6%A0%87%E4%BB%A3%E7%90%86%E6%A0%87%E5%87%86%E3%80%8B%E4%B8%BA%E4%B8%8A%E6%B5%B7%E5%B8%82%E5%B7%A5%E7%A8%8B%E5%BB%BA%E8%AE%BE%E8%A7%84%E8%8C%83%E7%9A%84%E9%80%9A%E7%9F%A5.pdf		现行标准栏目已收录/实施 2023-05-01
结构与抗震	粒化高炉矿渣粉在水泥混凝土中应用技术标准	DG/TJ08-501-2023	2023-01-17	沪建标定〔2023〕25号	上海市住房和城乡建设管理委员会	https://www.shanghai.gov.cn/zhengce/detail?businessId=9e5d34170cda4a6abf806f54a36d70e5&siteId=0011	https://zjw.sh.gov.cn/cmsres/e6/e66a945e86d640fca4de8f12bda69734/b3ba90bf2cb18b85fabaafc1bbdb3e45.pdf	https://www.shanghai.gov.cn/gwk/resource/file?pathname=2/0011/07/07df20f282334ec0bcd291c86d4e11d2/11bad2ff9a2e8cb59324ae2de24b5981.pdf&filename=%E4%B8%8A%E6%B5%B7%E5%B8%82%E4%BD%8F%E6%88%BF%E5%92%8C%E5%9F%8E%E4%B9%A1%E5%BB%BA%E8%AE%BE%E7%AE%A1%E7%90%86%E5%A7%94%E5%91%98%E4%BC%9A%E5%85%B3%E4%BA%8E%E6%89%B9%E5%87%86%E3%80%8A%E7%B2%92%E5%8C%96%E9%AB%98%E7%82%89%E7%9F%BF%E6%B8%A3%E7%B2%89%E5%9C%A8%E6%B0%B4%E6%B3%A5%E6%B7%B7%E5%87%9D%E5%9C%9F%E4%B8%AD%E5%BA%94%E7%94%A8%E6%8A%80%E6%9C%AF%E6%A0%87%E5%87%86%E3%80%8B%E4%B8%BA%E4%B8%8A%E6%B5%B7%E5%B8%82%E5%B7%A5%E7%A8%8B%E5%BB%BA%E8%AE%BE%E8%A7%84%E8%8C%83%E7%9A%84%E9%80%9A%E7%9F%A5.pdf		现行标准栏目已收录/实施 2023-06-01
结构与抗震	建筑抗震设计标准	DG/TJ08-9-2023	2023-01-12	沪建标定〔2023〕17号	上海市住房和城乡建设管理委员会	https://www.shanghai.gov.cn/zhengce/detail?businessId=cfba3332dba34d0c9b8723004d8470b9&siteId=0011	https://zjw.sh.gov.cn/cmsres/00/007f14f3eb2341ffb407844dde0ce4b2/bda7bdd4527111d51b62a369226f9ef6.pdf	https://www.shanghai.gov.cn/gwk/resource/file?pathname=2/0011/f5/f5c6bf2705ff42a4996b7721d0b396a5/dff383a9df1b3412050cee60e1d9b84a.pdf&filename=%E4%B8%8A%E6%B5%B7%E5%B8%82%E4%BD%8F%E6%88%BF%E5%92%8C%E5%9F%8E%E4%B9%A1%E5%BB%BA%E8%AE%BE%E7%AE%A1%E7%90%86%E5%A7%94%E5%91%98%E4%BC%9A%E5%85%B3%E4%BA%8E%E6%89%B9%E5%87%86%E3%80%8A%E5%BB%BA%E7%AD%91%E6%8A%97%E9%9C%87%E8%AE%BE%E8%AE%A1%E6%A0%87%E5%87%86%E3%80%8B%E4%B8%BA%E4%B8%8A%E6%B5%B7%E5%B8%82%E5%B7%A5%E7%A8%8B%E5%BB%BA%E8%AE%BE%E8%A7%84%E8%8C%83%E7%9A%84%E9%80%9A%E7%9F%A5.pdf		现行标准栏目已收录/实施 2023-06-01
规划与不动产	关于购买共有产权保障住房（经济适用住房）满五年后续相关不动产登记技术规定		2022-12-28	沪规划资源规〔2022〕11号	上海市规划和自然资源局	https://www.shanghai.gov.cn/zhengce/detail?businessId=5f56ede00285413e99f9ad01a83460ac&siteId=0032		https://www.shanghai.gov.cn/gwk/resource/file?pathname=2/0032/89/898ecc330484429daaba5d28b611b7f7/49734f09a0459c0f0170f3fe2ecd5e38.pdf&filename=%E5%85%B3%E4%BA%8E%E5%8D%B0%E5%8F%91%E3%80%8A%E5%85%B3%E4%BA%8E%E8%B4%AD%E4%B9%B0%E5%85%B1%E6%9C%89%E4%BA%A7%E6%9D%83%E4%BF%9D%E9%9A%9C%E4%BD%8F%E6%88%BF%EF%BC%88%E7%BB%8F%E6%B5%8E%E9%80%82%E7%94%A8%E4%BD%8F%E6%88%BF%EF%BC%89%E6%BB%A1%E4%BA%94%E5%B9%B4%E5%90%8E%E7%BB%AD%E7%9B%B8%E5%85%B3%E4%B8%8D%E5%8A%A8%E4%BA%A7%E7%99%BB%E8%AE%B0%E6%8A%80%E6%9C%AF%E8%A7%84%E5%AE%9A%E3%80%8B%E7%9A%84%E9%80%9A%E7%9F%A5.pdf		新批准，现行标准栏目未收录
设备与智能化	专用数字无线对讲通信系统工程技术标准		2022-12-19	沪建标定〔2022〕736号	上海市住房和城乡建设管理委员会	https://www.shanghai.gov.cn/zhengce/detail?businessId=0b00d5a1d4534700a0ec9dc8dd1c6684&siteId=0011		https://www.shanghai.gov.cn/gwk/resource/file?pathname=2/0011/71/71f36905b40d40efbcfb2da978c3017d/e26e385c9236a37cb81d1e3b6dc78663.pdf&filename=%E4%B8%8A%E6%B5%B7%E5%B8%82%E4%BD%8F%E6%88%BF%E5%92%8C%E5%9F%8E%E4%B9%A1%E5%BB%BA%E8%AE%BE%E7%AE%A1%E7%90%86%E5%A7%94%E5%91%98%E4%BC%9A%E5%85%B3%E4%BA%8E%E6%89%B9%E5%87%86%E3%80%8A%E4%B8%93%E7%94%A8%E6%95%B0%E5%AD%97%E6%97%A0%E7%BA%BF%E5%AF%B9%E8%AE%B2%E9%80%9A%E4%BF%A1%E7%B3%BB%E7%BB%9F%E5%B7%A5%E7%A8%8B%E6%8A%80%E6%9C%AF%E6%A0%87%E5%87%86%E3%80%8B%E4%B8%BA%E4%B8%8A%E6%B5%B7%E5%B8%82%E5%B7%A5%E7%A8%8B%E5%BB%BA%E8%AE%BE%E8%A7%84%E8%8C%83%E7%9A%84%E9%80%9A%E7%9F%A5.pdf		新批准，现行标准栏目未收录
水务与海绵	上海市新建居民住宅饮用水高品质入户工程技术规程		2022-12-02	沪水务〔2022〕1034号	上海市水务局	https://www.shanghai.gov.cn/zhengce/detail?businessId=cdedd1001f624b9287f49baf6fcd71bc&siteId=0004		https://www.shanghai.gov.cn/gwk/resource/file?pathname=2/0004/91/910cea55614041d1a009aaaf39fc8844/c8364ee7d52a7621b0b80f48a60743e7.pdf&filename=%E4%B8%8A%E6%B5%B7%E5%B8%82%E6%B0%B4%E5%8A%A1%E5%B1%80%E5%85%B3%E4%BA%8E%E5%8D%B0%E5%8F%91%E3%80%8A%E4%B8%8A%E6%B5%B7%E5%B8%82%E6%96%B0%E5%BB%BA%E5%B1%85%E6%B0%91%E4%BD%8F%E5%AE%85%E9%A5%AE%E7%94%A8%E6%B0%B4%E9%AB%98%E5%93%81%E8%B4%A8%E5%85%A5%E6%88%B7%E5%B7%A5%E7%A8%8B%E6%8A%80%E6%9C%AF%E8%A7%84%E7%A8%8B%E3%80%8B%E7%9A%84%E9%80%9A%E7%9F%A5.pdf	https://www.shanghai.gov.cn/gwk/resource/file?pathname=2/0004/9d/9d7e0a57d1b74a4d8c80e277bcfd3170/e6f80218deac33ea63ce4eff69f902de.pdf&filename=%E6%B2%AA%E6%B0%B4%E5%8A%A1%E3%80%942022%E3%80%951034%E5%8F%B7%E9%99%84%E4%BB%B6.pdf	新批准，现行标准栏目未收录
市政与道路	上海市河道维修养护技术规程		2022-11-09	沪水务〔2022〕901号	上海市水务局	https://www.shanghai.gov.cn/zhengce/detail?businessId=ee9dfc13e126437087633912d4872e49&siteId=0004		https://www.shanghai.gov.cn/gwk/resource/file?pathname=2/0004/b0/b08c6ca3ef414fa09229951207a8020a/5014dbc9f0deccb83b23e09a8741d2bb.pdf&filename=%E4%B8%8A%E6%B5%B7%E5%B8%82%E6%B0%B4%E5%8A%A1%E5%B1%80%E5%85%B3%E4%BA%8E%E5%8D%B0%E5%8F%91%E3%80%8A%E4%B8%8A%E6%B5%B7%E5%B8%82%E6%B2%B3%E9%81%93%E7%BB%B4%E4%BF%AE%E5%85%BB%E6%8A%A4%E6%8A%80%E6%9C%AF%E8%A7%84%E7%A8%8B%E3%80%8B%E7%9A%84%E9%80%9A%E7%9F%A5.pdf	https://www.shanghai.gov.cn/gwk/resource/file?pathname=2/0004/16/16ab30bd436d4b4a9b5dd7d6af92c137/3bb69317a84c9463536f17708293c0d2.pdf&filename=%E6%B2%AA%E6%B0%B4%E5%8A%A1%E3%80%942022%E3%80%95901%E5%8F%B7%E9%99%84%E4%BB%B6.pdf	新批准，现行标准栏目未收录
消防与人防	城市综合体消防技术标准	DG/TJ08-2408-2022	2022-09-09	沪建标定〔2022〕453号	上海市住房和城乡建设管理委员会	https://www.shanghai.gov.cn/zhengce/detail?businessId=cabb0803cfe6419ba91b126eeb08f746&siteId=0011	https://zjw.sh.gov.cn/cmsres/a5/a5875f7a69e04e81b67105359f7326e6/23cbc0d0ccef9c194b4ecbe219f94b98.pdf	https://www.shanghai.gov.cn/gwk/resource/file?pathname=2/0011/74/74a2d805b61f409d9e1a5a1e2267cf44/f7b6fa04e927c7596c57d14ee5e74ad3.pdf&filename=%E4%B8%8A%E6%B5%B7%E5%B8%82%E4%BD%8F%E6%88%BF%E5%92%8C%E5%9F%8E%E4%B9%A1%E5%BB%BA%E8%AE%BE%E7%AE%A1%E7%90%86%E5%A7%94%E5%91%98%E4%BC%9A%E5%85%B3%E4%BA%8E%E6%89%B9%E5%87%86%E3%80%8A%E5%9F%8E%E5%B8%82%E7%BB%BC%E5%90%88%E4%BD%93%E6%B6%88%E9%98%B2%E6%8A%80%E6%9C%AF%E6%A0%87%E5%87%86%E3%80%8B%E4%B8%BA%E4%B8%8A%E6%B5%B7%E5%B8%82%E5%B7%A5%E7%A8%8B%E5%BB%BA%E8%AE%BE%E8%A7%84%E8%8C%83%E7%9A%84%E9%80%9A%E7%9F%A5.pdf		现行标准栏目已收录/实施 2023-02-01
消防与人防	文物和优秀历史建筑消防技术标准	DG/TJ08-2410-2022	2022-09-09	沪建标定〔2022〕451号	上海市住房和城乡建设管理委员会	https://www.shanghai.gov.cn/zhengce/detail?businessId=114f319aff8d422091e49b9f32dfddc8&siteId=0011	https://zjw.sh.gov.cn/cmsres/77/7793080f3bbd4857ac900944a7089a25/62a7bbdff0dbff79e1215a742768782c.pdf	https://www.shanghai.gov.cn/gwk/resource/file?pathname=2/0011/37/37dcd0cfd56e4c77b842626e72e1a27a/3b5dab989d947fe59c61109cd567aeae.pdf&filename=%E4%B8%8A%E6%B5%B7%E5%B8%82%E4%BD%8F%E6%88%BF%E5%92%8C%E5%9F%8E%E4%B9%A1%E5%BB%BA%E8%AE%BE%E7%AE%A1%E7%90%86%E5%A7%94%E5%91%98%E4%BC%9A%E5%85%B3%E4%BA%8E%E6%89%B9%E5%87%86%E3%80%8A%E6%96%87%E7%89%A9%E5%92%8C%E4%BC%98%E7%A7%80%E5%8E%86%E5%8F%B2%E5%BB%BA%E7%AD%91%E6%B6%88%E9%98%B2%E6%8A%80%E6%9C%AF%E6%A0%87%E5%87%86%E3%80%8B%E4%B8%BA%E4%B8%8A%E6%B5%B7%E5%B8%82%E5%B7%A5%E7%A8%8B%E5%BB%BA%E8%AE%BE%E8%A7%84%E8%8C%83%E7%9A%84%E9%80%9A%E7%9F%A5.pdf		现行标准栏目已收录/实施 2023-02-01
设备与智能化	城镇天然气管道工程技术标准	DJ/TJ08-10-2022	2022-09-09	沪建标定〔2022〕452号	上海市住房和城乡建设管理委员会	https://www.shanghai.gov.cn/zhengce/detail?businessId=988afab6b0224fe0a5552e6bd9d0e844&siteId=0011	https://zjw.sh.gov.cn/cmsres/4e/4e596d8a277c419eb9eeb8d24fc9a565/897d8fd2c91ff1e3526e383e7e37a21b.pdf	https://www.shanghai.gov.cn/gwk/resource/file?pathname=2/0011/25/25dfcacb40c14ed7a483ccd6fab965b2/b2a27435bbccd96e51b567b89c54f4b8.pdf&filename=%E4%B8%8A%E6%B5%B7%E5%B8%82%E4%BD%8F%E6%88%BF%E5%92%8C%E5%9F%8E%E4%B9%A1%E5%BB%BA%E8%AE%BE%E7%AE%A1%E7%90%86%E5%A7%94%E5%91%98%E4%BC%9A%E5%85%B3%E4%BA%8E%E6%89%B9%E5%87%86%E3%80%8A%E5%9F%8E%E9%95%87%E5%A4%A9%E7%84%B6%E6%B0%94%E7%AE%A1%E9%81%93%E5%B7%A5%E7%A8%8B%E6%8A%80%E6%9C%AF%E6%A0%87%E5%87%86%E3%80%8B%E4%B8%BA%E4%B8%8A%E6%B5%B7%E5%B8%82%E5%B7%A5%E7%A8%8B%E5%BB%BA%E8%AE%BE%E8%A7%84%E8%8C%83%E7%9A%84%E9%80%9A%E7%9F%A5.pdf		现行标准栏目已收录/实施 2023-02-01
建筑与住区	保障性住房设计标准（保障性租赁住房改建分册）	DG/TJ08-2291C-2022	2022-09-06	沪建标定〔2022〕448号	上海市住房和城乡建设管理委员会	https://www.shanghai.gov.cn/zhengce/detail?businessId=4d5998d6d1a94f69a3d72669aa8866cb&siteId=0011	https://zjw.sh.gov.cn/cmsres/ed/edc21b3ab20445b3b90cb1920f6e8e02/f92a6c8516ba3cf5ac4bb499b00fe3e1.pdf	https://www.shanghai.gov.cn/gwk/resource/file?pathname=2/0011/f0/f0f8a935b1604b6ea97708c04dce24d3/68c3e94d8153c61d7a7abeb0e539692c.pdf&filename=%E4%B8%8A%E6%B5%B7%E5%B8%82%E4%BD%8F%E6%88%BF%E5%92%8C%E5%9F%8E%E4%B9%A1%E5%BB%BA%E8%AE%BE%E7%AE%A1%E7%90%86%E5%A7%94%E5%91%98%E4%BC%9A%E5%85%B3%E4%BA%8E%E6%89%B9%E5%87%86%E3%80%8A%E4%BF%9D%E9%9A%9C%E6%80%A7%E4%BD%8F%E6%88%BF%E8%AE%BE%E8%AE%A1%E6%A0%87%E5%87%86%EF%BC%88%E4%BF%9D%E9%9A%9C%E6%80%A7%E7%A7%9F%E8%B5%81%E4%BD%8F%E6%88%BF%E6%94%B9%E5%BB%BA%E5%88%86%E5%86%8C%EF%BC%89%E3%80%8B%E4%B8%BA%E4%B8%8A%E6%B5%B7%E5%B8%82%E5%B7%A5%E7%A8%8B%E5%BB%BA%E8%AE%BE%E8%A7%84%E8%8C%83%E7%9A%84%E9%80%9A%E7%9F%A5.pdf		现行标准栏目已收录/实施 2022-12-01
消防与人防	老旧住宅小区消防改造技术标准	DG/TJ08-2409-2022	2022-08-22	沪建标定〔2022〕414号	上海市住房和城乡建设管理委员会	https://www.shanghai.gov.cn/zhengce/detail?businessId=c1f16b08dd6c42db8871db40b3e5b731&siteId=0011	https://zjw.sh.gov.cn/cmsres/a3/a33d0fd6ca9f48ea836ba10acd2f36f0/44a5c7afbe6fda4be3f3485d6d07e62d.pdf	https://www.shanghai.gov.cn/gwk/resource/file?pathname=2/0011/2d/2d33741afdd3466ea1742e24bd5d6728/404238068b92e09c755647e26d49b729.pdf&filename=%E4%B8%8A%E6%B5%B7%E5%B8%82%E4%BD%8F%E6%88%BF%E5%92%8C%E5%9F%8E%E4%B9%A1%E5%BB%BA%E8%AE%BE%E7%AE%A1%E7%90%86%E5%A7%94%E5%91%98%E4%BC%9A%E5%85%B3%E4%BA%8E%E6%89%B9%E5%87%86%E3%80%8A%E8%80%81%E6%97%A7%E4%BD%8F%E5%AE%85%E5%B0%8F%E5%8C%BA%E6%B6%88%E9%98%B2%E6%94%B9%E9%80%A0%E6%8A%80%E6%9C%AF%E6%A0%87%E5%87%86%E3%80%8B%E4%B8%BA%E4%B8%8A%E6%B5%B7%E5%B8%82%E5%B7%A5%E7%A8%8B%E5%BB%BA%E8%AE%BE%E8%A7%84%E8%8C%83%E7%9A%84%E9%80%9A%E7%9F%A5.pdf		现行标准栏目已收录/实施 2023-01-01
设备与智能化	大型泵站设备设施运行标准	DG/TJ08-2045-2008	2022-08-11	沪建标定〔2022〕381号	上海市住房和城乡建设管理委员会	https://www.shanghai.gov.cn/zhengce/detail?businessId=2a64472f386c497a97ea65e7cb8ecd67&siteId=0011	https://zjw.sh.gov.cn/shsd/userfiles/207大型泵站设备设施运行规程.pdf	https://www.shanghai.gov.cn/gwk/resource/file?pathname=2/0011/4f/4f87e560985f4e3788b484e688861edf/1d7ce1a63bf9b16104865d4aa8be958f.pdf&filename=%E4%B8%8A%E6%B5%B7%E5%B8%82%E4%BD%8F%E6%88%BF%E5%92%8C%E5%9F%8E%E4%B9%A1%E5%BB%BA%E8%AE%BE%E7%AE%A1%E7%90%86%E5%A7%94%E5%91%98%E4%BC%9A%E5%85%B3%E4%BA%8E%E6%89%B9%E5%87%86%E3%80%8A%E5%A4%A7%E5%9E%8B%E6%B3%B5%E7%AB%99%E8%AE%BE%E5%A4%87%E8%AE%BE%E6%96%BD%E8%BF%90%E8%A1%8C%E6%A0%87%E5%87%86%E3%80%8B%E4%B8%BA%E4%B8%8A%E6%B5%B7%E5%B8%82%E5%B7%A5%E7%A8%8B%E5%BB%BA%E8%AE%BE%E8%A7%84%E8%8C%83%E7%9A%84%E9%80%9A%E7%9F%A5.pdf		现行标准栏目已收录/实施 2009-02-01
市政与道路	行道树栽植与养护技术标准		2022-08-08	沪建标定〔2022〕367号	上海市住房和城乡建设管理委员会	https://www.shanghai.gov.cn/zhengce/detail?businessId=4104dc551c584dc9bceaeef81c6b6a18&siteId=0011		https://www.shanghai.gov.cn/gwk/resource/file?pathname=2/0011/91/919c2f207ba9463882490505d7c21d44/c5e49ab2b1136cab32d91bab6bb4abe0.pdf&filename=%E4%B8%8A%E6%B5%B7%E5%B8%82%E4%BD%8F%E6%88%BF%E5%92%8C%E5%9F%8E%E4%B9%A1%E5%BB%BA%E8%AE%BE%E7%AE%A1%E7%90%86%E5%A7%94%E5%91%98%E4%BC%9A%E5%85%B3%E4%BA%8E%E6%89%B9%E5%87%86%E3%80%8A%E8%A1%8C%E9%81%93%E6%A0%91%E6%A0%BD%E6%A4%8D%E4%B8%8E%E5%85%BB%E6%8A%A4%E6%8A%80%E6%9C%AF%E6%A0%87%E5%87%86%E3%80%8B%E4%B8%BA%E4%B8%8A%E6%B5%B7%E5%B8%82%E5%B7%A5%E7%A8%8B%E5%BB%BA%E8%AE%BE%E8%A7%84%E8%8C%83%E7%9A%84%E9%80%9A%E7%9F%A5.pdf		新批准，现行标准栏目未收录
建筑与住区	公共租赁住房运行管理标准	DG/TJ08-2368-2022	2022-08-08	沪建标定〔2022〕366号	上海市住房和城乡建设管理委员会	https://www.shanghai.gov.cn/zhengce/detail?businessId=a1ed4b03d41e4bdebca161f52e52db3a&siteId=0011	https://zjw.sh.gov.cn/cmsres/ea/eae0fa61d1634898bb28e14b06907211/c697794e2b6d18fa9b0f768516d1ce11.pdf	https://www.shanghai.gov.cn/gwk/resource/file?pathname=2/0011/45/455d2f49f89c49dc9636cb4ca48e0648/98378b203c9a9881b2b1be34d6289436.pdf&filename=%E4%B8%8A%E6%B5%B7%E5%B8%82%E4%BD%8F%E6%88%BF%E5%92%8C%E5%9F%8E%E4%B9%A1%E5%BB%BA%E8%AE%BE%E7%AE%A1%E7%90%86%E5%A7%94%E5%91%98%E4%BC%9A%E5%85%B3%E4%BA%8E%E6%89%B9%E5%87%86%E3%80%8A%E5%85%AC%E5%85%B1%E7%A7%9F%E8%B5%81%E4%BD%8F%E6%88%BF%E8%BF%90%E8%A1%8C%E7%AE%A1%E7%90%86%E6%A0%87%E5%87%86%E3%80%8B%E4%B8%BA%E4%B8%8A%E6%B5%B7%E5%B8%82%E5%B7%A5%E7%A8%8B%E5%BB%BA%E8%AE%BE%E8%A7%84%E8%8C%83%E7%9A%84%E9%80%9A%E7%9F%A5.pdf		现行标准栏目已收录/实施 2022-12-01
绿色建筑与节能	既有公共建筑节能改造技术标准	DG/TJ08-2137-2022	2022-08-08	沪建标定〔2022〕369号	上海市住房和城乡建设管理委员会	https://www.shanghai.gov.cn/zhengce/detail?businessId=db7e62f84df84535b2b72dea1aac9cfd&siteId=0011	https://zjw.sh.gov.cn/cmsres/f9/f91e64892592436fa6967bf71697596a/f7d3dd2cc6748416e26f3db295774d13.pdf	https://www.shanghai.gov.cn/gwk/resource/file?pathname=2/0011/90/9004a32bb2fb431783a8188eaa9eb852/01705f0a5850ecbed9b44bff19648381.pdf&filename=%E4%B8%8A%E6%B5%B7%E5%B8%82%E4%BD%8F%E6%88%BF%E5%92%8C%E5%9F%8E%E4%B9%A1%E5%BB%BA%E8%AE%BE%E7%AE%A1%E7%90%86%E5%A7%94%E5%91%98%E4%BC%9A%E5%85%B3%E4%BA%8E%E6%89%B9%E5%87%86%E3%80%8A%E6%97%A2%E6%9C%89%E5%85%AC%E5%85%B1%E5%BB%BA%E7%AD%91%E8%8A%82%E8%83%BD%E6%94%B9%E9%80%A0%E6%8A%80%E6%9C%AF%E6%A0%87%E5%87%86%E3%80%8B%E4%B8%BA%E4%B8%8A%E6%B5%B7%E5%B8%82%E5%B7%A5%E7%A8%8B%E5%BB%BA%E8%AE%BE%E8%A7%84%E8%8C%83%E7%9A%84%E9%80%9A%E7%9F%A5.pdf		现行标准栏目已收录/实施 2022-12-01
绿色建筑与节能	既有居住建筑节能改造技术标准	DG/TJ08-2136-2022	2022-08-08	沪建标定〔2022〕368号	上海市住房和城乡建设管理委员会	https://www.shanghai.gov.cn/zhengce/detail?businessId=ad7d236b63f24f44b304ffcd8f0154f6&siteId=0011	https://zjw.sh.gov.cn/cmsres/9d/9d0121dd2c8f49c185007841cf728028/5c9c7bbb38857eca1825aefc3fc2d6ed.pdf	https://www.shanghai.gov.cn/gwk/resource/file?pathname=2/0011/84/84340aa2f79f4ffab7aa6f0182e2cc46/131a8cd16de4650edd860b0a0e1d9810.pdf&filename=%E4%B8%8A%E6%B5%B7%E5%B8%82%E4%BD%8F%E6%88%BF%E5%92%8C%E5%9F%8E%E4%B9%A1%E5%BB%BA%E8%AE%BE%E7%AE%A1%E7%90%86%E5%A7%94%E5%91%98%E4%BC%9A%E5%85%B3%E4%BA%8E%E6%89%B9%E5%87%86%E3%80%8A%E6%97%A2%E6%9C%89%E5%B1%85%E4%BD%8F%E5%BB%BA%E7%AD%91%E8%8A%82%E8%83%BD%E6%94%B9%E9%80%A0%E6%8A%80%E6%9C%AF%E6%A0%87%E5%87%86%E3%80%8B%E4%B8%BA%E4%B8%8A%E6%B5%B7%E5%B8%82%E5%B7%A5%E7%A8%8B%E5%BB%BA%E8%AE%BE%E8%A7%84%E8%8C%83%E7%9A%84%E9%80%9A%E7%9F%A5.pdf		现行标准栏目已收录/实施 2022-12-01
设备与智能化	城市轨道交通专用无线通信系统技术标准	DG/TJ08-104-2014	2022-08-08	沪建标定〔2022〕370号	上海市住房和城乡建设管理委员会	https://www.shanghai.gov.cn/zhengce/detail?businessId=f613b33c0dbd4fe98491d4f28db3df77&siteId=0011	https://zjw.sh.gov.cn/shsd/userfiles/370城市轨道交通专用无线通信系统.pdf	https://www.shanghai.gov.cn/gwk/resource/file?pathname=2/0011/f4/f4554e217d724198bbf58653193697e5/1c94ae49743609a4f688e16a93b5625f.pdf&filename=%E4%B8%8A%E6%B5%B7%E5%B8%82%E4%BD%8F%E6%88%BF%E5%92%8C%E5%9F%8E%E4%B9%A1%E5%BB%BA%E8%AE%BE%E7%AE%A1%E7%90%86%E5%A7%94%E5%91%98%E4%BC%9A%E5%85%B3%E4%BA%8E%E6%89%B9%E5%87%86%E3%80%8A%E5%9F%8E%E5%B8%82%E8%BD%A8%E9%81%93%E4%BA%A4%E9%80%9A%E4%B8%93%E7%94%A8%E6%97%A0%E7%BA%BF%E9%80%9A%E4%BF%A1%E7%B3%BB%E7%BB%9F%E6%8A%80%E6%9C%AF%E6%A0%87%E5%87%86%E3%80%8B%E4%B8%BA%E4%B8%8A%E6%B5%B7%E5%B8%82%E5%B7%A5%E7%A8%8B%E5%BB%BA%E8%AE%BE%E8%A7%84%E8%8C%83%E7%9A%84%E9%80%9A%E7%9F%A5.pdf		现行标准栏目已收录/实施 2015-01-01
改造与历史建筑	既有住宅小区宜居改造技术标准	DG/TJ08-2374-2022	2022-08-03	沪建标定〔2021〕355号	上海市住房和城乡建设管理委员会	https://www.shanghai.gov.cn/zhengce/detail?businessId=d5a8cb5bb2534f4281ed8a8ad6ce2e5f&siteId=0011	https://zjw.sh.gov.cn/cmsres/1e/1e0e8af6338a480c9ee6c2d2a47a6fb9/739b080dab1795ee362482b3744655e5.pdf	https://www.shanghai.gov.cn/gwk/resource/file?pathname=2/0011/9e/9ee81d463690459c9344287b4c722e7a/0e1e83c96dd73e515512e8dabc118f07.pdf&filename=%E4%B8%8A%E6%B5%B7%E5%B8%82%E4%BD%8F%E6%88%BF%E5%92%8C%E5%9F%8E%E4%B9%A1%E5%BB%BA%E8%AE%BE%E7%AE%A1%E7%90%86%E5%A7%94%E5%91%98%E4%BC%9A%E5%85%B3%E4%BA%8E%E6%89%B9%E5%87%86%E3%80%8A%E6%97%A2%E6%9C%89%E4%BD%8F%E5%AE%85%E5%B0%8F%E5%8C%BA%E5%AE%9C%E5%B1%85%E6%94%B9%E9%80%A0%E6%8A%80%E6%9C%AF%E6%A0%87%E5%87%86%E3%80%8B%E4%B8%BA%E4%B8%8A%E6%B5%B7%E5%B8%82%E5%B7%A5%E7%A8%8B%E5%BB%BA%E8%AE%BE%E8%A7%84%E8%8C%83%E7%9A%84%E9%80%9A%E7%9F%A5.pdf		现行标准栏目已收录/实施 2022-12-01
结构与抗震	纤维增强复合材料筋混凝土结构技术标准		2022-08-03	沪建标定〔2022〕356号	上海市住房和城乡建设管理委员会	https://www.shanghai.gov.cn/zhengce/detail?businessId=bccb8ffe4f9c4be5ae1317fd820936fd&siteId=0011		https://www.shanghai.gov.cn/gwk/resource/file?pathname=2/0011/54/54aaa59c34a34b25a0082365d085aa3d/0e14d190ebcc57186d67df2ab1f87037.pdf&filename=%E4%B8%8A%E6%B5%B7%E5%B8%82%E4%BD%8F%E6%88%BF%E5%92%8C%E5%9F%8E%E4%B9%A1%E5%BB%BA%E8%AE%BE%E7%AE%A1%E7%90%86%E5%A7%94%E5%91%98%E4%BC%9A%E5%85%B3%E4%BA%8E%E6%89%B9%E5%87%86%E3%80%8A%E7%BA%A4%E7%BB%B4%E5%A2%9E%E5%BC%BA%E5%A4%8D%E5%90%88%E6%9D%90%E6%96%99%E7%AD%8B%E6%B7%B7%E5%87%9D%E5%9C%9F%E7%BB%93%E6%9E%84%E6%8A%80%E6%9C%AF%E6%A0%87%E5%87%86%E3%80%8B%E4%B8%BA%E4%B8%8A%E6%B5%B7%E5%B8%82%E5%B7%A5%E7%A8%8B%E5%BB%BA%E8%AE%BE%E8%A7%84%E8%8C%83%E7%9A%84%E9%80%9A%E7%9F%A5.pdf		新批准，现行标准栏目未收录
水务与海绵	上海市水利工程前期成果审查技术导则		2022-07-29	沪水务〔2022〕587号	上海市水务局	https://www.shanghai.gov.cn/zhengce/detail?businessId=7f15aa824aad452e9f297ab6428c5cd2&siteId=0004		https://www.shanghai.gov.cn/gwk/resource/file?pathname=2/0004/ac/ace55d991ead4565a00969a257b3d257/c5d64c0c90757ab26848dbaab1b5b169.pdf&filename=%E4%B8%8A%E6%B5%B7%E5%B8%82%E6%B0%B4%E5%8A%A1%E5%B1%80%E5%85%B3%E4%BA%8E%E5%8D%B0%E5%8F%91%E3%80%8A%E4%B8%8A%E6%B5%B7%E5%B8%82%E6%B0%B4%E5%88%A9%E5%B7%A5%E7%A8%8B%E5%89%8D%E6%9C%9F%E6%88%90%E6%9E%9C%E5%AE%A1%E6%9F%A5%E6%8A%80%E6%9C%AF%E5%AF%BC%E5%88%99%E3%80%8B%E7%9A%84%E9%80%9A%E7%9F%A5.pdf	https://www.shanghai.gov.cn/gwk/resource/file?pathname=2/0004/00/00f63cb138274ae6a1bac7f7ff26a3d2/0cf81a54411a61effd1a00b7c3335532.pdf&filename=%E3%80%8A%E4%B8%8A%E6%B5%B7%E5%B8%82%E6%B0%B4%E5%88%A9%E5%B7%A5%E7%A8%8B%E5%89%8D%E6%9C%9F%E6%88%90%E6%9E%9C%E5%AE%A1%E6%9F%A5%E6%8A%80%E6%9C%AF%E5%AF%BC%E5%88%99%E3%80%8B.pdf	新批准，现行标准栏目未收录
市政与道路	城市道路平面交叉口规划与设计标准		2022-07-20	沪建标定〔2022〕332号	上海市住房和城乡建设管理委员会	https://www.shanghai.gov.cn/zhengce/detail?businessId=470fbc14c7ab48fc9e7b45886ecdf50f&siteId=0011		https://www.shanghai.gov.cn/gwk/resource/file?pathname=2/0011/26/26ac74e0b57d469e9da891894c425d17/93769751294e41e6b29756d68cc99eb7.pdf&filename=%E4%B8%8A%E6%B5%B7%E5%B8%82%E4%BD%8F%E6%88%BF%E5%92%8C%E5%9F%8E%E4%B9%A1%E5%BB%BA%E8%AE%BE%E7%AE%A1%E7%90%86%E5%A7%94%E5%91%98%E4%BC%9A%E5%85%B3%E4%BA%8E%E6%89%B9%E5%87%86%E3%80%8A%E5%9F%8E%E5%B8%82%E9%81%93%E8%B7%AF%E5%B9%B3%E9%9D%A2%E4%BA%A4%E5%8F%89%E5%8F%A3%E8%A7%84%E5%88%92%E4%B8%8E%E8%AE%BE%E8%AE%A1%E6%A0%87%E5%87%86%E3%80%8B%E4%B8%BA%E4%B8%8A%E6%B5%B7%E5%B8%82%E5%B7%A5%E7%A8%8B%E5%BB%BA%E8%AE%BE%E8%A7%84%E8%8C%83%E7%9A%84%E9%80%9A%E7%9F%A5.pdf		新批准，现行标准栏目未收录
设备与智能化	管线定向钻进技术标准	DG/TJ 08-2075-2022	2022-07-20	沪建标定〔2022〕328号	上海市住房和城乡建设管理委员会	https://www.shanghai.gov.cn/zhengce/detail?businessId=6f6e13a3ed5e4a1b800c29f27adba60b&siteId=0011	https://zjw.sh.gov.cn/cmsres/55/55bee00ba6fb4e7a94f8707f0837186f/1ad93977e649ad7d40fc901dca7c6069.pdf	https://www.shanghai.gov.cn/gwk/resource/file?pathname=2/0011/ce/ceba09feb4ff4f66962e9b22aa4919f5/a69ab059af7b59f69af9132e2a333a87.pdf&filename=%E4%B8%8A%E6%B5%B7%E5%B8%82%E4%BD%8F%E6%88%BF%E5%92%8C%E5%9F%8E%E4%B9%A1%E5%BB%BA%E8%AE%BE%E7%AE%A1%E7%90%86%E5%A7%94%E5%91%98%E4%BC%9A%E5%85%B3%E4%BA%8E%E6%89%B9%E5%87%86%E3%80%8A%E7%AE%A1%E7%BA%BF%E5%AE%9A%E5%90%91%E9%92%BB%E8%BF%9B%E6%8A%80%E6%9C%AF%E6%A0%87%E5%87%86%E3%80%8B%E4%B8%BA%E4%B8%8A%E6%B5%B7%E5%B8%82%E5%B7%A5%E7%A8%8B%E5%BB%BA%E8%AE%BE%E8%A7%84%E8%8C%83%E7%9A%84%E9%80%9A%E7%9F%A5.pdf		现行标准栏目已收录/实施 2022-11-01
水务与海绵	上海市应急供水（回灌）深井建设与运行技术导则		2022-06-29	沪水务〔2022〕340号	上海市水务局	https://www.shanghai.gov.cn/zhengce/detail?businessId=555a4dc5a60d42458d16c55a9ed0689c&siteId=0004		https://www.shanghai.gov.cn/gwk/resource/file?pathname=2/0004/22/22de7076891f4081865498fae3263fbf/812b93a7776927d82028eca1898a8de9.pdf&filename=%E4%B8%8A%E6%B5%B7%E5%B8%82%E6%B0%B4%E5%8A%A1%E5%B1%80%E5%85%B3%E4%BA%8E%E5%8D%B0%E5%8F%91%E3%80%8A%E4%B8%8A%E6%B5%B7%E5%B8%82%E5%BA%94%E6%80%A5%E4%BE%9B%E6%B0%B4%EF%BC%88%E5%9B%9E%E7%81%8C%EF%BC%89%E6%B7%B1%E4%BA%95%E5%BB%BA%E8%AE%BE%E4%B8%8E%E8%BF%90%E8%A1%8C%E6%8A%80%E6%9C%AF%E5%AF%BC%E5%88%99%E3%80%8B%E7%9A%84%E9%80%9A%E7%9F%A5.pdf	https://www.shanghai.gov.cn/gwk/resource/file?pathname=2/0004/99/99041ccc865c4081a7417fa6caaefe9d/736880e3f8896838df9114be326efd44.pdf&filename=%E4%B8%8A%E6%B5%B7%E5%B8%82%E5%BA%94%E6%80%A5%E4%BE%9B%E6%B0%B4%EF%BC%88%E5%9B%9E%E7%81%8C%EF%BC%89%E6%B7%B1%E4%BA%95%E5%BB%BA%E8%AE%BE%E4%B8%8E%E8%BF%90%E8%A1%8C%E6%8A%80%E6%9C%AF%E5%AF%BC%E5%88%99-%E5%8F%91%E5%B8%83.pdf	新批准，现行标准栏目未收录
改造与历史建筑	信息通信架空线缆隐蔽化改造工程技术标准		2022-06-27	沪建标定〔2022〕288号	上海市住房和城乡建设管理委员会	https://www.shanghai.gov.cn/zhengce/detail?businessId=62aac419c76143ff96444e1bdc0a9d97&siteId=0011		https://www.shanghai.gov.cn/gwk/resource/file?pathname=2/0011/b9/b9ce8ba6c53148b2956e0642b0c31ed8/658c2587aed73c301c9f9c1403be1e63.pdf&filename=%E4%B8%8A%E6%B5%B7%E5%B8%82%E4%BD%8F%E6%88%BF%E5%92%8C%E5%9F%8E%E4%B9%A1%E5%BB%BA%E8%AE%BE%E7%AE%A1%E7%90%86%E5%A7%94%E5%91%98%E4%BC%9A%E5%85%B3%E4%BA%8E%E6%89%B9%E5%87%86%E3%80%8A%E4%BF%A1%E6%81%AF%E9%80%9A%E4%BF%A1%E6%9E%B6%E7%A9%BA%E7%BA%BF%E7%BC%86%E9%9A%90%E8%94%BD%E5%8C%96%E6%94%B9%E9%80%A0%E5%B7%A5%E7%A8%8B%E6%8A%80%E6%9C%AF%E6%A0%87%E5%87%86%E3%80%8B%E4%B8%BA%E4%B8%8A%E6%B5%B7%E5%B8%82%E5%B7%A5%E7%A8%8B%E5%BB%BA%E8%AE%BE%E8%A7%84%E8%8C%83%E7%9A%84%E9%80%9A%E7%9F%A5.pdf		新批准，现行标准栏目未收录
施工与质量安全	现场施工安全生产管理标准	DG/TJ08-903-2022	2022-06-23	沪建标定〔2022〕271号	上海市住房和城乡建设管理委员会	https://www.shanghai.gov.cn/zhengce/detail?businessId=0eee73cc110243218b5908d37bac51d5&siteId=0011	https://zjw.sh.gov.cn/cmsres/de/dedfb141a3804c2d942fd487e343acf1/71c108c10de97ce0cfd91b660d19f43f.pdf	https://www.shanghai.gov.cn/gwk/resource/file?pathname=2/0011/e3/e39de8c1cddd492492fe18c7286d9390/0bcffc847db926a5e9fa6814084e6374.pdf&filename=%E4%B8%8A%E6%B5%B7%E5%B8%82%E4%BD%8F%E6%88%BF%E5%92%8C%E5%9F%8E%E4%B9%A1%E5%BB%BA%E8%AE%BE%E7%AE%A1%E7%90%86%E5%A7%94%E5%91%98%E4%BC%9A%E5%85%B3%E4%BA%8E%E6%89%B9%E5%87%86%E3%80%8A%E7%8E%B0%E5%9C%BA%E6%96%BD%E5%B7%A5%E5%AE%89%E5%85%A8%E7%94%9F%E4%BA%A7%E7%AE%A1%E7%90%86%E6%A0%87%E5%87%86%E3%80%8B%E4%B8%BA%E4%B8%8A%E6%B5%B7%E5%B8%82%E5%B7%A5%E7%A8%8B%E5%BB%BA%E8%AE%BE%E8%A7%84%E8%8C%83%E7%9A%84%E9%80%9A%E7%9F%A5.pdf		现行标准栏目已收录/实施 2022-11-01
结构与抗震	地下铁道结构抗震设计标准		2022-06-23	沪建标定〔2022〕272号	上海市住房和城乡建设管理委员会	https://www.shanghai.gov.cn/zhengce/detail?businessId=9c0728b936df4895a4e0e447a9ffb29b&siteId=0011		https://www.shanghai.gov.cn/gwk/resource/file?pathname=2/0011/8f/8f79226aaf7741b0aaf93aeece4fb93c/a1de95d2d411fa3e26694aebf29ffa58.pdf&filename=%E4%B8%8A%E6%B5%B7%E5%B8%82%E4%BD%8F%E6%88%BF%E5%92%8C%E5%9F%8E%E4%B9%A1%E5%BB%BA%E8%AE%BE%E7%AE%A1%E7%90%86%E5%A7%94%E5%91%98%E4%BC%9A%E5%85%B3%E4%BA%8E%E6%89%B9%E5%87%86%E3%80%8A%E5%9C%B0%E4%B8%8B%E9%93%81%E9%81%93%E7%BB%93%E6%9E%84%E6%8A%97%E9%9C%87%E8%AE%BE%E8%AE%A1%E6%A0%87%E5%87%86%E3%80%8B%E4%B8%BA%E4%B8%8A%E6%B5%B7%E5%B8%82%E5%B7%A5%E7%A8%8B%E5%BB%BA%E8%AE%BE%E8%A7%84%E8%8C%83%E7%9A%84%E9%80%9A%E7%9F%A5.pdf		新批准，现行标准栏目未收录
市政与道路	出租汽车站点设置标准	DG/TJ08-2108-2012	2022-05-09	沪建标定〔2023〕229号	上海市住房和城乡建设管理委员会	https://www.shanghai.gov.cn/zhengce/detail?businessId=a8eb298c455f4efbbf92f153bc174981&siteId=0011	https://zjw.sh.gov.cn/shsd/userfiles/295出租汽车站点设置规范.pdf	https://www.shanghai.gov.cn/gwk/resource/file?pathname=2/0011/b4/b498a9efa8794ce0b20ee7f092f9b39e/de69c69f94edd07fddfc0a55d843e623.pdf&filename=%E4%B8%8A%E6%B5%B7%E5%B8%82%E4%BD%8F%E6%88%BF%E5%92%8C%E5%9F%8E%E4%B9%A1%E5%BB%BA%E8%AE%BE%E7%AE%A1%E7%90%86%E5%A7%94%E5%91%98%E4%BC%9A%E5%85%B3%E4%BA%8E%E6%89%B9%E5%87%86%E3%80%8A%E5%87%BA%E7%A7%9F%E6%B1%BD%E8%BD%A6%E7%AB%99%E7%82%B9%E8%AE%BE%E7%BD%AE%E6%A0%87%E5%87%86%E3%80%8B%E4%B8%BA%E4%B8%8A%E6%B5%B7%E5%B8%82%E5%B7%A5%E7%A8%8B%E5%BB%BA%E8%AE%BE%E8%A7%84%E8%8C%83%E7%9A%84%E9%80%9A%E7%9F%A5.pdf		现行标准栏目已收录/实施 2012-07-01
水务与海绵	城镇污水处理厂污泥干化焚烧处理工程建设标准		2022-03-01	沪建标定〔2022〕129号	上海市住房和城乡建设管理委员会	https://www.shanghai.gov.cn/zhengce/detail?businessId=7ca762240cd74183852637d3a48348cf&siteId=0011		https://www.shanghai.gov.cn/gwk/resource/file?pathname=2/0011/bc/bc2c1888c5924509bd57957699d3b4ed/ca9f969057c9b75a8b2777ea590a073c.pdf&filename=%E4%B8%8A%E6%B5%B7%E5%B8%82%E4%BD%8F%E6%88%BF%E5%92%8C%E5%9F%8E%E4%B9%A1%E5%BB%BA%E8%AE%BE%E7%AE%A1%E7%90%86%E5%A7%94%E5%91%98%E4%BC%9A%E5%85%B3%E4%BA%8E%E6%89%B9%E5%87%86%E3%80%8A%E5%9F%8E%E9%95%87%E6%B1%A1%E6%B0%B4%E5%A4%84%E7%90%86%E5%8E%82%E6%B1%A1%E6%B3%A5%E5%B9%B2%E5%8C%96%E7%84%9A%E7%83%A7%E5%A4%84%E7%90%86%E5%B7%A5%E7%A8%8B%E5%BB%BA%E8%AE%BE%E6%A0%87%E5%87%86%E3%80%8B%E4%B8%BA%E4%B8%8A%E6%B5%B7%E5%B8%82%E5%B7%A5%E7%A8%8B%E5%BB%BA%E8%AE%BE%E8%A7%84%E8%8C%83%E7%9A%84%E9%80%9A%E7%9F%A5.pdf		新批准，现行标准栏目未收录
结构与抗震	桥梁工程超高性能混凝土应用技术标准	DG/TJ08-2401-2022	2022-02-15	沪建标定〔2022〕103号	上海市住房和城乡建设管理委员会	https://www.shanghai.gov.cn/zhengce/detail?businessId=e3fcd64ae7e140f28d52f4a67d10efcd&siteId=0011	https://zjw.sh.gov.cn/cmsres/c1/c1fdeee8b55a419c89987dd0cb829371/11e1dd4057b89f2a97806f6b4aab0bae.pdf	https://www.shanghai.gov.cn/gwk/resource/file?pathname=2/0011/b3/b33dfb94f3f34e8f87309d353783c84d/8a0d7ac48d2f7b2c1f9ad7e3c8bfe09b.pdf&filename=%E4%B8%8A%E6%B5%B7%E5%B8%82%E4%BD%8F%E6%88%BF%E5%92%8C%E5%9F%8E%E4%B9%A1%E5%BB%BA%E8%AE%BE%E7%AE%A1%E7%90%86%E5%A7%94%E5%91%98%E4%BC%9A%E5%85%B3%E4%BA%8E%E6%89%B9%E5%87%86%E3%80%8A%E6%A1%A5%E6%A2%81%E5%B7%A5%E7%A8%8B%E8%B6%85%E9%AB%98%E6%80%A7%E8%83%BD%E6%B7%B7%E5%87%9D%E5%9C%9F%E5%BA%94%E7%94%A8%E6%8A%80%E6%9C%AF%E6%A0%87%E5%87%86%E3%80%8B%E4%B8%BA%E4%B8%8A%E6%B5%B7%E5%B8%82%E5%B7%A5%E7%A8%8B%E5%BB%BA%E8%AE%BE%E8%A7%84%E8%8C%83%E7%9A%84%E9%80%9A%E7%9F%A5.pdf		现行标准栏目已收录/实施 2023-07-01
规划与不动产	城市设计编制标准		2022-02-15	沪建标定〔2022〕102号	上海市住房和城乡建设管理委员会	https://www.shanghai.gov.cn/zhengce/detail?businessId=ad47e85f65644482bb0d1cbdb8cd4d66&siteId=0011		https://www.shanghai.gov.cn/gwk/resource/file?pathname=2/0011/ba/ba9462dc220846c3970baafad1b1423c/3d1bb1dd107b8de61ce1ee5c9339deb4.pdf&filename=%E4%B8%8A%E6%B5%B7%E5%B8%82%E4%BD%8F%E6%88%BF%E5%92%8C%E5%9F%8E%E4%B9%A1%E5%BB%BA%E8%AE%BE%E7%AE%A1%E7%90%86%E5%A7%94%E5%91%98%E4%BC%9A%E5%85%B3%E4%BA%8E%E6%89%B9%E5%87%86%E3%80%8A%E5%9F%8E%E5%B8%82%E8%AE%BE%E8%AE%A1%E7%BC%96%E5%88%B6%E6%A0%87%E5%87%86%E3%80%8B%E4%B8%BA%E4%B8%8A%E6%B5%B7%E5%B8%82%E5%B7%A5%E7%A8%8B%E5%BB%BA%E8%AE%BE%E8%A7%84%E8%8C%83%E7%9A%84%E9%80%9A%E7%9F%A5.pdf		新批准，现行标准栏目未收录
绿色建筑与节能	直膨式太阳能热泵热水系统应用技术标准	DG/TJ08-2400-2022	2022-01-29	沪建标定〔2022〕87号	上海市住房和城乡建设管理委员会	https://www.shanghai.gov.cn/zhengce/detail?businessId=ae3a81a4ee784050b876105310fcfe8c&siteId=0011	https://zjw.sh.gov.cn/cmsres/d6/d6e384def9ca4ea0b363d9fc2c4ab002/81c504f287dc2473c115cad69b83a5c4.pdf	https://www.shanghai.gov.cn/gwk/resource/file?pathname=2/0011/cd/cdb6571a797a4f339e134b48e9bedfde/61d355a46837452e3c7ffd37034e28d5.pdf&filename=%E4%B8%8A%E6%B5%B7%E5%B8%82%E4%BD%8F%E6%88%BF%E5%92%8C%E5%9F%8E%E4%B9%A1%E5%BB%BA%E8%AE%BE%E7%AE%A1%E7%90%86%E5%A7%94%E5%91%98%E4%BC%9A%E5%85%B3%E4%BA%8E%E6%89%B9%E5%87%86%E3%80%8A%E7%9B%B4%E8%86%A8%E5%BC%8F%E5%A4%AA%E9%98%B3%E8%83%BD%E7%83%AD%E6%B3%B5%E7%83%AD%E6%B0%B4%E7%B3%BB%E7%BB%9F%E5%BA%94%E7%94%A8%E6%8A%80%E6%9C%AF%E6%A0%87%E5%87%86%E3%80%8B%E4%B8%BA%E4%B8%8A%E6%B5%B7%E5%B8%82%E5%B7%A5%E7%A8%8B%E5%BB%BA%E8%AE%BE%E8%A7%84%E8%8C%83%E7%9A%84%E9%80%9A%E7%9F%A5.pdf		现行标准栏目已收录/实施 2022-07-01
装配式与外围护	装配式建筑工程设计文件编制深度标准		2022-01-29	沪建标定〔2022〕86号	上海市住房和城乡建设管理委员会	https://www.shanghai.gov.cn/zhengce/detail?businessId=d084d33bd0f34f7481ba0aef59c6ef97&siteId=0011		https://www.shanghai.gov.cn/gwk/resource/file?pathname=2/0011/03/0366413668434e54842fdcf9d6648a6a/fdabdf46e93f22bed0ffdce67e2ae475.pdf&filename=%E4%B8%8A%E6%B5%B7%E5%B8%82%E4%BD%8F%E6%88%BF%E5%92%8C%E5%9F%8E%E4%B9%A1%E5%BB%BA%E8%AE%BE%E7%AE%A1%E7%90%86%E5%A7%94%E5%91%98%E4%BC%9A%E5%85%B3%E4%BA%8E%E6%89%B9%E5%87%86%E3%80%8A%E8%A3%85%E9%85%8D%E5%BC%8F%E5%BB%BA%E7%AD%91%E5%B7%A5%E7%A8%8B%E8%AE%BE%E8%AE%A1%E6%96%87%E4%BB%B6%E7%BC%96%E5%88%B6%E6%B7%B1%E5%BA%A6%E6%A0%87%E5%87%86%E3%80%8B%E4%B8%BA%E4%B8%8A%E6%B5%B7%E5%B8%82%E5%B7%A5%E7%A8%8B%E5%BB%BA%E8%AE%BE%E8%A7%84%E8%8C%83%E7%9A%84%E9%80%9A%E7%9F%A5.pdf		新批准，现行标准栏目未收录
装配式与外围护	预制拼装桥梁结构标准设计图		2022-01-29	沪建标定〔2022〕85号	上海市住房和城乡建设管理委员会	https://www.shanghai.gov.cn/zhengce/detail?businessId=099e98e1ceb4421f9ef06a515935cd8d&siteId=0011		https://www.shanghai.gov.cn/gwk/resource/file?pathname=2/0011/17/17c90389d9e34116aee35c108888b96e/5d1204d55232e0146967bad12212f3d1.pdf&filename=%E4%B8%8A%E6%B5%B7%E5%B8%82%E4%BD%8F%E6%88%BF%E5%92%8C%E5%9F%8E%E4%B9%A1%E5%BB%BA%E8%AE%BE%E7%AE%A1%E7%90%86%E5%A7%94%E5%91%98%E4%BC%9A%E5%85%B3%E4%BA%8E%E6%89%B9%E5%87%86%E3%80%8A%E9%A2%84%E5%88%B6%E6%8B%BC%E8%A3%85%E6%A1%A5%E6%A2%81%E7%BB%93%E6%9E%84%E6%A0%87%E5%87%86%E8%AE%BE%E8%AE%A1%E5%9B%BE%E3%80%8B%E4%B8%BA%E4%B8%8A%E6%B5%B7%E5%B8%82%E5%BB%BA%E7%AD%91%E6%A0%87%E5%87%86%E8%AE%BE%E8%AE%A1%E7%9A%84%E9%80%9A%E7%9F%A5.pdf		新批准，现行标准栏目未收录
建筑与住区	多层住宅平屋面改坡屋面工程技术标准		2022-01-28	沪建标定〔2022〕78号	上海市住房和城乡建设管理委员会	https://www.shanghai.gov.cn/zhengce/detail?businessId=559a2baba51742b5bdf097b76014cf7d&siteId=0011		https://www.shanghai.gov.cn/gwk/resource/file?pathname=2/0011/3a/3a420dbcb32c4044808dd6a17f017abb/40c123644c8ce5784b15eb4a537ef4be.pdf&filename=%E4%B8%8A%E6%B5%B7%E5%B8%82%E4%BD%8F%E6%88%BF%E5%92%8C%E5%9F%8E%E4%B9%A1%E5%BB%BA%E8%AE%BE%E7%AE%A1%E7%90%86%E5%A7%94%E5%91%98%E4%BC%9A%E5%85%B3%E4%BA%8E%E6%89%B9%E5%87%86%E3%80%8A%E5%A4%9A%E5%B1%82%E4%BD%8F%E5%AE%85%E5%B9%B3%E5%B1%8B%E9%9D%A2%E6%94%B9%E5%9D%A1%E5%B1%8B%E9%9D%A2%E5%B7%A5%E7%A8%8B%E6%8A%80%E6%9C%AF%E6%A0%87%E5%87%86%E3%80%8B%E4%B8%BA%E4%B8%8A%E6%B5%B7%E5%B8%82%E5%B7%A5%E7%A8%8B%E5%BB%BA%E8%AE%BE%E8%A7%84%E8%8C%83%E7%9A%84%E9%80%9A%E7%9F%A5.pdf		新批准，现行标准栏目未收录
结构与抗震	轻型木结构建筑技术标准	DG/TJ08-2059-2009	2022-01-28	沪建标定〔2022〕79号	上海市住房和城乡建设管理委员会	https://www.shanghai.gov.cn/zhengce/detail?businessId=225c6f599fed4356a30d288d8c9077e4&siteId=0011	https://zjw.sh.gov.cn/shsd/userfiles/223轻型木结构建筑技术规范.pdf	https://www.shanghai.gov.cn/gwk/resource/file?pathname=2/0011/b6/b659e84b74e84e58ab8cce106126ae7d/ba71903411d02dd2dfabf3e63ae3cb92.pdf&filename=%E4%B8%8A%E6%B5%B7%E5%B8%82%E4%BD%8F%E6%88%BF%E5%92%8C%E5%9F%8E%E4%B9%A1%E5%BB%BA%E8%AE%BE%E7%AE%A1%E7%90%86%E5%A7%94%E5%91%98%E4%BC%9A%E5%85%B3%E4%BA%8E%E6%89%B9%E5%87%86%E3%80%8A%E8%BD%BB%E5%9E%8B%E6%9C%A8%E7%BB%93%E6%9E%84%E5%BB%BA%E7%AD%91%E6%8A%80%E6%9C%AF%E6%A0%87%E5%87%86%E3%80%8B%E4%B8%BA%E4%B8%8A%E6%B5%B7%E5%B8%82%E5%B7%A5%E7%A8%8B%E5%BB%BA%E8%AE%BE%E8%A7%84%E8%8C%83%E7%9A%84%E9%80%9A%E7%9F%A5.pdf		现行标准栏目已收录/实施 2009-09-01
设备与智能化	轨道交通兼顾设防工程防护设备选用图集		2022-01-28	沪建标定〔2022〕80号	上海市住房和城乡建设管理委员会	https://www.shanghai.gov.cn/zhengce/detail?businessId=9dec254e2c9d4c4aa3289ff3213a86a4&siteId=0011		https://www.shanghai.gov.cn/gwk/resource/file?pathname=2/0011/34/3478d2151424412eb4cbf5b926d527a2/a8a0d9fbbd6efec5fd7d12e1a00e19d0.pdf&filename=%E4%B8%8A%E6%B5%B7%E5%B8%82%E4%BD%8F%E6%88%BF%E5%92%8C%E5%9F%8E%E4%B9%A1%E5%BB%BA%E8%AE%BE%E7%AE%A1%E7%90%86%E5%A7%94%E5%91%98%E4%BC%9A%E5%85%B3%E4%BA%8E%E6%89%B9%E5%87%86%E3%80%8A%E8%BD%A8%E9%81%93%E4%BA%A4%E9%80%9A%E5%85%BC%E9%A1%BE%E8%AE%BE%E9%98%B2%E5%B7%A5%E7%A8%8B%E9%98%B2%E6%8A%A4%E8%AE%BE%E5%A4%87%E9%80%89%E7%94%A8%E5%9B%BE%E9%9B%86%E3%80%8B%E4%B8%BA%E4%B8%8A%E6%B5%B7%E5%B8%82%E5%BB%BA%E7%AD%91%E6%A0%87%E5%87%86%E8%AE%BE%E8%AE%A1%E7%9A%84%E9%80%9A%E7%9F%A5.pdf		新批准，现行标准栏目未收录
市政与道路	道路可变信息标志技术标准		2022-01-26	沪建标定〔2022〕69号	上海市住房和城乡建设管理委员会	https://www.shanghai.gov.cn/zhengce/detail?businessId=d12df50cdc324fbb804f95ba969f44bf&siteId=0011		https://www.shanghai.gov.cn/gwk/resource/file?pathname=2/0011/da/da344ffeaa98472eabf202745a32da3a/f2fed6bdd3362ead2b05ad161dd20be7.pdf&filename=%E4%B8%8A%E6%B5%B7%E5%B8%82%E4%BD%8F%E6%88%BF%E5%92%8C%E5%9F%8E%E4%B9%A1%E5%BB%BA%E8%AE%BE%E7%AE%A1%E7%90%86%E5%A7%94%E5%91%98%E4%BC%9A%E5%85%B3%E4%BA%8E%E6%89%B9%E5%87%86%E3%80%8A%E9%81%93%E8%B7%AF%E5%8F%AF%E5%8F%98%E4%BF%A1%E6%81%AF%E6%A0%87%E5%BF%97%E6%8A%80%E6%9C%AF%E6%A0%87%E5%87%86%E3%80%8B%E4%B8%BA%E4%B8%8A%E6%B5%B7%E5%B8%82%E5%B7%A5%E7%A8%8B%E5%BB%BA%E8%AE%BE%E8%A7%84%E8%8C%83%E7%9A%84%E9%80%9A%E7%9F%A5.pdf		新批准，现行标准栏目未收录
结构与抗震	市域铁路结构安全保护技术标准	DG/TJ08 2397-2022	2022-01-17	沪建标定〔2022〕51号	上海市住房和城乡建设管理委员会	https://www.shanghai.gov.cn/zhengce/detail?businessId=09435d0cb9104ced9482d40b330448d1&siteId=0011	https://zjw.sh.gov.cn/cmsres/12/1251d091192a47ff99931f987ead3fe9/61c53d08636b08d09b04188c62d35743.pdf	https://www.shanghai.gov.cn/gwk/resource/file?pathname=2/0011/19/1984b40f6c3140bba7fc132537c52608/2f3fa44df4640bf1c366efa559b5b93c.pdf&filename=%E4%B8%8A%E6%B5%B7%E5%B8%82%E4%BD%8F%E6%88%BF%E5%92%8C%E5%9F%8E%E4%B9%A1%E5%BB%BA%E8%AE%BE%E7%AE%A1%E7%90%86%E5%A7%94%E5%91%98%E4%BC%9A%E5%85%B3%E4%BA%8E%E6%89%B9%E5%87%86%E3%80%8A%E5%B8%82%E5%9F%9F%E9%93%81%E8%B7%AF%E7%BB%93%E6%9E%84%E5%AE%89%E5%85%A8%E4%BF%9D%E6%8A%A4%E6%8A%80%E6%9C%AF%E6%A0%87%E5%87%86%E3%80%8B%E4%B8%BA%E4%B8%8A%E6%B5%B7%E5%B8%82%E5%B7%A5%E7%A8%8B%E5%BB%BA%E8%AE%BE%E8%A7%84%E8%8C%83%E7%9A%84%E9%80%9A%E7%9F%A5.pdf		现行标准栏目已收录/实施 2022-06-01
规划与不动产	上海市不动产登记技术规定的补充规定		2022-01-07		上海市规划和自然资源局	https://ghzyj.sh.gov.cn/zcwj/gfxwj/20220107/0afaa89697f541cebdc8c2c852e04475.html			https://ghzyj.sh.gov.cn/cmsres/a8/a81bb04f0a474ad0bc4a3d414ad2192d/6cc99ff857ba8c7d2677a4efa7564416.pdf	新批准，现行标准栏目未收录
勘察与测绘	1:500 1:1000 1:2000数字地形测绘标准		2022-01-05	沪建标定〔2022〕14号	上海市住房和城乡建设管理委员会	https://www.shanghai.gov.cn/zhengce/detail?businessId=645fb9ada53644db81a3a448fa06c0b3&siteId=0011		https://www.shanghai.gov.cn/gwk/resource/file?pathname=2/0011/5d/5d48bb6ed38f40fb99c924d2cc6bee07/a3c3fc3a388c9fb865c17fb0e584ebff.pdf&filename=%E4%B8%8A%E6%B5%B7%E5%B8%82%E4%BD%8F%E6%88%BF%E5%92%8C%E5%9F%8E%E4%B9%A1%E5%BB%BA%E8%AE%BE%E7%AE%A1%E7%90%86%E5%A7%94%E5%91%98%E4%BC%9A%E5%85%B3%E4%BA%8E%E6%89%B9%E5%87%86%E3%80%8A1500+11000+12000%E6%95%B0%E5%AD%97%E5%9C%B0%E5%BD%A2%E6%B5%8B%E7%BB%98%E6%A0%87%E5%87%86%E3%80%8B%E4%B8%BA%E4%B8%8A%E6%B5%B7%E5%B8%82%E5%B7%A5%E7%A8%8B%E5%BB%BA%E8%AE%BE%E8%A7%84%E8%8C%83%E7%9A%84%E9%80%9A%E7%9F%A5.pdf		新批准，现行标准栏目未收录
市政与道路	路面设计标准		2022-01-05	沪建标定〔2022〕10号	上海市住房和城乡建设管理委员会	https://www.shanghai.gov.cn/zhengce/detail?businessId=d240d021db5e4b7496c67559d304f159&siteId=0011		https://www.shanghai.gov.cn/gwk/resource/file?pathname=2/0011/dc/dc77e7e4fcf94e8b94fab0f190188120/54d9a619c6da95ff6ade5bdead08f025.pdf&filename=%E4%B8%8A%E6%B5%B7%E5%B8%82%E4%BD%8F%E6%88%BF%E5%92%8C%E5%9F%8E%E4%B9%A1%E5%BB%BA%E8%AE%BE%E7%AE%A1%E7%90%86%E5%A7%94%E5%91%98%E4%BC%9A%E5%85%B3%E4%BA%8E%E6%89%B9%E5%87%86%E3%80%8A%E8%B7%AF%E9%9D%A2%E8%AE%BE%E8%AE%A1%E6%A0%87%E5%87%86%E3%80%8B%E4%B8%BA%E4%B8%8A%E6%B5%B7%E5%B8%82%E5%B7%A5%E7%A8%8B%E5%BB%BA%E8%AE%BE%E8%A7%84%E8%8C%83%E7%9A%84%E9%80%9A%E7%9F%A5.pdf		新批准，现行标准栏目未收录
建筑与住区	胶轮路轨系统设计标准		2022-01-05	沪建标定〔2022〕12号	上海市住房和城乡建设管理委员会	https://www.shanghai.gov.cn/zhengce/detail?businessId=b9d2656b55d04760bfe5e0fc254ee4fe&siteId=0011		https://www.shanghai.gov.cn/gwk/resource/file?pathname=2/0011/9d/9dff6e45e53c4d89a393fb5bf1b0f794/185abb2c2ab73ddffdace5593607a371.pdf&filename=%E4%B8%8A%E6%B5%B7%E5%B8%82%E4%BD%8F%E6%88%BF%E5%92%8C%E5%9F%8E%E4%B9%A1%E5%BB%BA%E8%AE%BE%E7%AE%A1%E7%90%86%E5%A7%94%E5%91%98%E4%BC%9A%E5%85%B3%E4%BA%8E%E6%89%B9%E5%87%86%E3%80%8A%E8%83%B6%E8%BD%AE%E8%B7%AF%E8%BD%A8%E7%B3%BB%E7%BB%9F%E8%AE%BE%E8%AE%A1%E6%A0%87%E5%87%86%E3%80%8B%E4%B8%BA%E4%B8%8A%E6%B5%B7%E5%B8%82%E5%B7%A5%E7%A8%8B%E5%BB%BA%E8%AE%BE%E8%A7%84%E8%8C%83%E7%9A%84%E9%80%9A%E7%9F%A5.pdf		新批准，现行标准栏目未收录
设备与智能化	公众移动通信室内信号覆盖系统设计与验收标准		2022-01-05	沪建标定〔2022〕13号	上海市住房和城乡建设管理委员会	https://www.shanghai.gov.cn/zhengce/detail?businessId=be4f0b968bef431ca4bbf92b267fcfed&siteId=0011		https://www.shanghai.gov.cn/gwk/resource/file?pathname=2/0011/d0/d0ecac8cddc2420bb7079e1e1c5503bc/8c548495d418cccb3908042ed6374d3b.pdf&filename=%E4%B8%8A%E6%B5%B7%E5%B8%82%E4%BD%8F%E6%88%BF%E5%92%8C%E5%9F%8E%E4%B9%A1%E5%BB%BA%E8%AE%BE%E7%AE%A1%E7%90%86%E5%A7%94%E5%91%98%E4%BC%9A%E5%85%B3%E4%BA%8E%E6%89%B9%E5%87%86%E3%80%8A%E5%85%AC%E4%BC%97%E7%A7%BB%E5%8A%A8%E9%80%9A%E4%BF%A1%E5%AE%A4%E5%86%85%E4%BF%A1%E5%8F%B7%E8%A6%86%E7%9B%96%E7%B3%BB%E7%BB%9F%E8%AE%BE%E8%AE%A1%E4%B8%8E%E9%AA%8C%E6%94%B6%E6%A0%87%E5%87%86%E3%80%8B%E4%B8%BA%E4%B8%8A%E6%B5%B7%E5%B8%82%E5%B7%A5%E7%A8%8B%E5%BB%BA%E8%AE%BE%E8%A7%84%E8%8C%83%E7%9A%84%E9%80%9A%E7%9F%A5.pdf		新批准，现行标准栏目未收录
规划与不动产	国土分类标准		2021-12-28	沪建标定〔2021〕850号	上海市住房和城乡建设管理委员会	https://www.shanghai.gov.cn/zhengce/detail?businessId=4d5c3c361386464191c9acb35d8a4104&siteId=0011		https://www.shanghai.gov.cn/gwk/resource/file?pathname=2/0011/c7/c7b53b9b38a04d338949e6976e320e3f/c2e29940790f6358121f3d67dd7d4cbe.pdf&filename=%E4%B8%8A%E6%B5%B7%E5%B8%82%E4%BD%8F%E6%88%BF%E5%92%8C%E5%9F%8E%E4%B9%A1%E5%BB%BA%E8%AE%BE%E7%AE%A1%E7%90%86%E5%A7%94%E5%91%98%E4%BC%9A%E5%85%B3%E4%BA%8E%E6%89%B9%E5%87%86%E3%80%8A%E5%9B%BD%E5%9C%9F%E5%88%86%E7%B1%BB%E6%A0%87%E5%87%86%E3%80%8B%E4%B8%BA%E4%B8%8A%E6%B5%B7%E5%B8%82%E5%B7%A5%E7%A8%8B%E5%BB%BA%E8%AE%BE%E8%A7%84%E8%8C%83%E7%9A%84%E9%80%9A%E7%9F%A5.pdf		新批准，现行标准栏目未收录
设备与智能化	上海市泵闸工程管线设计及施工技术导则		2021-12-27	沪水务〔2021〕916号	上海市水务局	https://www.shanghai.gov.cn/zhengce/detail?businessId=3526f8a2a4bb4a23959549caf4557f8b&siteId=0004		https://www.shanghai.gov.cn/gwk/resource/file?pathname=2/0004/37/3754b867da624f44b9819f752f8212b1/14e1cd02e5b84b829f19b32235d46299.pdf&filename=%E4%B8%8A%E6%B5%B7%E5%B8%82%E6%B0%B4%E5%8A%A1%E5%B1%80%E5%85%B3%E4%BA%8E%E5%8D%B0%E5%8F%91%E3%80%8A%E4%B8%8A%E6%B5%B7%E5%B8%82%E6%B3%B5%E9%97%B8%E5%B7%A5%E7%A8%8B%E7%AE%A1%E7%BA%BF%E8%AE%BE%E8%AE%A1%E5%8F%8A%E6%96%BD%E5%B7%A5%E6%8A%80%E6%9C%AF%E5%AF%BC%E5%88%99%E3%80%8B%E7%9A%84%E9%80%9A%E7%9F%A5.pdf	https://www.shanghai.gov.cn/gwk/resource/file?pathname=2/0004/58/58e3901075b54594ace94c1bdf847158/910598a89a78438011d24671ae128d62.pdf&filename=%E3%80%8A%E4%B8%8A%E6%B5%B7%E5%B8%82%E6%B3%B5%E9%97%B8%E5%B7%A5%E7%A8%8B%E7%AE%A1%E7%BA%BF%E8%AE%BE%E8%AE%A1%E5%8F%8A%E6%96%BD%E5%B7%A5%E6%8A%80%E6%9C%AF%E5%AF%BC%E5%88%99%E3%80%8B-%E5%8F%91%E5%B8%83%E7%89%88.pdf	新批准，现行标准栏目未收录
市政与道路	道路与交通设施规划标准		2021-12-24	沪建标定〔2021〕842号	上海市住房和城乡建设管理委员会	https://www.shanghai.gov.cn/zhengce/detail?businessId=b78336bef78c40f9a478f409ebe0b753&siteId=0011		https://www.shanghai.gov.cn/gwk/resource/file?pathname=2/0011/b8/b88f585e0a9f446eb3c2161b3067708d/0a82e180fdbc253c0604bb92ee370378.pdf&filename=%E4%B8%8A%E6%B5%B7%E5%B8%82%E4%BD%8F%E6%88%BF%E5%92%8C%E5%9F%8E%E4%B9%A1%E5%BB%BA%E8%AE%BE%E7%AE%A1%E7%90%86%E5%A7%94%E5%91%98%E4%BC%9A%E5%85%B3%E4%BA%8E%E6%89%B9%E5%87%86%E3%80%8A%E9%81%93%E8%B7%AF%E4%B8%8E%E4%BA%A4%E9%80%9A%E8%AE%BE%E6%96%BD%E8%A7%84%E5%88%92%E6%A0%87%E5%87%86%E3%80%8B%E4%B8%BA%E4%B8%8A%E6%B5%B7%E5%B8%82%E5%B7%A5%E7%A8%8B%E5%BB%BA%E8%AE%BE%E8%A7%84%E8%8C%83%E7%9A%84%E9%80%9A%E7%9F%A5.pdf		新批准，现行标准栏目未收录
水务与海绵	水利工程施工质量验收标准	DG/TJ08-90-2021	2021-12-24	沪建标定〔2021〕846号	上海市住房和城乡建设管理委员会	https://www.shanghai.gov.cn/zhengce/detail?businessId=b7f6ec7d959746b682498970154cfb9e&siteId=0011	https://zjw.sh.gov.cn/cmsres/8e/8ef3fc4b53d5426aa91bc5d4d65f0248/c94e89bc03f0b66b78853a2c3227d40f.pdf	https://www.shanghai.gov.cn/gwk/resource/file?pathname=2/0011/39/3990d98267b84bf880d34f4b2a861a41/66fb559dd96c3801440c0571216e51cb.pdf&filename=%E4%B8%8A%E6%B5%B7%E5%B8%82%E4%BD%8F%E6%88%BF%E5%92%8C%E5%9F%8E%E4%B9%A1%E5%BB%BA%E8%AE%BE%E7%AE%A1%E7%90%86%E5%A7%94%E5%91%98%E4%BC%9A%E5%85%B3%E4%BA%8E%E6%89%B9%E5%87%86%E3%80%8A%E6%B0%B4%E5%88%A9%E5%B7%A5%E7%A8%8B%E6%96%BD%E5%B7%A5%E8%B4%A8%E9%87%8F%E9%AA%8C%E6%94%B6%E6%A0%87%E5%87%86%E3%80%8B%E4%B8%BA%E4%B8%8A%E6%B5%B7%E5%B8%82%E5%B7%A5%E7%A8%8B%E5%BB%BA%E8%AE%BE%E8%A7%84%E8%8C%83%E7%9A%84%E9%80%9A%E7%9F%A5.pdf		现行标准栏目已收录/实施 2022-05-01
结构与抗震	电动汽车充电基础设施建设技术标准	DG/TJ08-2093-2019	2021-12-24	沪建标定〔2021〕843号	上海市住房和城乡建设管理委员会	https://www.shanghai.gov.cn/zhengce/detail?businessId=c0fef928a00f4efc87dff57bfa2c3f74&siteId=0011	https://zjw.sh.gov.cn/cmsres/5f/5f1dcdc5764146d5b050bd901116616d/7057caa8e26b1cd0a46795abbf39c36a.pdf	https://www.shanghai.gov.cn/gwk/resource/file?pathname=2/0011/62/62a78488a7d345aeadda422558ada1de/08d756987e6e122775e6f49b8031ec95.pdf&filename=%E4%B8%8A%E6%B5%B7%E5%B8%82%E4%BD%8F%E6%88%BF%E5%92%8C%E5%9F%8E%E4%B9%A1%E5%BB%BA%E8%AE%BE%E7%AE%A1%E7%90%86%E5%A7%94%E5%91%98%E4%BC%9A%E5%85%B3%E4%BA%8E%E6%89%B9%E5%87%86%E3%80%8A%E7%94%B5%E5%8A%A8%E6%B1%BD%E8%BD%A6%E5%85%85%E7%94%B5%E5%9F%BA%E7%A1%80%E8%AE%BE%E6%96%BD%E5%BB%BA%E8%AE%BE%E6%8A%80%E6%9C%AF%E6%A0%87%E5%87%86%E3%80%8B%E5%B1%80%E9%83%A8%E4%BF%AE%E8%AE%A2%E7%9A%84%E9%80%9A%E7%9F%A5.pdf	https://www.shanghai.gov.cn/gwk/resource/file?pathname=2/0011/49/49c9705f88dc4039b42685b32fa73374/7057caa8e26b1cd0a46795abbf39c36a.pdf&filename=%E7%94%B5%E5%8A%A8%E6%B1%BD%E8%BD%A6%E5%85%85%E7%94%B5%E5%9F%BA%E7%A1%80%E8%AE%BE%E6%96%BD%E5%BB%BA%E8%AE%BE%E6%8A%80%E6%9C%AF%E6%A0%87%E5%87%86.pdf	现行标准栏目已收录/实施 2019-8-1
绿化与市容	生活垃圾收集站（压缩式）设置标准		2021-12-24	沪建标定〔2021〕844号	上海市住房和城乡建设管理委员会	https://www.shanghai.gov.cn/zhengce/detail?businessId=69d0fb14fc1c421d82593af6163a134c&siteId=0011		https://www.shanghai.gov.cn/gwk/resource/file?pathname=2/0011/0e/0ebdd72f70294a078464eb709e298393/cd11a0ac091e675cd1f66c50ad0de25a.pdf&filename=%E4%B8%8A%E6%B5%B7%E5%B8%82%E4%BD%8F%E6%88%BF%E5%92%8C%E5%9F%8E%E4%B9%A1%E5%BB%BA%E8%AE%BE%E7%AE%A1%E7%90%86%E5%A7%94%E5%91%98%E4%BC%9A%E5%85%B3%E4%BA%8E%E6%89%B9%E5%87%86%E3%80%8A%E7%94%9F%E6%B4%BB%E5%9E%83%E5%9C%BE%E6%94%B6%E9%9B%86%E7%AB%99%EF%BC%88%E5%8E%8B%E7%BC%A9%E5%BC%8F%EF%BC%89%E8%AE%BE%E7%BD%AE%E6%A0%87%E5%87%86%E3%80%8B%E4%B8%BA%E4%B8%8A%E6%B5%B7%E5%B8%82%E5%B7%A5%E7%A8%8B%E5%BB%BA%E8%AE%BE%E8%A7%84%E8%8C%83%E7%9A%84%E9%80%9A%E7%9F%A5.pdf		新批准，现行标准栏目未收录
轨道交通与地下工程	城市轨道交通智慧车站技术标准		2021-12-24	沪建标定〔2021〕845号	上海市住房和城乡建设管理委员会	https://www.shanghai.gov.cn/zhengce/detail?businessId=55754113408a46308175cf9740d008e2&siteId=0011		https://www.shanghai.gov.cn/gwk/resource/file?pathname=2/0011/58/58241cce6e644418a0047a0a61d8ef0b/b7d05f1ed00a4414d9286c73ec46f2a3.pdf&filename=%E4%B8%8A%E6%B5%B7%E5%B8%82%E4%BD%8F%E6%88%BF%E5%92%8C%E5%9F%8E%E4%B9%A1%E5%BB%BA%E8%AE%BE%E7%AE%A1%E7%90%86%E5%A7%94%E5%91%98%E4%BC%9A%E5%85%B3%E4%BA%8E%E6%89%B9%E5%87%86%E3%80%8A%E5%9F%8E%E5%B8%82%E8%BD%A8%E9%81%93%E4%BA%A4%E9%80%9A%E6%99%BA%E6%85%A7%E8%BD%A6%E7%AB%99%E6%8A%80%E6%9C%AF%E6%A0%87%E5%87%86%E3%80%8B%E4%B8%BA%E4%B8%8A%E6%B5%B7%E5%B8%82%E5%B7%A5%E7%A8%8B%E5%BB%BA%E8%AE%BE%E8%A7%84%E8%8C%83%E7%9A%84%E9%80%9A%E7%9F%A5.pdf		新批准，现行标准栏目未收录
规划与不动产	上海市乡村社区生活圈规划导则（试行）		2021-12-03	沪规划资源乡〔2021〕450号	上海市规划和自然资源局	https://www.shanghai.gov.cn/zhengce/detail?businessId=fde7d67b4de740bf8a67d67669888854&siteId=0032		https://www.shanghai.gov.cn/gwk/resource/file?pathname=2/0032/71/713781d92cb342168c0adee5d22052fe/5638f70e43af90e4fdaac701bdd0e222.pdf&filename=%E5%85%B3%E4%BA%8E%E5%8D%B0%E5%8F%91%E3%80%8A%E4%B8%8A%E6%B5%B7%E5%B8%82%E4%B9%A1%E6%9D%91%E7%A4%BE%E5%8C%BA%E7%94%9F%E6%B4%BB%E5%9C%88%E8%A7%84%E5%88%92%E5%AF%BC%E5%88%99%EF%BC%88%E8%AF%95%E8%A1%8C%EF%BC%89%E3%80%8B%E7%9A%84%E9%80%9A%E7%9F%A5.pdf	https://www.shanghai.gov.cn/gwk/resource/file?pathname=2/0032/9f/9fbe541329104f02bee5f0b8c99c9d34/a0989ebc12f4f574f711fd10e9acdd88.pdf&filename=%E3%80%8A%E4%B8%8A%E6%B5%B7%E5%B8%82%E4%B9%A1%E6%9D%91%E7%A4%BE%E5%8C%BA%E7%94%9F%E6%B4%BB%E5%9C%88%E8%A7%84%E5%88%92%E5%AF%BC%E5%88%99%EF%BC%88%E8%AF%95%E8%A1%8C%EF%BC%89%E3%80%8B.pdf	新批准，现行标准栏目未收录
改造与历史建筑	地铁盾构法隧道衬砌加固技术标准		2021-12-02	沪建标定〔2021〕786号	上海市住房和城乡建设管理委员会	https://www.shanghai.gov.cn/zhengce/detail?businessId=f275381207ab4c55b73497b77801e55b&siteId=0011		https://www.shanghai.gov.cn/gwk/resource/file?pathname=2/0011/5a/5a2c7f74ed30488d8fe1944a8e0ae463/2227bb13a51a87a4a307ae79209be7ad.pdf&filename=%E4%B8%8A%E6%B5%B7%E5%B8%82%E4%BD%8F%E6%88%BF%E5%92%8C%E5%9F%8E%E4%B9%A1%E5%BB%BA%E8%AE%BE%E7%AE%A1%E7%90%86%E5%A7%94%E5%91%98%E4%BC%9A%E5%85%B3%E4%BA%8E%E6%89%B9%E5%87%86%E3%80%8A%E5%9C%B0%E9%93%81%E7%9B%BE%E6%9E%84%E6%B3%95%E9%9A%A7%E9%81%93%E8%A1%AC%E7%A0%8C%E5%8A%A0%E5%9B%BA%E6%8A%80%E6%9C%AF%E6%A0%87%E5%87%86%E3%80%8B%E4%B8%BA%E4%B8%8A%E6%B5%B7%E5%B8%82%E5%B7%A5%E7%A8%8B%E5%BB%BA%E8%AE%BE%E8%A7%84%E8%8C%83%E7%9A%84%E9%80%9A%E7%9F%A5.pdf		新批准，现行标准栏目未收录
设备与智能化	光纤到户工程设计安装图集		2021-12-02	沪建标定〔2021〕792号	上海市住房和城乡建设管理委员会	https://www.shanghai.gov.cn/zhengce/detail?businessId=cb43985b923a42129eee182ef0ff3a2d&siteId=0011		https://www.shanghai.gov.cn/gwk/resource/file?pathname=2/0011/5c/5c52d7576395463295551d83fd9a6342/3f8b54199df6e7e6a98363a21f7f4052.pdf&filename=%E4%B8%8A%E6%B5%B7%E5%B8%82%E4%BD%8F%E6%88%BF%E5%92%8C%E5%9F%8E%E4%B9%A1%E5%BB%BA%E8%AE%BE%E7%AE%A1%E7%90%86%E5%A7%94%E5%91%98%E4%BC%9A%E5%85%B3%E4%BA%8E%E6%89%B9%E5%87%86%E3%80%8A%E5%85%89%E7%BA%A4%E5%88%B0%E6%88%B7%E5%B7%A5%E7%A8%8B%E8%AE%BE%E8%AE%A1%E5%AE%89%E8%A3%85%E5%9B%BE%E9%9B%86%E3%80%8B%E4%B8%BA%E4%B8%8A%E6%B5%B7%E5%B8%82%E5%BB%BA%E7%AD%91%E6%A0%87%E5%87%86%E8%AE%BE%E8%AE%A1%E7%9A%84%E9%80%9A%E7%9F%A5.pdf		新批准，现行标准栏目未收录
设备与智能化	广电接入网工程技术标准		2021-11-17	沪建标定〔2021〕726号	上海市住房和城乡建设管理委员会	https://www.shanghai.gov.cn/zhengce/detail?businessId=807186a143794b3298ac1dfdd4ed0354&siteId=0011		https://www.shanghai.gov.cn/gwk/resource/file?pathname=2/0011/92/92e1fd8b1a214cc6add862e4e5c29f39/9946b90eb9e49aa9e2deee675087a022.pdf&filename=%E4%B8%8A%E6%B5%B7%E5%B8%82%E4%BD%8F%E6%88%BF%E5%92%8C%E5%9F%8E%E4%B9%A1%E5%BB%BA%E8%AE%BE%E7%AE%A1%E7%90%86%E5%A7%94%E5%91%98%E4%BC%9A%E5%85%B3%E4%BA%8E%E6%89%B9%E5%87%86%E3%80%8A%E5%B9%BF%E7%94%B5%E6%8E%A5%E5%85%A5%E7%BD%91%E5%B7%A5%E7%A8%8B%E6%8A%80%E6%9C%AF%E6%A0%87%E5%87%86%E3%80%8B%E4%B8%BA%E4%B8%8A%E6%B5%B7%E5%B8%82%E5%B7%A5%E7%A8%8B%E5%BB%BA%E8%AE%BE%E8%A7%84%E8%8C%83%E7%9A%84%E9%80%9A%E7%9F%A5.pdf		新批准，现行标准栏目未收录
装配式与外围护	预制装配式悬臂挡土墙技术标准	DG/TJ08-2389-2021	2021-11-03	沪建标定〔2021〕696号	上海市住房和城乡建设管理委员会	https://www.shanghai.gov.cn/zhengce/detail?businessId=32e8efbac0cd48938ca9585b64b9bccb&siteId=0011	https://zjw.sh.gov.cn/cmsres/63/63a518e8a0a64cb68bae33dd0a6512ad/e3b63748933565bd45d2a714830a393e.pdf	https://www.shanghai.gov.cn/gwk/resource/file?pathname=2/0011/05/055f5131aeb54ae1a0b3b61f60db2c8c/f785538d3cae88be6dbb53c1683c4eca.pdf&filename=%E4%B8%8A%E6%B5%B7%E5%B8%82%E4%BD%8F%E6%88%BF%E5%92%8C%E5%9F%8E%E4%B9%A1%E5%BB%BA%E8%AE%BE%E7%AE%A1%E7%90%86%E5%A7%94%E5%91%98%E4%BC%9A%E5%85%B3%E4%BA%8E%E6%89%B9%E5%87%86%E3%80%8A%E9%A2%84%E5%88%B6%E8%A3%85%E9%85%8D%E5%BC%8F%E6%82%AC%E8%87%82%E6%8C%A1%E5%9C%9F%E5%A2%99%E6%8A%80%E6%9C%AF%E6%A0%87%E5%87%86%E3%80%8B%E4%B8%BA%E4%B8%8A%E6%B5%B7%E5%B8%82%E5%B7%A5%E7%A8%8B%E5%BB%BA%E8%AE%BE%E8%A7%84%E8%8C%83%E7%9A%84%E9%80%9A%E7%9F%A5.pdf		现行标准栏目已收录/实施 2022-04-01
水务与海绵	上海市雨水口截污过滤装置技术规程		2021-10-20	沪水务〔2021〕710号	上海市水务局	https://www.shanghai.gov.cn/zhengce/detail?businessId=2b078f196cb044e7af032dc2c77d2d11&siteId=0004		https://www.shanghai.gov.cn/gwk/resource/file?pathname=2/0004/10/10143033bcc14f52b4029d00996b500c/c0a206885957918005c98c70187263b7.pdf&filename=%E4%B8%8A%E6%B5%B7%E5%B8%82%E6%B0%B4%E5%8A%A1%E5%B1%80%E5%85%B3%E4%BA%8E%E5%8D%B0%E5%8F%91%E3%80%8A%E4%B8%8A%E6%B5%B7%E5%B8%82%E9%9B%A8%E6%B0%B4%E5%8F%A3%E6%88%AA%E6%B1%A1%E8%BF%87%E6%BB%A4%E8%A3%85%E7%BD%AE%E6%8A%80%E6%9C%AF%E8%A7%84%E7%A8%8B%E3%80%8B%E7%9A%84%E9%80%9A%E7%9F%A5.pdf	https://www.shanghai.gov.cn/gwk/resource/file?pathname=2/0004/b7/b70c995d4c6b4293a7ed49a16ef4527b/f71f5f960bb5f14f697a99dd1f404e95.pdf&filename=%E4%B8%8A%E6%B5%B7%E5%B8%82%E9%9B%A8%E6%B0%B4%E5%8F%A3%E6%88%AA%E6%B1%A1%E8%BF%87%E6%BB%A4%E8%A3%85%E7%BD%AE%E6%8A%80%E6%9C%AF%E8%A7%84%E7%A8%8B%EF%BC%88%E5%8F%91%E5%B8%83%E7%A8%BF%EF%BC%89.pdf	新批准，现行标准栏目未收录
设备与智能化	上海市排水检测井技术规程		2021-10-19	沪水务〔2021〕703号	上海市水务局	https://www.shanghai.gov.cn/zhengce/detail?businessId=f12dc0b543544f3f9093b5be8d5ec18f&siteId=0004		https://www.shanghai.gov.cn/gwk/resource/file?pathname=2/0004/02/020d61db409848aa8a66d7056003ad10/3620bd4b3818d44b96a9f5a2ecc25eb9.pdf&filename=%E4%B8%8A%E6%B5%B7%E5%B8%82%E6%B0%B4%E5%8A%A1%E5%B1%80%E5%85%B3%E4%BA%8E%E5%8D%B0%E5%8F%91%E3%80%8A%E4%B8%8A%E6%B5%B7%E5%B8%82%E6%8E%92%E6%B0%B4%E6%A3%80%E6%B5%8B%E4%BA%95%E6%8A%80%E6%9C%AF%E8%A7%84%E7%A8%8B%E3%80%8B%E5%92%8C%E3%80%8A%E4%B8%8A%E6%B5%B7%E5%B8%82%E6%8E%92%E6%B0%B4%E6%A3%80%E6%B5%8B%E4%BA%95%E5%9B%BE%E9%9B%86%E3%80%8B%E7%9A%84%E9%80%9A%E7%9F%A5.pdf	https://www.shanghai.gov.cn/gwk/resource/file?pathname=2/0004/77/77d6d58f77ea4c248311ce53fbe365e1/761806a47f638b5864deca7d36a70e33.pdf&filename=%E4%B8%8A%E6%B5%B7%E5%B8%82%E6%8E%92%E6%B0%B4%E6%A3%80%E6%B5%8B%E4%BA%95%E5%9B%BE%E9%9B%86-%E7%BB%88%E7%A8%BF.pdf	新批准，现行标准栏目未收录
设备与智能化	上海市排水检测井图集		2021-10-19	沪水务〔2021〕703号	上海市水务局	https://www.shanghai.gov.cn/zhengce/detail?businessId=f12dc0b543544f3f9093b5be8d5ec18f&siteId=0004		https://www.shanghai.gov.cn/gwk/resource/file?pathname=2/0004/02/020d61db409848aa8a66d7056003ad10/3620bd4b3818d44b96a9f5a2ecc25eb9.pdf&filename=%E4%B8%8A%E6%B5%B7%E5%B8%82%E6%B0%B4%E5%8A%A1%E5%B1%80%E5%85%B3%E4%BA%8E%E5%8D%B0%E5%8F%91%E3%80%8A%E4%B8%8A%E6%B5%B7%E5%B8%82%E6%8E%92%E6%B0%B4%E6%A3%80%E6%B5%8B%E4%BA%95%E6%8A%80%E6%9C%AF%E8%A7%84%E7%A8%8B%E3%80%8B%E5%92%8C%E3%80%8A%E4%B8%8A%E6%B5%B7%E5%B8%82%E6%8E%92%E6%B0%B4%E6%A3%80%E6%B5%8B%E4%BA%95%E5%9B%BE%E9%9B%86%E3%80%8B%E7%9A%84%E9%80%9A%E7%9F%A5.pdf	https://www.shanghai.gov.cn/gwk/resource/file?pathname=2/0004/77/77d6d58f77ea4c248311ce53fbe365e1/761806a47f638b5864deca7d36a70e33.pdf&filename=%E4%B8%8A%E6%B5%B7%E5%B8%82%E6%8E%92%E6%B0%B4%E6%A3%80%E6%B5%8B%E4%BA%95%E5%9B%BE%E9%9B%86-%E7%BB%88%E7%A8%BF.pdf	新批准，现行标准栏目未收录
施工与质量安全	危险性较大的分部分项工程安全管理标准	DG/TJ 082077-2021	2021-10-09	沪建标定〔2021〕630号	上海市住房和城乡建设管理委员会	https://www.shanghai.gov.cn/zhengce/detail?businessId=e47f529ad7154cf9a7db057d4df5593f&siteId=0011	https://zjw.sh.gov.cn/cmsres/f5/f52e44bb77924a0c8f88f1d36643a468/23875c19f24a5a662e7c7cda4a756893.pdf	https://www.shanghai.gov.cn/gwk/resource/file?pathname=2/0011/bb/bb9671f285424ac09b1c1736347ea20c/cc5f6bebcdc9ad428d3fd2b3b993e6bf.pdf&filename=%E4%B8%8A%E6%B5%B7%E5%B8%82%E4%BD%8F%E6%88%BF%E5%92%8C%E5%9F%8E%E4%B9%A1%E5%BB%BA%E8%AE%BE%E7%AE%A1%E7%90%86%E5%A7%94%E5%91%98%E4%BC%9A%E5%85%B3%E4%BA%8E%E6%89%B9%E5%87%86%E3%80%8A%E5%8D%B1%E9%99%A9%E6%80%A7%E8%BE%83%E5%A4%A7%E7%9A%84%E5%88%86%E9%83%A8%E5%88%86%E9%A1%B9%E5%B7%A5%E7%A8%8B%E5%AE%89%E5%85%A8%E7%AE%A1%E7%90%86%E6%A0%87%E5%87%86%E3%80%8B%E4%B8%BA%E4%B8%8A%E6%B5%B7%E5%B8%82%E5%B7%A5%E7%A8%8B%E5%BB%BA%E8%AE%BE%E8%A7%84%E8%8C%83%E7%9A%84%E9%80%9A%E7%9F%A5.pdf		现行标准栏目已收录/实施 2022-03-01
消防与人防	道路隧道消防设施养护技术标准		2021-09-15	沪建标定〔2021〕585号	上海市住房和城乡建设管理委员会	https://www.shanghai.gov.cn/zhengce/detail?businessId=6ceaecce1a7d4b51a24c843cc37f1925&siteId=0011		https://www.shanghai.gov.cn/gwk/resource/file?pathname=2/0011/ae/aeaddfa13d8c4a60b7e6696e3f8fb98b/90980eda9fd55c47178e292b0549c4a2.pdf&filename=%E4%B8%8A%E6%B5%B7%E5%B8%82%E4%BD%8F%E6%88%BF%E5%92%8C%E5%9F%8E%E4%B9%A1%E5%BB%BA%E8%AE%BE%E7%AE%A1%E7%90%86%E5%A7%94%E5%91%98%E4%BC%9A%E5%85%B3%E4%BA%8E%E6%89%B9%E5%87%86%E3%80%8A%E9%81%93%E8%B7%AF%E9%9A%A7%E9%81%93%E6%B6%88%E9%98%B2%E8%AE%BE%E6%96%BD%E5%85%BB%E6%8A%A4%E6%8A%80%E6%9C%AF%E6%A0%87%E5%87%86%E3%80%8B%E4%B8%BA%E4%B8%8A%E6%B5%B7%E5%B8%82%E5%B7%A5%E7%A8%8B%E5%BB%BA%E8%AE%BE%E8%A7%84%E8%8C%83%E7%9A%84%E9%80%9A%E7%9F%A5.pdf		新批准，现行标准栏目未收录
装配式与外围护	预制拼装桥梁技术标准	DG/TJ08-2160-2021	2021-09-15	沪建标定〔2021〕587号	上海市住房和城乡建设管理委员会	https://www.shanghai.gov.cn/zhengce/detail?businessId=abafd1e3dc594ebcadaddc7ef0473c87&siteId=0011	https://zjw.sh.gov.cn/cmsres/e4/e47f013d396e418a93926490490986e0/c370ffccb6f73f70d405611d16fbc7b9.pdf	https://www.shanghai.gov.cn/gwk/resource/file?pathname=2/0011/dd/dd1002b9870b4bfba4def630a2740736/23dfd8958d0467f3c88d701c09d793b1.pdf&filename=%E4%B8%8A%E6%B5%B7%E5%B8%82%E4%BD%8F%E6%88%BF%E5%92%8C%E5%9F%8E%E4%B9%A1%E5%BB%BA%E8%AE%BE%E7%AE%A1%E7%90%86%E5%A7%94%E5%91%98%E4%BC%9A%E5%85%B3%E4%BA%8E%E6%89%B9%E5%87%86%E3%80%8A%E9%A2%84%E5%88%B6%E6%8B%BC%E8%A3%85%E6%A1%A5%E6%A2%81%E6%8A%80%E6%9C%AF%E6%A0%87%E5%87%86%E3%80%8B%E4%B8%BA%E4%B8%8A%E6%B5%B7%E5%B8%82%E5%B7%A5%E7%A8%8B%E5%BB%BA%E8%AE%BE%E8%A7%84%E8%8C%83%E7%9A%84%E9%80%9A%E7%9F%A5.pdf		现行标准栏目已收录/实施 2022-02-01
消防与人防	城市灾害损失评估技术标准	DG/TJ 08-2383-2021	2021-09-06	沪建标定〔2021〕556号	上海市住房和城乡建设管理委员会	https://www.shanghai.gov.cn/zhengce/detail?businessId=42e95ae454f44660904326f74d983fb5&siteId=0011	https://zjw.sh.gov.cn/cmsres/34/346b3a0f11e64bb18b7a1c763f6318c3/3e49eae9dc9d823cd39faf446ac49da4.pdf	https://www.shanghai.gov.cn/gwk/resource/file?pathname=2/0011/92/92dded6139db4dd4a41c85224b6aad50/70c1b875d2bd62d526c997209a258402.pdf&filename=%E4%B8%8A%E6%B5%B7%E5%B8%82%E4%BD%8F%E6%88%BF%E5%92%8C%E5%9F%8E%E4%B9%A1%E5%BB%BA%E8%AE%BE%E7%AE%A1%E7%90%86%E5%A7%94%E5%91%98%E4%BC%9A%E5%85%B3%E4%BA%8E%E6%89%B9%E5%87%86%E3%80%8A%E5%9F%8E%E5%B8%82%E7%81%BE%E5%AE%B3%E6%8D%9F%E5%A4%B1%E8%AF%84%E4%BC%B0%E6%8A%80%E6%9C%AF%E6%A0%87%E5%87%86%E3%80%8B%E4%B8%BA%E4%B8%8A%E6%B5%B7%E5%B8%82%E5%B7%A5%E7%A8%8B%E5%BB%BA%E8%AE%BE%E8%A7%84%E8%8C%83%E7%9A%84%E9%80%9A%E7%9F%A5.pdf		现行标准栏目已收录/实施 2022-02-01
建筑与住区	建筑墙面涂料涂饰工程技术标准		2021-09-03	沪建标定〔2021〕559号	上海市住房和城乡建设管理委员会	https://www.shanghai.gov.cn/zhengce/detail?businessId=88fc1cf6115246ccacc05cd28b6caf74&siteId=0011		https://www.shanghai.gov.cn/gwk/resource/file?pathname=2/0011/14/14b9fa29263644418c977a1cc3a0725d/2f13c094eb043f5aa2bcfcbd1756d645.pdf&filename=%E4%B8%8A%E6%B5%B7%E5%B8%82%E4%BD%8F%E6%88%BF%E5%92%8C%E5%9F%8E%E4%B9%A1%E5%BB%BA%E8%AE%BE%E7%AE%A1%E7%90%86%E5%A7%94%E5%91%98%E4%BC%9A%E5%85%B3%E4%BA%8E%E6%89%B9%E5%87%86%E3%80%8A%E5%BB%BA%E7%AD%91%E5%A2%99%E9%9D%A2%E6%B6%82%E6%96%99%E6%B6%82%E9%A5%B0%E5%B7%A5%E7%A8%8B%E6%8A%80%E6%9C%AF%E6%A0%87%E5%87%86%E3%80%8B%E4%B8%BA%E4%B8%8A%E6%B5%B7%E5%B8%82%E5%B7%A5%E7%A8%8B%E5%BB%BA%E8%AE%BE%E8%A7%84%E8%8C%83%E7%9A%84%E9%80%9A%E7%9F%A5.pdf		新批准，现行标准栏目未收录
水务与海绵	城镇污水处理厂恶臭气体治理技术标准		2021-08-17	沪建标定〔2021〕528号	上海市住房和城乡建设管理委员会	https://www.shanghai.gov.cn/zhengce/detail?businessId=9b415e54d19a4c2d8fa2b3ac86923086&siteId=0011		https://www.shanghai.gov.cn/gwk/resource/file?pathname=2/0011/9c/9cb97825eb534a9ca1c2c09067dc6f3e/7100d29e29bd71efe6ba65468a7f2838.pdf&filename=%E4%B8%8A%E6%B5%B7%E5%B8%82%E4%BD%8F%E6%88%BF%E5%92%8C%E5%9F%8E%E4%B9%A1%E5%BB%BA%E8%AE%BE%E7%AE%A1%E7%90%86%E5%A7%94%E5%91%98%E4%BC%9A%E5%85%B3%E4%BA%8E%E6%89%B9%E5%87%86%E3%80%8A%E5%9F%8E%E9%95%87%E6%B1%A1%E6%B0%B4%E5%A4%84%E7%90%86%E5%8E%82%E6%81%B6%E8%87%AD%E6%B0%94%E4%BD%93%E6%B2%BB%E7%90%86%E6%8A%80%E6%9C%AF%E6%A0%87%E5%87%86%E3%80%8B%E4%B8%BA%E4%B8%8A%E6%B5%B7%E5%B8%82%E5%B7%A5%E7%A8%8B%E5%BB%BA%E8%AE%BE%E8%A7%84%E8%8C%83%E7%9A%84%E9%80%9A%E7%9F%A5.pdf		新批准，现行标准栏目未收录
建筑与住区	建筑工程施工质量资料管理标准		2021-08-10	沪建标定〔2021〕518号	上海市住房和城乡建设管理委员会	https://www.shanghai.gov.cn/zhengce/detail?businessId=7d22371f540f4244b992d4f4e58d99b6&siteId=0011		https://www.shanghai.gov.cn/gwk/resource/file?pathname=2/0011/12/124a4298f1a6489c8b2e876bc5d33a82/4bff6a462c9734de5a3c2b0fe736cf10.pdf&filename=%E4%B8%8A%E6%B5%B7%E5%B8%82%E4%BD%8F%E6%88%BF%E5%92%8C%E5%9F%8E%E4%B9%A1%E5%BB%BA%E8%AE%BE%E7%AE%A1%E7%90%86%E5%A7%94%E5%91%98%E4%BC%9A%E5%85%B3%E4%BA%8E%E6%89%B9%E5%87%86%E3%80%8A%E5%BB%BA%E7%AD%91%E5%B7%A5%E7%A8%8B%E6%96%BD%E5%B7%A5%E8%B4%A8%E9%87%8F%E8%B5%84%E6%96%99%E7%AE%A1%E7%90%86%E6%A0%87%E5%87%86%E3%80%8B%E4%B8%BA%E4%B8%8A%E6%B5%B7%E5%B8%82%E5%B7%A5%E7%A8%8B%E5%BB%BA%E8%AE%BE%E8%A7%84%E8%8C%83%E7%9A%84%E9%80%9A%E7%9F%A5.pdf		新批准，现行标准栏目未收录
绿化与市容	园林绿化栽植土质量标准	DG/TJ 08-231-2021	2021-08-10	沪建标定〔2021〕511号	上海市住房和城乡建设管理委员会	https://www.shanghai.gov.cn/zhengce/detail?businessId=e44ef4ae8b914aa4b0d841e123eefdd6&siteId=0011	https://zjw.sh.gov.cn/cmsres/52/5202de016568449da70e1a253069727f/f6ee8f38330dbdc0cea3db180196ea6b.pdf	https://www.shanghai.gov.cn/gwk/resource/file?pathname=2/0011/f8/f89f680649944285afd6130722266d2c/05296fa65f44de9d374c87743e112059.pdf&filename=%E4%B8%8A%E6%B5%B7%E5%B8%82%E4%BD%8F%E6%88%BF%E5%92%8C%E5%9F%8E%E4%B9%A1%E5%BB%BA%E8%AE%BE%E7%AE%A1%E7%90%86%E5%A7%94%E5%91%98%E4%BC%9A%E5%85%B3%E4%BA%8E%E6%89%B9%E5%87%86%E3%80%8A%E5%9B%AD%E6%9E%97%E7%BB%BF%E5%8C%96%E6%A0%BD%E6%A4%8D%E5%9C%9F%E8%B4%A8%E9%87%8F%E6%A0%87%E5%87%86%E3%80%8B%E4%B8%BA%E4%B8%8A%E6%B5%B7%E5%B8%82%E5%B7%A5%E7%A8%8B%E5%BB%BA%E8%AE%BE%E8%A7%84%E8%8C%83%E7%9A%84%E9%80%9A%E7%9F%A5.pdf		现行标准栏目已收录/实施 2021-12-01
装配式与外围护	建筑浮筑楼板保温隔声系统构造		2021-08-10	沪建标定〔2021〕512号	上海市住房和城乡建设管理委员会	https://www.shanghai.gov.cn/zhengce/detail?businessId=22c4f8b87dd34c56a6b73f53c2cbc9b6&siteId=0011		https://www.shanghai.gov.cn/gwk/resource/file?pathname=2/0011/3a/3ad96e2d82db4b73a6e138137dd26b28/ad51470a3d33c48bf639ce91ff7a97cc.pdf&filename=%E4%B8%8A%E6%B5%B7%E5%B8%82%E4%BD%8F%E6%88%BF%E5%92%8C%E5%9F%8E%E4%B9%A1%E5%BB%BA%E8%AE%BE%E7%AE%A1%E7%90%86%E5%A7%94%E5%91%98%E4%BC%9A%E5%85%B3%E4%BA%8E%E6%89%B9%E5%87%86%E3%80%8A%E5%BB%BA%E7%AD%91%E6%B5%AE%E7%AD%91%E6%A5%BC%E6%9D%BF%E4%BF%9D%E6%B8%A9%E9%9A%94%E5%A3%B0%E7%B3%BB%E7%BB%9F%E6%9E%84%E9%80%A0%E3%80%8B%E4%B8%BA%E4%B8%8A%E6%B5%B7%E5%B8%82%E5%BB%BA%E7%AD%91%E6%A0%87%E5%87%86%E8%AE%BE%E8%AE%A1%E7%9A%84%E9%80%9A%E7%9F%A5.pdf		新批准，现行标准栏目未收录
设备与智能化	地源热泵系统工程技术标准	DG/TJ08-2119-2021	2021-08-10	沪建标定〔2021〕514号	上海市住房和城乡建设管理委员会	https://www.shanghai.gov.cn/zhengce/detail?businessId=b183379187b046afb75ebfcc8f1b6c9e&siteId=0011	https://zjw.sh.gov.cn/cmsres/6b/6be97a4255834810b8406ede38dcc0f5/7def06be63c4640b8417e9dc00f68ce3.pdf	https://www.shanghai.gov.cn/gwk/resource/file?pathname=2/0011/b7/b7313c601c0a45c5a094762fa050af53/9dd181ab1847bea529505c09709da622.pdf&filename=%E4%B8%8A%E6%B5%B7%E5%B8%82%E4%BD%8F%E6%88%BF%E5%92%8C%E5%9F%8E%E4%B9%A1%E5%BB%BA%E8%AE%BE%E7%AE%A1%E7%90%86%E5%A7%94%E5%91%98%E4%BC%9A%E5%85%B3%E4%BA%8E%E6%89%B9%E5%87%86%E3%80%8A%E5%9C%B0%E6%BA%90%E7%83%AD%E6%B3%B5%E7%B3%BB%E7%BB%9F%E5%B7%A5%E7%A8%8B%E6%8A%80%E6%9C%AF%E6%A0%87%E5%87%86%E3%80%8B%E4%B8%BA%E4%B8%8A%E6%B5%B7%E5%B8%82%E5%B7%A5%E7%A8%8B%E5%BB%BA%E8%AE%BE%E8%A7%84%E8%8C%83%E7%9A%84%E9%80%9A%E7%9F%A5.pdf		现行标准栏目已收录/实施 2021-12-01
轨道交通与地下工程	城市轨道交通CBTC信号系统技术标准		2021-08-10	沪建标定〔2021〕519号	上海市住房和城乡建设管理委员会	https://www.shanghai.gov.cn/zhengce/detail?businessId=fdb26e12ee45424bb87a550168ddbbb2&siteId=0011		https://www.shanghai.gov.cn/gwk/resource/file?pathname=2/0011/67/67d3ec593ecb43f6a524600cfb71aac5/d1bf96e3fbe3d3034ec043def2a6872f.pdf&filename=%E4%B8%8A%E6%B5%B7%E5%B8%82%E4%BD%8F%E6%88%BF%E5%92%8C%E5%9F%8E%E4%B9%A1%E5%BB%BA%E8%AE%BE%E7%AE%A1%E7%90%86%E5%A7%94%E5%91%98%E4%BC%9A%E5%85%B3%E4%BA%8E%E6%89%B9%E5%87%86%E3%80%8A%E5%9F%8E%E5%B8%82%E8%BD%A8%E9%81%93%E4%BA%A4%E9%80%9ACBTC%E4%BF%A1%E5%8F%B7%E7%B3%BB%E7%BB%9F%E6%8A%80%E6%9C%AF%E6%A0%87%E5%87%86%E3%80%8B%E4%B8%BA%E4%B8%8A%E6%B5%B7%E5%B8%82%E5%B7%A5%E7%A8%8B%E5%BB%BA%E8%AE%BE%E8%A7%84%E8%8C%83%E7%9A%84%E9%80%9A%E7%9F%A5.pdf		新批准，现行标准栏目未收录
结构与抗震	轨道交通及隧道工程混凝土结构耐久性设计施工技术标准	DG/TJ08-2128-2021	2021-07-06	沪建标定〔2021〕352号	上海市住房和城乡建设管理委员会	https://www.shanghai.gov.cn/zhengce/detail?businessId=61cbd40726d44d6ab444e077b095f75b&siteId=0011	https://zjw.sh.gov.cn/cmsres/07/071599930c4b42b6b9cdb4f7dae638e8/374400a3820dc84e9174f63efe41384a.pdf	https://www.shanghai.gov.cn/gwk/resource/file?pathname=2/0011/97/97e5c63482af4186876b01d7abf9efad/fc7eae9ccdcb9dd5763eaace9851998f.pdf&filename=%E4%B8%8A%E6%B5%B7%E5%B8%82%E4%BD%8F%E6%88%BF%E5%92%8C%E5%9F%8E%E4%B9%A1%E5%BB%BA%E8%AE%BE%E7%AE%A1%E7%90%86%E5%A7%94%E5%91%98%E4%BC%9A%E5%85%B3%E4%BA%8E%E6%89%B9%E5%87%86%E3%80%8A%E8%BD%A8%E9%81%93%E4%BA%A4%E9%80%9A%E5%8F%8A%E9%9A%A7%E9%81%93%E5%B7%A5%E7%A8%8B%E6%B7%B7%E5%87%9D%E5%9C%9F%E7%BB%93%E6%9E%84%E8%80%90%E4%B9%85%E6%80%A7%E8%AE%BE%E8%AE%A1%E6%96%BD%E5%B7%A5%E6%8A%80%E6%9C%AF%E6%A0%87%E5%87%86%E3%80%8B%E4%B8%BA%E4%B8%8A%E6%B5%B7%E5%B8%82%E5%B7%A5%E7%A8%8B%E5%BB%BA%E8%AE%BE%E8%A7%84%E8%8C%83%E7%9A%84%E9%80%9A%E7%9F%A5.pdf		现行标准栏目已收录/实施 2021-11-01
结构与抗震	基坑工程微变形控制技术标准	DG/TJ08-2364-2021	2021-07-06	沪建标定〔2021〕246 号	上海市住房和城乡建设管理委员会	https://zjw.sh.gov.cn/jsgl/20210706/bcf66f09656e45699e38c7d497bf0df6.html	https://zjw.sh.gov.cn/cmsres/da/da27c996f8ea4ef98b787869dd608d9f/ff7e2b71e196731b8074a95bbe2910ed.pdf		https://zjw.sh.gov.cn/cmsres/ad/adbe45cb07cf42928d95ed6eea2cd391/d18063610dfb05d50c7c8e1104e0c5b5.pdf	现行标准栏目已收录/实施 2021-10-01
结构与抗震	人造山工程技术标准	DG/TJ08-2358-2021	2021-07-06	沪建标定〔2021〕244 号	上海市住房和城乡建设管理委员会	https://zjw.sh.gov.cn/jsgl/20210706/d9e4b0144b474f7caee9c50a9c799b81.html	https://zjw.sh.gov.cn/cmsres/65/6502195e0d86405ebc0b0c562bfb0bcc/afdcef4f6b9885152e0d0c57af8557b6.pdf		https://zjw.sh.gov.cn/cmsres/9f/9fc7faeefc144ebb999832229832b0d0/c86b15ea16b37aa895d9bdab0d360d69.pdf	现行标准栏目已收录/实施 2021-09-01
绿色建筑与节能	绿色建材评价通用标准（第二册）	DG/TJ08-2352-2021	2021-07-06	沪建标定〔2021〕245 号	上海市住房和城乡建设管理委员会	https://zjw.sh.gov.cn/jsgl/20210706/aa3d8ced291849b591819616affdfe31.html	https://zjw.sh.gov.cn/cmsres/57/5750f7243055414ba4830999730643cb/ca0573212a8567f33f336d50b90b9302.pdf		https://zjw.sh.gov.cn/cmsres/ef/ef99e6f12e264725a43edc82b1d70a8e/1174d1cccd90a165a410040537c27ce4.pdf	现行标准栏目已收录/实施 2021-09-01
装配式与外围护	装配整体式混凝土结构工程监理标准	DG/TJ08-2360-2021	2021-07-06	沪建标定〔2021〕299 号	上海市住房和城乡建设管理委员会	https://zjw.sh.gov.cn/jsgl/20210706/03c0db6097954d099b4e0132791ea38c.html	https://zjw.sh.gov.cn/cmsres/61/6122e3795f0e48f3a9aadd3446804174/db6823fbb85b6895a726585e8c719e1a.pdf		https://zjw.sh.gov.cn/cmsres/a1/a19d2acce9904ca48ddb839089a9b669/57c3e66fe01fd889e3f8eb9d9b947ae6.pdf	现行标准栏目已收录/实施 2021-10-01
市政与道路	钢桥面铺装工程应用技术标准	DG/TJ08-2353-2020	2021-07-01	沪建标定〔2021〕183 号	上海市住房和城乡建设管理委员会	https://zjw.sh.gov.cn/jsgl/20210701/1a1a6feeb49c4ce49c673009a80e8c5e.html	https://zjw.sh.gov.cn/cmsres/ff/ff2f81bb6eb5476aa854f4ee636cb059/6dc36b93c04e3c5ea3e985a89985ef94.pdf		https://zjw.sh.gov.cn/cmsres/32/32757f5a6f0347dbb588f71da5c6e7e2/4312086855b65a6cb1ffb786009aa2f4.pdf	现行标准栏目已收录/实施 2021-09-01
市政与道路	桥梁顶升施工技术标准		2021-07-01	沪建标定〔2021〕182 号	上海市住房和城乡建设管理委员会	https://zjw.sh.gov.cn/jsgl/20210701/c2be611411844d2eba6daf394d3fae49.html			https://zjw.sh.gov.cn/cmsres/da/dab022bb25304a9e90393a9651b51691/6ee052b61c7ca17fdbc36bf0d1ca768c.pdf	新批准，现行标准栏目未收录
装配式与外围护	外墙保温系统及材料应用统一技术规定（暂行）		2021-07-01	沪建建材〔2021〕113 号	上海市住房和城乡建设管理委员会	https://zjw.sh.gov.cn/jsgl/20210701/661436f1be02428a9707580e8065f045.html			https://zjw.sh.gov.cn/cmsres/b0/b05ad55a273e40018f0c033a6b5dc9c1/b832225b04dfe0764367b0cb4794117a.pdf	新批准，现行标准栏目未收录
市政与道路	综合杆设施技术标准	DG/TJ08-2362-2021	2021-06-28	沪建标定〔2021〕83 号	上海市住房和城乡建设管理委员会	https://zjw.sh.gov.cn/jsgl/20210628/7aebc86490554ecf8687dad519509496.html	https://zjw.sh.gov.cn/cmsres/de/deaa94199cfc40d5b8f7ee015cf5a467/bb3bbffe1d839012e700ed95cfb9974c.pdf		https://zjw.sh.gov.cn/cmsres/64/64f3ea5a2b7d4f4c83e7ccb1d51bd4aa/eff75de2036ca33b20d6515622145315.pdf	现行标准栏目已收录/实施 2021-08-01
市政与道路	城市综合交通规划技术标准	DG/TJ08-2039-2021	2021-06-28	沪建标定〔2021〕9 号	上海市住房和城乡建设管理委员会	https://zjw.sh.gov.cn/jsgl/20210628/294b270e2e96441ebcb4421a0127616b.html	https://zjw.sh.gov.cn/cmsres/b6/b6b723acf90044568764eeb74373dded/fc2cbb6b99a716d4c3ce1f85730b83ac.pdf		https://zjw.sh.gov.cn/cmsres/7a/7a0666c12ad947f897be5f367d4ec04b/8f71a99d83d50f41c2866742a1f17ab1.pdf	现行标准栏目已收录/实施 2021-07-01
建筑与住区	建筑工程装饰抹灰技术标准	DG/TJ08-2357-2021	2021-06-28	沪建标定〔2021〕88 号	上海市住房和城乡建设管理委员会	https://zjw.sh.gov.cn/jsgl/20210628/d58e31b6a0674ebd852987a7014f0252.html	https://zjw.sh.gov.cn/cmsres/12/12e601de11dd4d06b5a024c54dc46bcb/a2256a8cdf046f2e10f1afbae918057c.pdf		https://zjw.sh.gov.cn/cmsres/9b/9b3949f1de854b94a6eaf2cd039d2b86/de8e0ab7bfdaef1d6dba4671ae77d4f3.pdf	现行标准栏目已收录/实施 2021-08-01
建筑与住区	建筑起重机械安全检验与评估标准	DG/TJ08-2080-2021	2021-06-28	沪建标定〔2021〕86 号	上海市住房和城乡建设管理委员会	https://zjw.sh.gov.cn/jsgl/20210628/5d0c6a0b2e2c455fa82809bd187f942a.html	https://zjw.sh.gov.cn/cmsres/f4/f436c2c3c8104717bc2e45a30270247c/244b0dbeee97347ee3defa84aeb88a04.pdf		https://zjw.sh.gov.cn/cmsres/a4/a44972e4a26b408daea8f5d1fb32de6b/f590a75322d80dd5cf076312a564599f.pdf	现行标准栏目已收录/实施 2021-08-01
建筑与住区	内河航道工程设计标准	DG/TJ08-2116-2020	2021-06-28	沪建标定〔2021〕84 号	上海市住房和城乡建设管理委员会	https://zjw.sh.gov.cn/jsgl/20210628/c949de7859c3460daf3137b75d0c629a.html	https://zjw.sh.gov.cn/cmsres/1f/1f0b1469e1d44cefa91c3f363148c11f/99f96ef0f117349899ebbb6f555d1db4.pdf		https://zjw.sh.gov.cn/cmsres/a5/a5c359cc93014b649f980e5d52be5c39/83af09c3358ff3bbc572b0386019e63a.pdf	现行标准栏目已收录/实施 2021-08-01
建筑与住区	住宅建筑绿色设计标准	DGJ08-2139-2021	2021-06-28	沪建标定〔2021〕63 号	上海市住房和城乡建设管理委员会	https://zjw.sh.gov.cn/jsgl/20210628/071b9c361065447d94bfa1a824b0b749.html	https://zjw.sh.gov.cn/cmsres/f3/f393b7748b084324aa98ec37a68c423d/12894cd15fc07589507a6b6450115fb8.pdf		https://zjw.sh.gov.cn/cmsres/b4/b4e1ec394a974d5f80dcc4c0de2146d0/31277b146280b9c4137c556d35ba9c4b.pdf	现行标准栏目已收录/实施 2021-06-01
建筑与住区	公共建筑绿色设计标准	DGJ08-2143-2021	2021-06-28	沪建标定〔2021〕62 号	上海市住房和城乡建设管理委员会	https://zjw.sh.gov.cn/jsgl/20210628/469d7bb981434dc18885f117116cb2b6.html	https://zjw.sh.gov.cn/cmsres/fd/fd2c40e843e1417f8cad4134754dcd7e/e5abd7ff3043946324c0ce84654a6dc1.pdf		https://zjw.sh.gov.cn/cmsres/99/9926324bc4cb4e2388b302e3e63ac525/a053ab3d77a0c3cf95df40a4105d40d3.pdf	现行标准栏目已收录/实施 2021-06-01
建筑与住区	上海市保障性住房（共有产权保障住房和征收安置房）施工图设计文件技术审查要点		2021-06-28	沪建质安〔2021〕8 号	上海市住房和城乡建设管理委员会	https://zjw.sh.gov.cn/jsgl/20210628/75c23c78d2194fe5b3478d4a34fbdd22.html			https://zjw.sh.gov.cn/cmsres/d2/d286997293424e36a62517d994667f0d/4b687a67a7ba0226c43278a13c347aea.pdf	新批准，现行标准栏目未收录
改造与历史建筑	现有建筑抗震鉴定与加固标准	DGJ08-81-2021	2021-06-28	沪建标定〔2021〕80 号	上海市住房和城乡建设管理委员会	https://zjw.sh.gov.cn/jsgl/20210628/83118d5b004b45b2af818e03843a8503.html	https://zjw.sh.gov.cn/cmsres/70/70c1a5c3608141f7b12e22dda36f702a/0eb4335ec853a054ba763ada4704072e.pdf		https://zjw.sh.gov.cn/cmsres/52/5259fbc712024ada8c12d92646ff73eb/335b67a27fd218ab6e0bc626d961658e.pdf	现行标准栏目已收录/实施 2021-08-01
施工与质量安全	假山叠石工程施工标准	DG/TJ08-211-2020	2021-06-28	沪建标定〔2021〕81 号	上海市住房和城乡建设管理委员会	https://zjw.sh.gov.cn/jsgl/20210628/e9c6b59bb8c9436ea6c8b6843f7ed016.html	https://zjw.sh.gov.cn/cmsres/e8/e88dc61af5674aeeb61c01738fe3f12e/8a4bf276738f5043a000fdabbecc2c41.pdf		https://zjw.sh.gov.cn/cmsres/93/939810950bf54a83932dbc30098ecac3/d132c762d1adddc3c52446cfdbfd6ba1.pdf	现行标准栏目已收录/实施 2021-08-01
水务与海绵	城镇污水深度处理反硝化砂滤池技术标准	DG/TJ08-2351-2021	2021-06-28	沪建标定〔2021〕89 号	上海市住房和城乡建设管理委员会	https://zjw.sh.gov.cn/jsgl/20210628/30d53d510e764eaaaf99764ff830cb85.html	https://zjw.sh.gov.cn/cmsres/26/26350fb5149f45d289c5e770563dcd37/fc5c15803050214f9f404dbe8ec88531.pdf		https://zjw.sh.gov.cn/cmsres/d3/d3a6966ce17a474380710ef4a8b8f379/a987b03ed6b304993b647421f3b2055f.pdf	现行标准栏目已收录/实施 2021-08-01
消防与人防	大型物流建筑消防设计标准	DG/TJ08-2343-2020	2021-06-28	沪建标定〔2021〕66 号	上海市住房和城乡建设管理委员会	https://zjw.sh.gov.cn/jsgl/20210628/404ff595a10a4f7597a7959812972c28.html	https://zjw.sh.gov.cn/cmsres/c0/c027665a23a24cf3a2ca4700b97c4062/95a6e6af71d970d4a218d96e2cb0771b.pdf		https://zjw.sh.gov.cn/cmsres/18/18a455e2cfb942ad83e7583147547ae0/b28edabf7ff1cd0d85ac6937bea05539.pdf	现行标准栏目已收录/实施 2021-07-01
消防与人防	人民防空警报设施专用房图集		2021-06-28	沪建标定〔2021〕33 号	上海市住房和城乡建设管理委员会	https://zjw.sh.gov.cn/jsgl/20210628/d7c7328d7e81416f87dbdbf71c715936.html			https://zjw.sh.gov.cn/cmsres/fa/fa9ac42c5f5d431db09dca05d16793b4/a33b57666b8f586124775637a0352c4c.pdf	新批准，现行标准栏目未收录
结构与抗震	大跨度建筑空间结构抗连续倒塌设计标准	DG/TJ08-2350-2021	2021-06-28	沪建标定〔2021〕11 号	上海市住房和城乡建设管理委员会	https://zjw.sh.gov.cn/jsgl/20210628/fdf729bb5c2a44cf9f9fdee67ede1260.html	https://zjw.sh.gov.cn/cmsres/37/37ae0e21afef46b68a1ea1212a93f5e2/24d3a2a3507a7e499531e79cfab7b0c6.pdf		https://zjw.sh.gov.cn/cmsres/c6/c691233e1f2f4316a7a8e254c9097c79/ad8c9bc61e5c920717a07c5a9088ba0c.pdf	现行标准栏目已收录/实施 2021-07-01
绿色建筑与节能	公共建筑绿色及节能工程智能化技术标准	DG/TJ08-2040-2021	2021-06-28	沪建标定〔2021〕82 号	上海市住房和城乡建设管理委员会	https://zjw.sh.gov.cn/jsgl/20210628/0b2a80b23cd9416e99251067455de03b.html	https://zjw.sh.gov.cn/cmsres/70/70ca03ac464c4de3bb12d5f4c1dddfac/5e3c2f581dbf5fd21c1461aa3ed87945.pdf		https://zjw.sh.gov.cn/cmsres/1e/1e9b213292e9471e9c654211b7e967c2/0aa33e0bf549fe2d98bd3fa9e22a41e4.pdf	现行标准栏目已收录/实施 2021-08-01
绿色建筑与节能	数据中心节能技术应用标准	DG/TJ08-2347-2021	2021-06-28	沪建标定〔2021〕2 号	上海市住房和城乡建设管理委员会	https://zjw.sh.gov.cn/jsgl/20210628/4fcc28b3f9e1425eb08ab357e052bffe.html	https://zjw.sh.gov.cn/cmsres/c1/c186dc6e5e66464481d7cdfc03d8537c/56c6aaf92f616672154fc1367e9ffc48.pdf		https://zjw.sh.gov.cn/cmsres/38/38fd7c0d7bf24e879ca11e3d14f23556/692cd24ada638b6952aa5e38e153ea31.pdf	现行标准栏目已收录/实施 2021-07-01
规划与不动产	土地整治生态工程规划设计标准	DG/TJ08-2344-2020	2021-06-28	沪建标定〔2021〕4 号	上海市住房和城乡建设管理委员会	https://zjw.sh.gov.cn/jsgl/20210628/ec95aeb9cf904a3592a1dc83ba6fb702.html	https://zjw.sh.gov.cn/cmsres/01/0156735585c24218ad18769dc8d048a6/49d83f610372c1529f7e84fa06184e9b.pdf		https://zjw.sh.gov.cn/cmsres/74/7467d698ca5d4cf19a6c473d41ab38ee/a3349b29f7749fb3e1e180c2cff215be.pdf	现行标准栏目已收录/实施 2021-06-01
设备与智能化	燃气管道设施标识应用图集	DG/TJ08-2012-2018	2021-06-28	沪建标定〔2021〕91 号	上海市住房和城乡建设管理委员会	https://zjw.sh.gov.cn/jsgl/20210628/aaa9ed208b134d7dbbf9eeb3cb807a44.html	https://zjw.sh.gov.cn/cmsres/3f/3f0348b0c8ea44b194513a424a277e35/0458457391beabb91bb60eab82188a51.pdf		https://zjw.sh.gov.cn/cmsres/b7/b7dd020f0fa049cb87d49c95ab9de0b0/f0e89c96e838b2352a507e2f1ed56cc8.pdf	现行标准栏目已收录/实施 2018-10-01
设备与智能化	城市轨道交通机电设备安装工程质量验收标准	DG/TJ08-2005-2023	2021-06-28	沪建标定〔2021〕87 号	上海市住房和城乡建设管理委员会	https://zjw.sh.gov.cn/jsgl/20210628/999c6c085e454917921feaacd6453790.html	https://zjw.sh.gov.cn/cmsres/d1/d1ef616ddbd243c9a4de1b914c1b031c/2767b947cf4bafb5d0a68b5ce21255d8.pdf		https://zjw.sh.gov.cn/cmsres/72/727253944fe74c3f848750f46c5629b2/a7d46da81f2e813a730492402c464a4d.pdf	现行标准栏目已收录/实施 2021-08-01
轨道交通与地下工程	地铁盾构法隧道施工技术标准	DG/TJ08-2041-2021	2021-06-28	沪建标定〔2021〕10 号	上海市住房和城乡建设管理委员会	https://zjw.sh.gov.cn/jsgl/20210628/6f2a69b5b59e4cfa9ec2801cc5181fe3.html	https://zjw.sh.gov.cn/cmsres/5a/5aa7c900bcce40b19f9039ebd24c8524/bc682f5638d105df1d9ff38be049679e.pdf		https://zjw.sh.gov.cn/cmsres/7f/7f81af4ee05d47ec8fa7b7c75ee13ea8/d89b412dd138a4a34bda5d30e463354f.pdf	现行标准栏目已收录/实施 2021-07-01
轨道交通与地下工程	轨道交通轨道精测网技术标准	DG/TJ08-2333-2020	2021-06-28	沪建标定〔2021〕1 号	上海市住房和城乡建设管理委员会	https://zjw.sh.gov.cn/jsgl/20210628/a52dedb1914842d18f520780dee16824.html	https://zjw.sh.gov.cn/cmsres/3e/3e13bd28a0374459a26cd615b874daec/d1f4bbb67170cb3a6d996e55842b40e0.pdf		https://zjw.sh.gov.cn/cmsres/60/601d7c5bee1b488ba3c4a5bbbb9aeb89/f80d4afa32231ecc663d24def9405748.pdf	现行标准栏目已收录/实施 2021-06-01
勘察与测绘	地面沉降监测与防治技术标准	DG/TJ08-2051-2008	2021-05-31	沪建标定〔2021〕338号	上海市住房和城乡建设管理委员会	https://www.shanghai.gov.cn/zhengce/detail?businessId=ca4fd6c81e7549fe822a5055ac63bdd7&siteId=0011	https://zjw.sh.gov.cn/shsd/userfiles/212地面沉降监测与防治技术规程.pdf	https://www.shanghai.gov.cn/gwk/resource/file?pathname=2/0011/59/59bde9d4f95f4cc1bab8cfe815c7e3c5/b7a851c7535a618a65f361e514d86809.pdf&filename=%E4%B8%8A%E6%B5%B7%E5%B8%82%E4%BD%8F%E6%88%BF%E5%92%8C%E5%9F%8E%E4%B9%A1%E5%BB%BA%E8%AE%BE%E7%AE%A1%E7%90%86%E5%A7%94%E5%91%98%E4%BC%9A%E5%85%B3%E4%BA%8E%E6%89%B9%E5%87%86%E3%80%8A%E5%9C%B0%E9%9D%A2%E6%B2%89%E9%99%8D%E7%9B%91%E6%B5%8B%E4%B8%8E%E9%98%B2%E6%B2%BB%E6%8A%80%E6%9C%AF%E6%A0%87%E5%87%86%E3%80%8B%E4%B8%BA%E4%B8%8A%E6%B5%B7%E5%B8%82%E5%B7%A5%E7%A8%8B%E5%BB%BA%E8%AE%BE%E8%A7%84%E8%8C%83%E7%9A%84%E9%80%9A%E7%9F%A5.pdf		现行标准栏目已收录/实施 2009-04-01
建筑与住区	餐饮单位清洁设计技术标准	DG/TJ08-110-2021	2021-05-31	沪建标定〔2021〕331号	上海市住房和城乡建设管理委员会	https://www.shanghai.gov.cn/zhengce/detail?businessId=6558abe9ada94f838dd59e72b724c1ed&siteId=0011	https://zjw.sh.gov.cn/cmsres/7a/7a0fd29a95514ec5a9e99be9fa0db634/6cdc53b6a210cd058e06e86c7079053b.pdf	https://www.shanghai.gov.cn/gwk/resource/file?pathname=2/0011/e8/e8b703806ad840e1bbdbaa2ad47d3a9f/c595b015ce35a2acdfcceb23c4e9643e.pdf&filename=%E4%B8%8A%E6%B5%B7%E5%B8%82%E4%BD%8F%E6%88%BF%E5%92%8C%E5%9F%8E%E4%B9%A1%E5%BB%BA%E8%AE%BE%E7%AE%A1%E7%90%86%E5%A7%94%E5%91%98%E4%BC%9A%E5%85%B3%E4%BA%8E%E6%89%B9%E5%87%86%E3%80%8A%E9%A4%90%E9%A5%AE%E5%8D%95%E4%BD%8D%E6%B8%85%E6%B4%81%E8%AE%BE%E8%AE%A1%E6%8A%80%E6%9C%AF%E6%A0%87%E5%87%86%E3%80%8B%E4%B8%BA%E4%B8%8A%E6%B5%B7%E5%B8%82%E5%B7%A5%E7%A8%8B%E5%BB%BA%E8%AE%BE%E8%A7%84%E8%8C%83%E7%9A%84%E9%80%9A%E7%9F%A5.pdf		现行标准栏目已收录/实施 2021-11-01
改造与历史建筑	既有建筑外立面整治设计标准	DG/TJ08-2367-2021	2021-05-31	沪建标定〔2021〕335号	上海市住房和城乡建设管理委员会	https://www.shanghai.gov.cn/zhengce/detail?businessId=3d979b039e6a4782820a47c16cc22e43&siteId=0011	https://zjw.sh.gov.cn/cmsres/cf/cf25edbf08a54f77aed9303c53d78818/5ceb9f6b0e8ee38b1db84714fb60f36a.pdf	https://www.shanghai.gov.cn/gwk/resource/file?pathname=2/0011/6e/6e46f6cd10a8466faf06203ff0714313/18705cdcdbed85d8b82032f99afb59f5.pdf&filename=%E4%B8%8A%E6%B5%B7%E5%B8%82%E4%BD%8F%E6%88%BF%E5%92%8C%E5%9F%8E%E4%B9%A1%E5%BB%BA%E8%AE%BE%E7%AE%A1%E7%90%86%E5%A7%94%E5%91%98%E4%BC%9A%E5%85%B3%E4%BA%8E%E6%89%B9%E5%87%86%E3%80%8A%E6%97%A2%E6%9C%89%E5%BB%BA%E7%AD%91%E5%A4%96%E7%AB%8B%E9%9D%A2%E6%95%B4%E6%B2%BB%E8%AE%BE%E8%AE%A1%E6%A0%87%E5%87%86%E3%80%8B%E4%B8%BA%E4%B8%8A%E6%B5%B7%E5%B8%82%E5%B7%A5%E7%A8%8B%E5%BB%BA%E8%AE%BE%E8%A7%84%E8%8C%83%E7%9A%84%E9%80%9A%E7%9F%A5.pdf		现行标准栏目已收录/实施 2021-11-01
水务与海绵	海绵城市设施施工验收与运行维护标准	DG/TJ08-2370-2021	2021-05-31	沪建标定〔2021〕334号	上海市住房和城乡建设管理委员会	https://www.shanghai.gov.cn/zhengce/detail?businessId=9bd835ced61f45589fe45b000dbd996f&siteId=0011	https://zjw.sh.gov.cn/cmsres/80/80826f3a76ab4b02b8a2c564c90164a7/c08cb9ac30da3b2db3c4b329303366d7.pdf	https://www.shanghai.gov.cn/gwk/resource/file?pathname=2/0011/e3/e39b747aa9534fcf9c69ca6738c17245/67f202ba4edbe4e210deaeff63892793.pdf&filename=%E4%B8%8A%E6%B5%B7%E5%B8%82%E4%BD%8F%E6%88%BF%E5%92%8C%E5%9F%8E%E4%B9%A1%E5%BB%BA%E8%AE%BE%E7%AE%A1%E7%90%86%E5%A7%94%E5%91%98%E4%BC%9A%E5%85%B3%E4%BA%8E%E6%89%B9%E5%87%86%E3%80%8A%E6%B5%B7%E7%BB%B5%E5%9F%8E%E5%B8%82%E8%AE%BE%E6%96%BD%E6%96%BD%E5%B7%A5%E9%AA%8C%E6%94%B6%E4%B8%8E%E8%BF%90%E8%A1%8C%E7%BB%B4%E6%8A%A4%E6%A0%87%E5%87%86%E3%80%8B%E4%B8%BA%E4%B8%8A%E6%B5%B7%E5%B8%82%E5%B7%A5%E7%A8%8B%E5%BB%BA%E8%AE%BE%E8%A7%84%E8%8C%83%E7%9A%84%E9%80%9A%E7%9F%A5.pdf		现行标准栏目已收录/实施 2021-11-01
结构与抗震	多高层钢结构住宅技术标准	DG/TJ08-2029-2021	2021-05-31	沪建标定〔2021〕332号	上海市住房和城乡建设管理委员会	https://www.shanghai.gov.cn/zhengce/detail?businessId=e3387b05109c4fb581224542e0a0390b&siteId=0011	https://zjw.sh.gov.cn/cmsres/f6/f640dd264cae40b3a0ef2dcf0b09d2da/aef768257b850cd075073ca76fa53729.pdf	https://www.shanghai.gov.cn/gwk/resource/file?pathname=2/0011/d4/d48550bcd9064e0e8c6f15364857c774/59e0a3d030579a9dfa64b0fc11a02bb8.pdf&filename=%E4%B8%8A%E6%B5%B7%E5%B8%82%E4%BD%8F%E6%88%BF%E5%92%8C%E5%9F%8E%E4%B9%A1%E5%BB%BA%E8%AE%BE%E7%AE%A1%E7%90%86%E5%A7%94%E5%91%98%E4%BC%9A%E5%85%B3%E4%BA%8E%E6%89%B9%E5%87%86%E3%80%8A%E5%A4%9A%E9%AB%98%E5%B1%82%E9%92%A2%E7%BB%93%E6%9E%84%E4%BD%8F%E5%AE%85%E6%8A%80%E6%9C%AF%E6%A0%87%E5%87%86%E3%80%8B%E4%B8%BA%E4%B8%8A%E6%B5%B7%E5%B8%82%E5%B7%A5%E7%A8%8B%E5%BB%BA%E8%AE%BE%E8%A7%84%E8%8C%83%E7%9A%84%E9%80%9A%E7%9F%A5.pdf		现行标准栏目已收录/实施 2021-11-01
装配式与外围护	保温装饰复合板墙体保温系统应用技术标准	DG/TJ08-2122-2021	2021-05-31	沪建标定〔2021〕333号	上海市住房和城乡建设管理委员会	https://www.shanghai.gov.cn/zhengce/detail?businessId=29cd2c013c8c425a8f495b75ca2af55c&siteId=0011	https://zjw.sh.gov.cn/cmsres/57/5718f26de91c4890b12547eb2ee5da08/25228f97a5522c6f78474db5b3071c80.pdf	https://www.shanghai.gov.cn/gwk/resource/file?pathname=2/0011/39/3992db467e5441e4b4a2e4c27633a271/e277d2959fc1b393f68680865288e6d0.pdf&filename=%E4%B8%8A%E6%B5%B7%E5%B8%82%E4%BD%8F%E6%88%BF%E5%92%8C%E5%9F%8E%E4%B9%A1%E5%BB%BA%E8%AE%BE%E7%AE%A1%E7%90%86%E5%A7%94%E5%91%98%E4%BC%9A%E5%85%B3%E4%BA%8E%E6%89%B9%E5%87%86%E3%80%8A%E4%BF%9D%E6%B8%A9%E8%A3%85%E9%A5%B0%E5%A4%8D%E5%90%88%E6%9D%BF%E5%A2%99%E4%BD%93%E4%BF%9D%E6%B8%A9%E7%B3%BB%E7%BB%9F%E5%BA%94%E7%94%A8%E6%8A%80%E6%9C%AF%E6%A0%87%E5%87%86%E3%80%8B%E4%B8%BA%E4%B8%8A%E6%B5%B7%E5%B8%82%E5%B7%A5%E7%A8%8B%E5%BB%BA%E8%AE%BE%E8%A7%84%E8%8C%83%E7%9A%84%E9%80%9A%E7%9F%A5.pdf		现行标准栏目已收录/实施 2021-11-01
市政与道路	桥梁顶升施工技术标准		2021-04-15	沪建标定〔2021〕182 号	上海市住房和城乡建设管理委员会	https://zjw.sh.gov.cn/jsgl/20210415/69f795279a7b4563a1e0963cfaec3faf.html			https://zjw.sh.gov.cn/cmsres/34/3473f17ca1c34e64b3f4325f142f3572/6ee052b61c7ca17fdbc36bf0d1ca768c.pdf	新批准，现行标准栏目未收录
市政与道路	钢桥面铺装工程应用技术标准	DG/TJ08-2353-2020	2021-04-15	沪建标定〔2021〕183 号	上海市住房和城乡建设管理委员会	https://zjw.sh.gov.cn/jsgl/20210415/7647f7357f2d4f96bab0439adaf55a8a.html	https://zjw.sh.gov.cn/cmsres/ff/ff2f81bb6eb5476aa854f4ee636cb059/6dc36b93c04e3c5ea3e985a89985ef94.pdf		https://zjw.sh.gov.cn/cmsres/6e/6e1913c881d3443db7726ba1100a9cc2/4312086855b65a6cb1ffb786009aa2f4.pdf	现行标准栏目已收录/实施 2021-09-01
建筑与住区	全装修住宅室内装修设计标准	DG/TJ08-2178-2021	2021-04-15	沪建标定〔2021〕229 号	上海市住房和城乡建设管理委员会	https://zjw.sh.gov.cn/jsgl/20210415/dbd4ad07eaed42309f6b926f624f8da9.html	https://zjw.sh.gov.cn/cmsres/dc/dcc9ba7ed16b4982837fb054b4e1c731/554b47c0aad67ad1687d9fdd9bab7114.pdf		https://zjw.sh.gov.cn/cmsres/3f/3fc02aed609b43f3b56bcbdfa4c92740/1dc267412314a26aee2a58096fb2d5a5.pdf	现行标准栏目已收录/实施 2021-09-01
施工与质量安全	逆作法施工技术标准	DG/TJ08-2113-2021	2021-04-15	沪建标定〔2021〕222 号	上海市住房和城乡建设管理委员会	https://zjw.sh.gov.cn/jsgl/20210415/fac91705cf624165b3f2d47c5e8bd11f.html	https://zjw.sh.gov.cn/cmsres/ec/ec3fdfcbf8b64042beab960de2ebc34b/684de3a6b5bec2bb3db53bf0d5e3be55.pdf		https://zjw.sh.gov.cn/cmsres/2d/2deb1b163a064163b071690fb700c9df/e9508a26113b57db4ce07ae98e81feaa.pdf	现行标准栏目已收录/实施 2021-09-01
消防与人防	建筑防排烟系统设计标准	DG/TJ08-88-2021	2021-04-15	沪建标定〔2021〕228 号	上海市住房和城乡建设管理委员会	https://zjw.sh.gov.cn/jsgl/20210415/ba5d1395a88a468b9db10788bdaff13c.html	https://zjw.sh.gov.cn/cmsres/c5/c560c9556c8f4fa499b5e4d3a60fafbc/011ab52ef7c9d5a9c63fc8eb6a160954.pdf		https://zjw.sh.gov.cn/cmsres/f9/f913728e476748a88b82628ba917117a/7e561024ffce08b5c9e39ff65dd630ae.pdf	现行标准栏目已收录/实施 2021-09-01
设备与智能化	上海市道路照明设施标准图集		2021-04-15	沪建标定〔2021〕224 号	上海市住房和城乡建设管理委员会	https://zjw.sh.gov.cn/jsgl/20210415/00b7409d76e74bfc9ae8a85a269c821e.html			https://zjw.sh.gov.cn/cmsres/04/04aa649864104313915a2db2826cd868/a71c76a2c332fa8c7444fbf8e9b6312a.pdf	新批准，现行标准栏目未收录
装配式与外围护	外墙保温系统及材料应用统一技术规定（暂行）		2021-02-26	沪建建材〔2021〕113 号	上海市住房和城乡建设管理委员会	https://zjw.sh.gov.cn/jsgl/20210226/fafadbf33561417da27658d830186d23.html			https://zjw.sh.gov.cn/cmsres/e5/e58335203f0e474ca9999efc932bb3fc/216c42e21a872dca2857d6beeecd4064.docx	新批准，现行标准栏目未收录
规划与不动产	上海市租赁住房规划建设导则		2020-12-08	沪建房管联〔2020〕483 号	上海市住房和城乡建设管理委员会	https://zjw.sh.gov.cn/fwgl/20201208/33161ea39a58430ab4e88cfd935ee07b.html			https://zjw.sh.gov.cn/cmsres/d8/d80fda9aa2d7425daa9febb1d37223dc/ed807ad160205b9b9e196edf38f5bf7f.docx	新批准，现行标准栏目未收录
轨道交通与地下工程	临港新片区地下空间规划设计导则（试行）		2020-11-11	沪自贸临管委〔2020〕922号	中国（上海）自由贸易试验区临港新片区管理委员会	https://www.shanghai.gov.cn/zhengce/detail?businessId=b88352e4c5524690b688dfbe255e3a16&siteId=0058		https://www.shanghai.gov.cn/gwk/resource/file?pathname=2/0058/d1/d1297d2d54594839b94cbcd74a3a33c1/d4f6c9ade62bc75ea7931dae966cf96d.pdf&filename=%E4%B8%AD%E5%9B%BD%EF%BC%88%E4%B8%8A%E6%B5%B7%EF%BC%89%E8%87%AA%E7%94%B1%E8%B4%B8%E6%98%93%E8%AF%95%E9%AA%8C%E5%8C%BA%E4%B8%B4%E6%B8%AF%E6%96%B0%E7%89%87%E5%8C%BA%E7%AE%A1%E7%90%86%E5%A7%94%E5%91%98%E4%BC%9A%E5%85%B3%E4%BA%8E%E5%8D%B0%E5%8F%91%E3%80%8A%E4%B8%B4%E6%B8%AF%E6%96%B0%E7%89%87%E5%8C%BA%E5%9C%B0%E4%B8%8B%E7%A9%BA%E9%97%B4%E8%A7%84%E5%88%92%E8%AE%BE%E8%AE%A1%E5%AF%BC%E5%88%99%EF%BC%88%E8%AF%95%E8%A1%8C%EF%BC%89%E3%80%8B%E7%9A%84%E9%80%9A%E7%9F%A5.pdf		新批准，现行标准栏目未收录
其他	上海市建设工程采用尚无国家技术标准的新技术、新材料技术论证管理办法		2020-11		上海市住房和城乡建设管理委员会	https://zjw.sh.gov.cn/gfxwj/20201110/fed36604a9c041e5893e34136f12ceac.html				新批准，现行标准栏目未收录
市政与道路	公交场站规划用地及建设标准	DG/TJ08-2057-2020	2020-10-29	沪建标定〔2020〕496 号	上海市住房和城乡建设管理委员会	https://zjw.sh.gov.cn/jsgl/20201029/a82612cbff1c4fc393f5f8b097e29b15.html	https://zjw.sh.gov.cn/cmsres/96/965bbb06a6694548b7ae820fdfffcf88/612ba888251ac27329a4bec17089ba86.pdf			现行标准栏目已收录/实施 2021-03-01
市政与道路	原位利用疏浚泥建设生态护岸技术标准	DG/TJ08-2331-2020	2020-10-29	沪建标定〔2020〕495 号	上海市住房和城乡建设管理委员会	https://zjw.sh.gov.cn/jsgl/20201029/2c1491fee2944a5c94b4003575d85eb8.html	https://zjw.sh.gov.cn/cmsres/3e/3e665929e9bd4bfc8882e17eeaf7ad5a/98c4a4253a0170833e4761be56905f21.pdf			现行标准栏目已收录/实施 2021-03-01
施工与质量安全	建设工程班组安全管理标准	DG/TJ08-2061-2020	2020-10-29	沪建标定〔2020〕380 号	上海市住房和城乡建设管理委员会	https://zjw.sh.gov.cn/jsgl/20201029/a6e22588c53a4dddbf98c0a27497d5a7.html	https://zjw.sh.gov.cn/cmsres/7f/7fca92d1436642169401d5c45d3eb32d/b79c579d40eadfa4baf203ba30973e2d.pdf			现行标准栏目已收录/实施 2021-02-01
绿色建筑与节能	民用建筑可再生能源综合利用核算标准	DG/TJ08-2329-2020	2020-10-29	沪建标定〔2020〕487 号	上海市住房和城乡建设管理委员会	https://zjw.sh.gov.cn/jsgl/20201029/51f8eec181b243ff8d575f6e41cf6e1c.html	https://zjw.sh.gov.cn/cmsres/02/025d43da7b76476d8f166e1cc7af49be/418d6536fcef9ed31242b3e70262b325.pdf			现行标准栏目已收录/实施 2021-03-01
设备与智能化	玻璃纤维增强塑料夹砂排水管道工程施工及验收标准	DG/TJ08-234-2020	2020-10-29	沪建标定〔2020〕387 号	上海市住房和城乡建设管理委员会	https://zjw.sh.gov.cn/jsgl/20201029/7e1e81bec4fd4848982578f89a24229a.html	https://zjw.sh.gov.cn/cmsres/68/6804243f399640f08136bd0bee26912f/dbb33ad3219829b9b3c78f13a70db990.pdf			现行标准栏目已收录/实施 2021-01-01
轨道交通与地下工程	轨道交通规划设计标准	DG/TJ08-2325-2020	2020-10-29	沪建标定〔2020〕497 号	上海市住房和城乡建设管理委员会	https://zjw.sh.gov.cn/jsgl/20201029/6dca86ff5afa486386d40ca578ecbd65.html	https://zjw.sh.gov.cn/cmsres/e5/e516387c96b54037afc701470285346f/0c35b8e1900a43cde15bed20fc21b169.pdf			现行标准栏目已收录/实施 2021-03-01
轨道交通与地下工程	地下工程橡胶防水材料成品检测及工程应用验收标准	DG/TJ08-2132-2020	2020-10-29	沪建标定〔2020〕478 号	上海市住房和城乡建设管理委员会	https://zjw.sh.gov.cn/jsgl/20201029/49226809ed0d4a5eb5c7a2019d0db5c4.html	https://zjw.sh.gov.cn/cmsres/6e/6e16dbbdc38b4ee89d8818950d8c2d0f/03d3c65e8b870b3610b9079e394b1adf.pdf			现行标准栏目已收录/实施 2021-03-01
施工与质量安全	建设工程班组安全管理标准	DG/TJ08-2061-2020	2020-09-11	沪建标定〔2020〕380 号	上海市住房和城乡建设管理委员会	https://zjw.sh.gov.cn/jsgl/20200911/70473a9068d84bf8a8d911afbd296d49.html	https://zjw.sh.gov.cn/cmsres/7f/7fca92d1436642169401d5c45d3eb32d/b79c579d40eadfa4baf203ba30973e2d.pdf			现行标准栏目已收录/实施 2021-02-01
勘察与测绘	地质信息数据标准	DG/TJ08-2320-2020	2020-07-08	沪建标定〔2020〕258 号	上海市住房和城乡建设管理委员会	https://zjw.sh.gov.cn/jsgl/20200708/e4a76121d7824a659eccd4545e0e7cd9.html	https://zjw.sh.gov.cn/cmsres/f9/f963ce96be434c2196b8654d819c4fa6/beec998da519f60aab8c8cc73dbfe4e1.pdf			现行标准栏目已收录/实施 2020-11-01
市政与道路	道路视频监控信息系统联网技术标准	DG/TJ08-2319-2020	2020-07-08	沪建标定〔2020〕256 号	上海市住房和城乡建设管理委员会	https://zjw.sh.gov.cn/jsgl/20200708/97e1c92a3ac04f7cb3ae9392cc365d40.html	https://zjw.sh.gov.cn/cmsres/9c/9cbcedb3f24c49edb0fd58657e33db7d/67f3aac18874ef9fb6286c00a8897bbf.pdf			现行标准栏目已收录/实施 2020-11-01
市政与道路	彩色路面技术标准	DG/TJ08-2318-2020	2020-06-15	沪建标定〔2020〕209 号	上海市住房和城乡建设管理委员会	https://zjw.sh.gov.cn/jsgl/20200615/30b8db1fcbbe4d06811f7bc4476562c6.html	https://zjw.sh.gov.cn/cmsres/38/38a14994676844198f13a6c8518c3f86/95d8082ca4e504208821b06c9238b391.pdf			现行标准栏目已收录/实施 2020-10-01
建筑与住区	养老设施建筑设计标准	DG/TJ08-82-2020	2020-06-15	沪建标定〔2020〕185 号	上海市住房和城乡建设管理委员会	https://zjw.sh.gov.cn/jsgl/20200615/77d8926ca0e649899e92f2c49c7d6eb5.html	https://zjw.sh.gov.cn/cmsres/2d/2df36620720842649f6fc2ea6c8363a4/a3426086ca29845f2aec787038ddbf7c.pdf			现行标准栏目已收录/实施 2020-09-01
消防与人防	油浸式电力变压器火灾报警与灭火系统技术标准	DG/TJ08-2022-2020	2020-06-15	沪建标定〔2020〕207 号	上海市住房和城乡建设管理委员会	https://zjw.sh.gov.cn/jsgl/20200615/cb1fbb3d705d495497339cbb63b93923.html	https://zjw.sh.gov.cn/cmsres/4e/4eda6a79662a4fb384c6c2a20a0b4c73/45b44445a2cef99996006188609b1f8c.pdf			现行标准栏目已收录/实施 2020-10-01
结构与抗震	混凝土模卡砌块建筑和结构构造		2020-06-15	沪建标定〔2020〕234 号	上海市住房和城乡建设管理委员会	https://zjw.sh.gov.cn/jsgl/20200615/a47fe38a816c4f86b3a1075f81916409.html				新批准，现行标准栏目未收录
结构与抗震	预拌砂浆应用技术标准	DG/TJ08-502-2020	2020-06-15	沪建标定〔2020〕208 号	上海市住房和城乡建设管理委员会	https://zjw.sh.gov.cn/jsgl/20200615/bbfcb6ce30994474ab8e2099c8c706fc.html	https://zjw.sh.gov.cn/cmsres/85/852ddae118eb4d2785aa84a49b87bf82/81b7abe3117b0f2d542618b4ba78bf16.pdf			现行标准栏目已收录/实施 2020-10-01
设备与智能化	地下工程中空层排水及渗漏观察构造		2020-06-15	沪建标定〔2020〕205 号	上海市住房和城乡建设管理委员会	https://zjw.sh.gov.cn/jsgl/20200615/f28bf5ea11f74597b1c5e2c45bfe9259.html				新批准，现行标准栏目未收录
施工与质量安全	建设工程造价指标指数分析标准	DG/TJ08-2135-2020	2020-04-13	沪建标定〔2020〕143 号	上海市住房和城乡建设管理委员会	https://zjw.sh.gov.cn/jsgl/20200413/8b5c152900d4410fb7f54437f2456ca4.html	https://zjw.sh.gov.cn/cmsres/a9/a9b6b6fde2774dd0bfa2d222d163ebfc/ba147f0cea9ae1aafd38f380312b9f86.pdf			现行标准栏目已收录/实施 2020-09-01
结构与抗震	铝合金格构结构技术标准	DG/TJ08-95-2020	2020-04-13	沪建标定〔2020〕136 号	上海市住房和城乡建设管理委员会	https://zjw.sh.gov.cn/jsgl/20200413/694b37dcab1b43648205476db6df81d3.html	https://zjw.sh.gov.cn/cmsres/4e/4ec5c7f8a74b4622aa7260487582a497/f49ee5d97481096f495b29d2b03b0a5d.pdf			现行标准栏目已收录/实施 2020-09-01
绿化与市容	园林绿化工程施工质量验收标准	DG/TJ08-701-2020	2020-04-13	沪建标定〔2020〕145 号	上海市住房和城乡建设管理委员会	https://zjw.sh.gov.cn/jsgl/20200413/b541c6e2197642f4bd88204832656c8c.html	https://zjw.sh.gov.cn/cmsres/12/12230ee675894cc0b6a20fa254f0bf6e/25434355b11f41723696428211220d6f.pdf			现行标准栏目已收录/实施 2020-09-01
绿色建筑与节能	公共建筑能源审计标准	DG/TJ08-2114-2020	2020-04-13	沪建标定〔2020〕142 号	上海市住房和城乡建设管理委员会	https://zjw.sh.gov.cn/jsgl/20200413/de55603b632a41659dc157c54a886ff5.html	https://zjw.sh.gov.cn/cmsres/0a/0ad85125a98c44b39575c5d03dd964ab/7e2981cd395c2208f6b6c4b94c969251.pdf			现行标准栏目已收录/实施 2020-09-01
绿色建筑与节能	太阳能与空气源热泵热水系统应用技术标准	DG/TJ08-2316-2020	2020-04-13	沪建标定〔2020〕140 号	上海市住房和城乡建设管理委员会	https://zjw.sh.gov.cn/jsgl/20200413/e94a819a2e484c72befd0ea24f18867d.html	https://zjw.sh.gov.cn/cmsres/e9/e90288094bf64f7190fa8eb2c9a7ab94/d028ea1a57640d9bc103d7e7a6ed6ea7.pdf			现行标准栏目已收录/实施 2020-09-01
规划与不动产	土地整治项目工程质量验收规范	DG/TJ08-2317-2020	2020-04-13	沪建标定〔2020〕146 号	上海市住房和城乡建设管理委员会	https://zjw.sh.gov.cn/jsgl/20200413/6c5088441b164a69a8b18657f98023b7.html	https://zjw.sh.gov.cn/cmsres/1f/1ffa761689d147e785120d14ca80aa6a/6882c843d51aee1d613233ff51024402.pdf			现行标准栏目已收录/实施 2020-09-01
设备与智能化	建筑同层排水系统应用技术标准	DG/TJ08-2314-2020	2020-04-13	沪建标定〔2020〕144 号	上海市住房和城乡建设管理委员会	https://zjw.sh.gov.cn/jsgl/20200413/44cc0b9801f54d71b051234f32c33192.html	https://zjw.sh.gov.cn/cmsres/e7/e757656ee0764aeab2403dbb9e190ac4/8af604bfc3af1bd19f92f56452022fef.pdf			现行标准栏目已收录/实施 2020-09-01
绿化与市容	上海市行道树悬铃木果毛防控管理技术导则		2020-03-17	沪绿容〔2020〕106号	上海市绿化和市容管理局	https://www.shanghai.gov.cn/zhengce/detail?businessId=0039-3C968351-22A0-49F0-BE90-AD05F5706B7A&siteId=0039		https://www.shanghai.gov.cn/gwk/resource/file?pathname=2/0039/b5/b5f3acdb9ab849f2ad0378c4a92d19e9/816803caec63e32e1f7b81226a2ca3f3.pdf&filename=%E4%B8%8A%E6%B5%B7%E5%B8%82%E7%BB%BF%E5%8C%96%E5%92%8C%E5%B8%82%E5%AE%B9%E7%AE%A1%E7%90%86%E5%B1%80%E5%85%B3%E4%BA%8E%E5%8D%B0%E5%8F%91%E3%80%8A%E4%B8%8A%E6%B5%B7%E5%B8%82%E8%A1%8C%E9%81%93%E6%A0%91%E6%82%AC%E9%93%83%E6%9C%A8%E6%9E%9C%E6%AF%9B%E9%98%B2%E6%8E%A7%E7%AE%A1%E7%90%86%E6%8A%80%E6%9C%AF%E5%AF%BC%E5%88%99%E3%80%8B%E7%9A%84%E9%80%9A%E7%9F%A5.pdf	https://www.shanghai.gov.cn/cmsres/policy_resources/0039-3C968351-22A0-49F0-BE90-AD05F5706B7A/2271c4eaf0084c6abd9684d8da1209da/上海市行道树悬铃木果毛防控管理技术导则.docx	新批准，现行标准栏目未收录
勘察与测绘	城市工程测量标准	DG/TJ08-2312-2019	2020-03-10	沪建标定〔2020〕63 号	上海市住房和城乡建设管理委员会	https://zjw.sh.gov.cn/jsgl/20200310/084014b8b64d49978d76e0f863078f48.html	https://zjw.sh.gov.cn/cmsres/82/82d3d8fd811a4ee195da678355223bf5/8b32929ce131dedb78dfa53d28b234d1.pdf			现行标准栏目已收录/实施 2020-06-01
水务与海绵	海绵城市建设技术标准图集		2020-03-10	沪建标定〔2020〕36 号	上海市住房和城乡建设管理委员会	https://zjw.sh.gov.cn/jsgl/20200310/544e0a7b2bde4092ba2b530989414537.html				新批准，现行标准栏目未收录
结构与抗震	膜结构技术标准	DG/TJ08-97-2019	2020-03-10	沪建标定〔2020〕39 号	上海市住房和城乡建设管理委员会	https://zjw.sh.gov.cn/jsgl/20200310/aba5a22b38374ed18958822d93e12b29.html	https://zjw.sh.gov.cn/cmsres/65/652ddb28eda2461aa9c589abc9d73e3c/863a66c1fe95140a1e667fbce148b599.pdf			现行标准栏目已收录/实施 2020-06-01
结构与抗震	膜结构检测标准	DG/TJ08-2019-2019	2020-03-10	沪建标定〔2020〕37 号	上海市住房和城乡建设管理委员会	https://zjw.sh.gov.cn/jsgl/20200310/3d5be981d98c4416bf29443cdbcd0a7f.html	https://zjw.sh.gov.cn/cmsres/a2/a234d98a9afa4295abb9e86d5c4d8615/89e120360572a4c992f6681a8133791e.pdf			现行标准栏目已收录/实施 2020-06-01
设备与智能化	市政地下空间建筑信息模型应用标准	DG/TJ08-2311-2019	2020-03-10	沪建标定〔2020〕40 号	上海市住房和城乡建设管理委员会	https://zjw.sh.gov.cn/jsgl/20200310/8b5794b1704a401bab651a6c280653d5.html	https://zjw.sh.gov.cn/cmsres/89/892a7fbec53d4dda94d32e43030e79e3/1eb321851e086732ad491a7fb60951d6.pdf			现行标准栏目已收录/实施 2020-06-01
轨道交通与地下工程	城市轨道交通乘客信息系统技术标准	DG/TJ08-2313-2020	2020-03-10	沪建标定〔2020〕38 号	上海市住房和城乡建设管理委员会	https://zjw.sh.gov.cn/jsgl/20200310/3945737ef4bb49bfaa330b8e09542cdb.html	https://zjw.sh.gov.cn/cmsres/86/867e119da7ca4fc4bb613e69c949d270/716c126c554d4e9316622753dfa72e15.pdf			现行标准栏目已收录/实施 2020-07-01
市政与道路	上海市保障性住房（大型居住社区）配套建设管理导则（基地内市政公建配套）（2019 年修订版）		2019-11-08	沪建房管联〔2019〕430 号	上海市住房和城乡建设管理委员会	https://zjw.sh.gov.cn/fwgl/20191108/0011-71446.html			https://zjw.sh.gov.cn/cmsres/27/27879ae077e54bb3a7637ab83d7fa3f5/4bd179f0bc43d2498eff719c87d6da5f.docx	新批准，现行标准栏目未收录
建筑与住区	住宅设计标准	DGJ08-20-2019	2019-11-08	沪建标定〔2019〕615 号	上海市住房和城乡建设管理委员会	https://zjw.sh.gov.cn/jsgl/20191108/0011-71452.html	https://zjw.sh.gov.cn/cmsres/0a/0a2db6d53a7f419ead2ad76584ada1fc/3884665e2cbca772db93c30985f3773f.pdf			现行标准栏目已收录/实施 2022-12-01
改造与历史建筑	房屋修缮工程术语标准	DG/TJ08-2288-2019	2019-11-08	沪建标定〔2019〕626 号	上海市住房和城乡建设管理委员会	https://zjw.sh.gov.cn/jsgl/20191108/0011-71457.html	https://zjw.sh.gov.cn/cmsres/40/406e7e80c4014414a63fc44083c8c366/1d927d5c2a267a1b72c845e60cea4fd9.pdf			现行标准栏目已收录/实施 2020-02-01
结构与抗震	混凝土结构工程施工标准	DG/TJ08-020-2019	2019-11-08	沪建标定〔2019〕沪建标定〔2019〕514号 号	上海市住房和城乡建设管理委员会	https://zjw.sh.gov.cn/jsgl/20191108/0011-71451.html	https://zjw.sh.gov.cn/cmsres/b5/b5a897b883e1449988be97fb14857148/840a94c337d4d432d3feb910ba311e1c.pdf			现行标准栏目已收录/实施 2020-01-01
绿色建筑与节能	崇明世界级生态岛绿色生态城区规划建设导则		2019-11-08	沪建建材〔2019〕661  号	上海市住房和城乡建设管理委员会	https://zjw.sh.gov.cn/csyx/20191108/0011-71448.html			https://zjw.sh.gov.cn/cmsres/2c/2ccae23f65734806a9e717069117dcc3/21da001734b0b197e60e5be34cbf2c24.pdf	新批准，现行标准栏目未收录
装配式与外围护	预拌混凝土和预制混凝土构件生产质量管理标准	DG/TJ08-2034-2019	2019-11-08	沪建标定〔2019〕513 号	上海市住房和城乡建设管理委员会	https://zjw.sh.gov.cn/jsgl/20191108/0011-71450.html	https://zjw.sh.gov.cn/cmsres/05/05fcf08f04d94f0fba0e5878890906ea/b736fb1ad0f59637c8f7d8a78ac27399.pdf			现行标准栏目已收录/实施 2019-12-01
绿化与市容	上海市智慧公厕建设导则（试行）		2019-09-29	沪绿容(2019)373号	上海市绿化和市容管理局	https://lhsr.sh.gov.cn/fzwj/20190929/0039-085A0FB6-50CA-467D-995B-DEBC6071A8E1.html			https://www.shanghai.gov.cn/cmsres/f6/f63988c89eb64616aa84f8fe51334525/27bdaf248eb96c96d3c8915de5d3d20b.docx	新批准，现行标准栏目未收录
市政与道路	市政道路建设及整治工程全要素技术规定		2019-07-18	沪建设施联〔2019〕440号	上海市住房和城乡建设管理委员会	https://www.shanghai.gov.cn/zhengce/detail?businessId=09f145a7201d4176a9a192d9e11597da&siteId=0011		https://www.shanghai.gov.cn/gwk/resource/file?pathname=2/0011/72/725b959f508d46cbae3f268bcf5a9b07/986ed7b3207208fa727a26a1940d740c.pdf&filename=%E5%85%B3%E4%BA%8E%E5%8D%B0%E5%8F%91%E3%80%8A%E5%B8%82%E6%94%BF%E9%81%93%E8%B7%AF%E5%BB%BA%E8%AE%BE%E5%8F%8A%E6%95%B4%E6%B2%BB%E5%B7%A5%E7%A8%8B%E5%85%A8%E8%A6%81%E7%B4%A0%E6%8A%80%E6%9C%AF%E8%A7%84%E5%AE%9A%E3%80%8B%E7%9A%84%E9%80%9A%E7%9F%A5.pdf	https://www.shanghai.gov.cn/cmsres/policy_resources/09f145a7201d4176a9a192d9e11597da/05e88691df4c467f9f396a9678839e5a/《市政道路建设及整治工程全要素技术规定》.doc	新批准，现行标准栏目未收录
建筑与住区	住宅建筑绿色设计标准	DGJ08-2139-2021	2019-02-25	沪建标定〔2019〕67 号	上海市住房和城乡建设管理委员会	https://zjw.sh.gov.cn/jsgl/20190225/0011-57965.html	https://zjw.sh.gov.cn/cmsres/f3/f393b7748b084324aa98ec37a68c423d/12894cd15fc07589507a6b6450115fb8.pdf			现行标准栏目已收录/实施 2021-06-01
建筑与住区	公共建筑绿色设计标准	DGJ08-2143-2021	2019-02-25	沪建标定〔2019〕66 号	上海市住房和城乡建设管理委员会	https://zjw.sh.gov.cn/jsgl/20190225/0011-57964.html	https://zjw.sh.gov.cn/cmsres/fd/fd2c40e843e1417f8cad4134754dcd7e/e5abd7ff3043946324c0ce84654a6dc1.pdf			现行标准栏目已收录/实施 2021-06-01
结构与抗震	地基基础设计标准	DGJ08-11-2018	2019-02-25	沪建标定〔2019〕69 号	上海市住房和城乡建设管理委员会	https://zjw.sh.gov.cn/jsgl/20190225/0011-57967.html	https://zjw.sh.gov.cn/cmsres/61/61ce445b195840b6aecf936275a1dd4d/725ffd47336d7a09823f78f641ada513.pdf			现行标准栏目已收录/实施 2019-08-01
设备与智能化	城镇排水泵站设计标准	DGJ08-22-2018	2019-02-25	沪建标定〔2019〕68 号	上海市住房和城乡建设管理委员会	https://zjw.sh.gov.cn/jsgl/20190225/0011-57966.html	https://zjw.sh.gov.cn/cmsres/67/6720573f7e764cd5b1171a810d9eff9a/99536544e0f15e5fbb8c6920c4988f21.pdf			现行标准栏目已收录/实施 2019-8-1
轨道交通与地下工程	顶管工程设计标准	DG/TJ08-2268-2019	2019-02-25	沪建标定〔2019〕5 号	上海市住房和城乡建设管理委员会	https://zjw.sh.gov.cn/jsgl/20190225/0011-56688.html	https://zjw.sh.gov.cn/cmsres/0b/0b69413443af4722a8ebf1cf33bffb3a/cbcceb69d2cf82c7a076c75618b3ce8e.pdf			现行标准栏目已收录/实施 2019-6-1
轨道交通与地下工程	顶管工程设计标准	DG/TJ08-2268-2019	2019-01-28	沪建标定〔2019〕5 号	上海市住房和城乡建设管理委员会	https://zjw.sh.gov.cn/jsgl/20190128/0011-56224.html	https://zjw.sh.gov.cn/cmsres/0b/0b69413443af4722a8ebf1cf33bffb3a/cbcceb69d2cf82c7a076c75618b3ce8e.pdf			现行标准栏目已收录/实施 2019-6-1
勘察与测绘	岩土工程信息模型技术标准	DG/TJ08-2278-2018	2019-01-14	沪建标定〔2018〕682 号	上海市住房和城乡建设管理委员会	https://zjw.sh.gov.cn/jsgl/20190114/0011-56130.html	https://zjw.sh.gov.cn/cmsres/29/297314a54fa043dcb7c20205a197463a/376a723491ddf3d86831b3a28f6b1abc.pdf			现行标准栏目已收录/实施 2019-03-01
市政与道路	城市道路立体交叉规划与设计标准	DG/TJ08-2283-2018	2019-01-14	沪建标定〔2018〕809 号	上海市住房和城乡建设管理委员会	https://zjw.sh.gov.cn/jsgl/20190114/0011-56120.html	https://zjw.sh.gov.cn/cmsres/e8/e843d2051eb341588b9ace61fe4e3390/f288914a1602e7f4c363b5a04bd8c391.pdf			现行标准栏目已收录/实施 2019-5-1
市政与道路	城市道路和桥梁数据采集标准	DG/TJ08-2284-2018	2019-01-14	沪建标定〔2018〕844 号	上海市住房和城乡建设管理委员会	https://zjw.sh.gov.cn/jsgl/20190114/0011-56113.html	https://zjw.sh.gov.cn/cmsres/f4/f405fe9f31724692b2e21dfc0ddd6b57/7f2ec25e91191219113d8a0d1d4b3075.pdf			现行标准栏目已收录/实施 2019-6-1
建筑与住区	上海市村民住房方案图集		2019-01-14	沪建村镇〔2018〕827 号	上海市住房和城乡建设管理委员会	https://zjw.sh.gov.cn/jsgl/20190114/0011-56114.html				新批准，现行标准栏目未收录
改造与历史建筑	上海市郊野乡村风貌规划设计和建设导则（二）		2019-01-14	沪建村镇〔2018〕827 号	上海市住房和城乡建设管理委员会	https://zjw.sh.gov.cn/jsgl/20190114/0011-56114.html				新批准，现行标准栏目未收录
结构与抗震	建筑索结构技术标准	DG/TJ08-019-2018	2019-01-14	沪建标定〔2018〕813 号	上海市住房和城乡建设管理委员会	https://zjw.sh.gov.cn/jsgl/20190114/0011-56116.html	https://zjw.sh.gov.cn/cmsres/ca/ca2703fe7c1841f1913a1860b8fd9106/c0e3c4c0a1e862ca46a1aac1c6d78214.pdf			现行标准栏目已收录/实施 2019-5-1
结构与抗震	高强混凝土抗压强度无损检测技术标准	DG/TJ08-507-2018	2019-01-14	沪建标定〔2018〕845 号	上海市住房和城乡建设管理委员会	https://zjw.sh.gov.cn/jsgl/20190114/0011-56112.html	https://zjw.sh.gov.cn/cmsres/81/8191b46dc7bc40f998fe6ed2f484451c/f850475a782e1d8b59290c385e7a694d.pdf			现行标准栏目已收录/实施 2019-6-1
结构与抗震	高层建筑钢-混凝土混合结构设计规程	DG/TJ08-015-2018	2019-01-14	沪建标定〔2018〕812 号	上海市住房和城乡建设管理委员会	https://zjw.sh.gov.cn/jsgl/20190114/0011-56117.html	https://zjw.sh.gov.cn/cmsres/a9/a97fda7cb60541109b4ef056db4e50be/61b8587605f40133ff01bb23d9aecc08.pdf			现行标准栏目已收录/实施 2019-5-1
设备与智能化	液化天然气应急储备调峰站设计标准	DG/TJ08-2014-2018	2019-01-14	沪建标定〔2018〕810 号	上海市住房和城乡建设管理委员会	https://zjw.sh.gov.cn/jsgl/20190114/0011-56119.html	https://zjw.sh.gov.cn/cmsres/b9/b9ae9c40895b4697a9dd793e1671732f/3ea914a08f29dbdc8ef1526e8059b341.pdf			现行标准栏目已收录/实施 2019-5-1
设备与智能化	埋地塑料排水管道工程技术标准	DG/TJ08-308-2018	2019-01-14	沪建标定〔2018〕811 号	上海市住房和城乡建设管理委员会	https://zjw.sh.gov.cn/jsgl/20190114/0011-56118.html	https://zjw.sh.gov.cn/cmsres/7a/7afc45b5678742f28d9c4d1b073a9efc/1e2a1671fc036c6d20562b28ea92f500.pdf			现行标准栏目已收录/实施 2019-5-1
水务与海绵	上海市水务设施（厂/站）海绵城市建设技术导则		2018-07-23	沪水务〔2018〕664号	上海市水务局	https://www.shanghai.gov.cn/zhengce/detail?businessId=f04562de51c04e0f87b58fc4864a546d&siteId=0004				新批准，现行标准栏目未收录
绿化与市容	上海市绿道建设导则（试行）		2016-01-04	沪绿容(2016)1号	上海市绿化和市容管理局	https://lhsr.sh.gov.cn/zcfg/20160104/0039-EA9F2B42-264B-4E5C-BBE6-CD2FFA2C44CB.html				新批准，现行标准栏目未收录
绿化与市容	上海市环卫电动机具技术要求		2012-11-29	沪绿容(2012)368号	上海市绿化和市容管理局	https://lhsr.sh.gov.cn/zcfg/20200728/45ca376bfc8b4e89abc6b866fcc56d10.html			https://www.shanghai.gov.cn/warehouse/upload/ck/files/20121214144439921.doc	新批准，现行标准栏目未收录
水务与海绵	上海水面清扫船技术要求		2012-04-12	沪绿容(2012)107号	上海市绿化和市容管理局	https://lhsr.sh.gov.cn/zcfg/20200728/83cef740a3e14c8184032ff3bf26c5cd.html			https://www.shanghai.gov.cn/warehouse/upload/ck/files/20120426144800187.doc	新批准，现行标准栏目未收录
设备与智能化	上海市小型生活垃圾收集压缩站装运设备技术要求		2011-04-13	沪绿容(2011)112号	上海市绿化和市容管理局	https://lhsr.sh.gov.cn/zcfg/20200728/218be9fdc8b342e5a7fa9032e3a92a59.html			https://www.shanghai.gov.cn/Plugins/ueditor_release-ueditor1_4_3_1-utf8-net/net/upload/file/20181204/63679534415048576717552090483013db.doc	新批准，现行标准栏目未收录
